<?xml version="1.0" encoding="UTF-8"?>
<addon
  id="skin.hybrid"
  version="3.0.0"
  name="Hybrid"
  provider-name="Mudislander">
  <requires>
        <import addon="xbmc.gui" version="5.3.0"/>
	<import addon="script.favourites" version="5.0.2"/>
	<import addon="service.skin.widgets" version="0.0.27"/>
	<import addon="script.randomandlastitems" version="2.2.0"/>
  </requires>
 <extension
    point="xbmc.gui.skin"
    debugging="false"
    effectslowdown="0.75">
    <res width="1280" height="720" aspect="16:9" default="true" folder="720p" />
  </extension>
  <extension point="xbmc.addon.metadata">
    <summary lang="be">Hybrid a customizable skin</summary>
    <summary lang="ca">Hybrid una aparença personalitzable</summary>
    <summary lang="da">Hybrid er et tilpasningsvenligt skin</summary>
    <summary lang="de">Hybrid ist ein anpassbarer Skin</summary>
    <summary lang="el">Hybrid, ένα προσαρμόσιμο κέλυφος</summary>
    <summary lang="en">Hybrid a customizable skin</summary>
    <summary lang="en_NZ">Hybrid a customisable skin</summary>
    <summary lang="en_US">Hybrid a customizable skin</summary>
    <summary lang="es">Crear skin personalizado híbrido</summary>
    <summary lang="fr">Hybrid est un thème personalisable</summary>
    <summary lang="fr_CA">Hybride, un habillage personnalisable</summary>
    <summary lang="gl">Hybrid un tema personalizábel</summary>
    <summary lang="hr">Hybrid je prilagodljiva presvlaka</summary>
    <summary lang="hu">A Hybrid testreszabható felszín</summary>
    <summary lang="ko">Hybrid, 사용자 설정 스킨</summary>
    <summary lang="lt">Hybrid teminė išvaizda</summary>
    <summary lang="ms">Hidbrid merupakan kulit boleh suai</summary>
    <summary lang="nl">Hybrid een aanpasbare skin</summary>
    <summary lang="no">Hybrid, et tilpasningsvennlig skall</summary>
    <summary lang="pl">Hybryda, konfigurowalna skóra</summary>
    <summary lang="pt">Hibrido - um tema personalizavel</summary>
    <summary lang="pt_BR">Hybrid uma skin personalizável</summary>
    <summary lang="ru">Hybrid - настраиваемая обложка</summary>
    <summary lang="sv">Hybrid, ett anpassningsbart skal</summary>
    <summary lang="th">Hybrid สกินที่ปรับแต่งได้</summary>
    <summary lang="zh">Hybrid 一套可定制的皮肤</summary>
    <summary lang="zh_TW">Hybrid 一套可客製化的佈景主題</summary>
    <description lang="be">Hybrid is a customizable skin incorporating many of the now popular tweaks, addons and scripts.</description>
    <description lang="ca">Hybrid és una aparença personalitzable que incorpora molts dels ara populars ajustaments, complements i scripts.</description>
    <description lang="da">Hybrid er et tilpasninsvenligt skin, som indarbejder mange af tidens populære tweaks, addons og scripts.</description>
    <description lang="de">Hybrid ist ein anpasserbarer Skin der die beliebten Optimierungen, AddOns und Scripte umfasst.</description>
    <description lang="el">Το Hybrid είναι ένα προσαρμόσιμο κέλυφος που περιλαμβάνει πολλά από τα πλέον δημοφιλή tweaks, πρόσθετα και scripts.</description>
    <description lang="en">Hybrid is a customizable skin incorporating many of the now popular tweaks, addons and scripts.</description>
    <description lang="en_NZ">Hybrid is a customisable skin incorporating many of the now popular tweaks, addons and scripts.</description>
    <description lang="en_US">Hybrid is a customizable skin incorporating many of the now popular tweaks, addons and scripts.</description>
    <description lang="es">Hybrid es un skin personalizable que incorpora muchos de los ajustes, addons y scripts más populares</description>
    <description lang="fr">Hybrid est un thème personalisable incluant de nombreux Add-ons, scripts et améliorations populaires</description>
    <description lang="fr_CA">Hybride est un habillage personnalisable incorporant plusieurs peaufinages, addiciels et scripts.</description>
    <description lang="gl">Hybrid é un tema personalizábel que incorpora moitos dos axustes, complementos e scripts máis populares.</description>
    <description lang="hr">Hybrid je prilagodljiva presvlaka koja uključuje mnoga popularna podešavanja, dodatke i skripte.</description>
    <description lang="hu">A Hybrid testreszabható felszín, sok új finomhangolást, és módosítást tartalmaz a kiegészítők segítségével.</description>
    <description lang="ko">Hybrid는 사용자 설정이 가능한 스킨으로 최신 트윅, 애드온, 스크립트를 지원합니다.</description>
    <description lang="lt">Hybrid yra pritaikyta teminė išvaizda, į kurią įtraukta daugelis populiarių patobulinimų, priedų ir skriptų.</description>
    <description lang="ms">Hybrid merupakan kulit boleh disuai yang gabungkan banyak tweak, tambahan dan skrip yang kini popular.</description>
    <description lang="nl">Hybrid is een aanpasbare skin waarin veel van de nu populaire tweaks, addons en scripts in zijn verwerkt.</description>
    <description lang="no">Hybrid er et tilpasningsvennlig skall som fungerer med mange av de populære tilpasninger, tillegg og skript.</description>
    <description lang="pl">Hybryda to skóra, którą możesz dopasować do własnych potrzeb, zawierająca wiele popularnych usprawnień, dodatków i skryptów.</description>
    <description lang="pt">Híbrido é um tema personalizável que incorpora muitos dos ajustes, add-ons e scripts mais populares.</description>
    <description lang="pt_BR">Hybrid é uma skin personalizável que incorpora muitos tweaks, add-ons e scripts populares.</description>
    <description lang="ru">Hybrid является настраиваемой обложкой, включающей в себя множество новых популярных настроек, дополнений и скриптов.</description>
    <description lang="sv">Hybrid är ett anpassningsbart skal som innehåller många av dom nu populära anpassningarna, tilläggen och skripten.</description>
    <description lang="th">Hybrid เป็นสกินที่ปรับแต่งได้ โดยผสมผสานการปรับแต่งอันหลากหลาย ที่นิยมในขณะนี้, ส้วนเสริม และ สคริปท์.</description>
    <description lang="zh">Hybrid是一套可定制的皮肤具备许多流行的改进，插件和脚本。</description>
    <description lang="zh_TW">Hybridid是一套可客製化的佈景主題，並具備有許多受歡迎的調整項目，附加元件和脚本。</description>
    <disclaimer lang="be">You break it - You get to keep the pieces</disclaimer>
    <disclaimer lang="da">Du smadrer det - Du får lov at beholde stumperne</disclaimer>
    <disclaimer lang="de">Was man kaputt macht darf man behalten</disclaimer>
    <disclaimer lang="el">You break it - You get to keep the pieces</disclaimer>
    <disclaimer lang="en">You break it - You get to keep the pieces</disclaimer>
    <disclaimer lang="en_NZ">You break it - You get to keep the pieces</disclaimer>
    <disclaimer lang="en_US">You break it - You get to keep the pieces</disclaimer>
    <disclaimer lang="es">Tu lo rompes-tu tienes que guardar los trozos</disclaimer>
    <disclaimer lang="fr">Vous le cassez, vous assumez!</disclaimer>
    <disclaimer lang="fr_CA">Vous le brisez - Vous garder les morceaux</disclaimer>
    <disclaimer lang="gl">Rompeuno - Terá que gardar as pezas</disclaimer>
    <disclaimer lang="hr">Razbite ga - I možete zadržati komadiće</disclaimer>
    <disclaimer lang="hu">Állj meg - nyisd ki a gyöngyök ládáját. </disclaimer>
    <disclaimer lang="is">Ef þú brýtur það, þá máttu halda brotunum</disclaimer>
    <disclaimer lang="it">Chi rompe... I cocci sono suoi</disclaimer>
    <disclaimer lang="lt">You break it - You get to keep the pieces</disclaimer>
    <disclaimer lang="ms">Anda leraikannya - Anda perlu kekalkan cebisannya</disclaimer>
    <disclaimer lang="nl">You break it - You get to keep the pieces</disclaimer>
    <disclaimer lang="no">Hvis du ødelegger får du beholde bitene.</disclaimer>
    <disclaimer lang="pl">Zepsułeś - Pozbieraj kawałki</disclaimer>
    <disclaimer lang="pt">Se estragar - Tem de ficar com as peças</disclaimer>
    <disclaimer lang="pt_BR">Se quebrar - Você começa a manter as peças</disclaimer>
    <disclaimer lang="ru">Сломал - сохрани обломки</disclaimer>
    <disclaimer lang="sv">Om du har sönder det - Får du behålla bitarna</disclaimer>
    <disclaimer lang="th">คุณแยกมัน - คุณต้องเก็บส่วนต่างๆไว้</disclaimer>
    <disclaimer lang="zh">自己打破的碎片自己收拾</disclaimer>
    <disclaimer lang="zh_TW">You break it - You get to keep the pieces</disclaimer>
    <platform>all</platform>
  </extension>
</addon>
