<?xml version="1.0" encoding="UTF-8"?>
<includes>
	<include name="MusicArtUnderVisualisation">
		<control type="group">
			<visible>Skin.HasSetting(NoDiffuseVizFanart) | stringcompare(Visualisation.Name,Waveform) | stringcompare(Visualisation.Name,DirectX Spectrum) | stringcompare(Visualisation.Name,OpenGL Spectrum)</visible>
			<visible>!Skin.HasSetting(HideHomeNowPlaying)</visible>
			<control type="multiimage">
				<include>Dimensions_Fullscreen</include>
				<timeperimage>10000</timeperimage>
				<randomize>true</randomize>
				<fadetime>600</fadetime>
				<aspectratio>keep</aspectratio>
				<include condition="!Skin.HasSetting(NoAnimateVizFanart)">KBurnsAnimateFanart</include>
				<imagepath background="true">$INFO[Player.FolderPath,,../extrafanart/]</imagepath>
				<visible>Skin.HasSetting(DisableSlideShowArt) + !IsEmpty(Control.GetLabel(5043))</visible>
			</control>
			<control type="multiimage">
				<include>Dimensions_Fullscreen</include>
				<timeperimage>10000</timeperimage>
				<randomize>true</randomize>
				<fadetime>600</fadetime>
				<aspectratio>keep</aspectratio>
				<include condition="!Skin.HasSetting(NoAnimateVizFanart)">KBurnsAnimateFanart</include>
				<imagepath background="true">$INFO[Skin.String(PhysicalMusicFolder)]$INFO[MusicPlayer.Artist,,/extrafanart/]</imagepath>
				<visible>Skin.HasSetting(DisableSlideShowArt) + IsEmpty(Control.GetLabel(5043))</visible>
			</control>
			<control type="image">
				<description>Fanart Image for Artist</description>
				<include>Dimensions_Fullscreen</include>
				<include condition="!Skin.HasSetting(NoAnimateVizFanart)">KBurnsAnimateFanart</include>
				<texture background="true">$INFO[Player.Art(fanart)]</texture>
				<visible>[!IsEmpty(Player.Art(fanart)) + IsEmpty(Control.GetLabel(5043)) + IsEmpty(Control.GetLabel(5044))] | [!Skin.HasSetting(DisableSlideShowArt) + IsEmpty(Window(Visualisation).Property(ArtworkReady))]</visible>
				<fadetime>600</fadetime>
			</control>
			<control type="multiimage">
				<include>Dimensions_Fullscreen</include>
				<timeperimage>10000</timeperimage>
				<randomize>true</randomize>
				<fadetime>600</fadetime>
				<aspectratio>keep</aspectratio>
				<include condition="!Skin.HasSetting(NoAnimateVizFanart)">KBurnsAnimateFanart</include>
				<imagepath background="true">$INFO[Window(Visualisation).Property(ArtistSlideshow)]</imagepath>
				<visible>!Skin.HasSetting(DisableSlideShowArt) + !IsEmpty(Window(Visualisation).Property(ArtistSlideshow.ArtworkReady))</visible>
			</control>
		</control>
	</include>
	<include name="MusicArtOverVisualisation">
		<control type="group">
			<visible>!Skin.HasSetting(HideHomeNowPlaying) + !Skin.HasSetting(NoDiffuseVizFanart)</visible>
			<visible>!stringcompare(Visualisation.Name,Waveform) + !stringcompare(Visualisation.Name,DirectX Spectrum) + !stringcompare(Visualisation.Name,OpenGL Spectrum)</visible>
			<control type="multiimage">
				<include>Dimensions_Fullscreen</include>
				<timeperimage>10000</timeperimage>
				<randomize>true</randomize>
				<fadetime>600</fadetime>
				<aspectratio>keep</aspectratio>
				<colordiffuse>AAFFFFFF</colordiffuse>
				<include condition="!Skin.HasSetting(NoAnimateVizFanart)">KBurnsAnimateFanart</include>
				<imagepath background="true">$INFO[Player.FolderPath,,../extrafanart/]</imagepath>
				<visible>!IsEmpty(Control.GetLabel(5043))</visible>
				<visible>Skin.HasSetting(DisableSlideShowArt) | [!Skin.HasSetting(DisableSlideShowArt) + !IsEmpty(Window(Visualisation).Property(ArtistSlideshowTransparent)) + IsEmpty(Window(Visualisation).Property(ArtworkReady))]</visible>
			</control>
			<control type="multiimage">
				<include>Dimensions_Fullscreen</include>
				<timeperimage>10000</timeperimage>
				<randomize>true</randomize>
				<fadetime>600</fadetime>
				<aspectratio>keep</aspectratio>
				<colordiffuse>AAFFFFFF</colordiffuse>
				<include condition="!Skin.HasSetting(NoAnimateVizFanart)">KBurnsAnimateFanart</include>
				<imagepath background="true">$INFO[Skin.String(PhysicalMusicFolder)]$INFO[MusicPlayer.Artist,,/extrafanart/]</imagepath>
				<visible>IsEmpty(Control.GetLabel(5043))</visible>
				<visible>Skin.HasSetting(DisableSlideShowArt) | [!Skin.HasSetting(DisableSlideShowArt) + !IsEmpty(Window(Visualisation).Property(ArtistSlideshowTransparent)) + IsEmpty(Window(Visualisation).Property(ArtworkReady))]</visible>
			</control>
			<control type="image">
				<description>Fanart Image for Artist</description>
				<include>Dimensions_Fullscreen</include>
				<include condition="!Skin.HasSetting(NoAnimateVizFanart)">KBurnsAnimateFanart</include>
				<texture background="true">$INFO[Player.Art(fanart)]</texture>
				<colordiffuse>AAFFFFFF</colordiffuse>
				<fadetime>600</fadetime>
				<visible>Skin.HasSetting(DisableSlideShowArt) | [!Skin.HasSetting(DisableSlideShowArt) + !IsEmpty(Window(Visualisation).Property(ArtistSlideshowTransparent)) + IsEmpty(Window(Visualisation).Property(ArtworkReady))]</visible>
				<visible>!IsEmpty(Player.Art(fanart)) + IsEmpty(Control.GetLabel(5043)) + IsEmpty(Control.GetLabel(5044))</visible>
			</control>
			<control type="multiimage">
				<include>Dimensions_Fullscreen</include>
				<timeperimage>10000</timeperimage>
				<randomize>true</randomize>
				<fadetime>600</fadetime>
				<aspectratio>keep</aspectratio>
				<include condition="!Skin.HasSetting(NoAnimateVizFanart)">KBurnsAnimateFanart</include>
				<imagepath background="true">$INFO[Window(Visualisation).Property(ArtistSlideshow)]</imagepath>
				<colordiffuse>AAFFFFFF</colordiffuse>
				<visible>!Skin.HasSetting(DisableSlideShowArt) + !IsEmpty(Window(Visualisation).Property(ArtworkReady))</visible>
			</control>
		</control>
	</include>
</includes>