<?xml version="1.0" encoding="utf-8"?>
<window type="dialog" id="2132">
	<defaultcontrol always="true">450</defaultcontrol>
	<coordinates>
		<system>1</system>
		<left>0</left>
		<top>0</top>
	</coordinates>
	<onload condition="Skin.HasSetting(EnablePingWOL) + Skin.String(PingMacAddr)">WakeOnLan($INFO[Skin.String(PingMacAddr)])</onload>
	<controls>
		<control type="group">
			<control type="list" id="8050">
				<content>upnp://</content>
			</control>
			<animation effect="slide" start="400,0" end="0,0" time="400" tween="quadratic" easing="out">WindowOpen</animation>
			<animation effect="slide" start="0,0" end="400,0" time="400" tween="quadratic" easing="out">WindowClose</animation>
			<control type="image">
				<left>400r</left>
				<top>0</top>
				<width>400</width>
				<height>720</height>
				<texture border="15,0,0,0" flipx="true">HomeBladeSub.png</texture>
			</control>
			<control type="button">
				<description>Close Window button</description>
				<left>380r</left>
				<top>0</top>
				<width>64</width>
				<height>32</height>
				<label>-</label>
				<font>-</font>
				<onclick>PreviousMenu</onclick>
				<texturefocus>DialogCloseButton-focus.png</texturefocus>
				<texturenofocus>DialogCloseButton.png</texturenofocus>
				<onleft>450</onleft>
				<onright>450</onright>
				<onup>450</onup>
				<ondown>450</ondown>
				<visible>system.getbool(input.enablemouse)</visible>
			</control>
			<control type="label">
				<left>380r</left>
				<top>35</top>
				<width>360</width>
				<height>40</height>
				<font>font13_title</font>
				<align>center</align>
				<aligny>center</aligny>
				<textcolor>$VAR[MainColorOne]</textcolor>
				<shadowcolor>black</shadowcolor>
				<label>$LOCALIZE[31150]</label>
			</control>
			<control type="image">
				<left>390r</left>
				<top>80</top>
				<width>360</width>
				<height>200</height>
				<aspectratio align="center">keep</aspectratio>
				<fadetime>IconCrossfadeTime</fadetime>
				<texture fallback="DefaultNetwork.png">$INFO[Container(450).ListItem.icon]</texture>
				<bordertexture border="8">ThumbShadow.png</bordertexture>
				<bordersize>8</bordersize>
			</control>
			<control type="list" id="450">
				<left>390r</left>
				<top>290</top>
				<width>355</width>
				<height>360</height>
				<onup>450</onup>
				<onleft>Dialog.Close(2132)</onleft>
				<onright>60</onright>
				<ondown>450</ondown>
				<pagecontrol>60</pagecontrol>
				<scrolltime>200</scrolltime>
				<itemlayout height="40">
					<control type="image">
						<left>0</left>
						<top>0</top>
						<width>360</width>
						<height>40</height>
						<texture border="5">button-nofocus.png</texture>
					</control>
					<control type="label">
						<left>10</left>
						<top>0</top>
						<width>350</width>
						<height>40</height>
						<font>font12_title</font>
						<align>left</align>
						<aligny>center</aligny>
						<selectedcolor>selected</selectedcolor>
						<info>ListItem.Label</info>
					</control>
				</itemlayout>
				<focusedlayout height="40">
					<control type="image">
						<left>0</left>
						<top>0</top>
						<width>370</width>
						<height>40</height>
						<visible>!Control.HasFocus(450)</visible>
						<texture border="3">button-nofocus.png</texture>
					</control>
					<control type="image">
						<left>0</left>
						<top>0</top>
						<width>370</width>
						<height>40</height>
						<visible>Control.HasFocus(450)</visible>
						<texture border="3">button-focus.png</texture>
					</control>
					<control type="label">
						<left>10</left>
						<top>0</top>
						<width>350</width>
						<height>40</height>
						<font>font12_title</font>
						<align>left</align>
						<aligny>center</aligny>
						<selectedcolor>selected</selectedcolor>
						<info>ListItem.Label</info>
					</control>
				</focusedlayout>
				<content>
					<item>
						<description>Clear Setting</description>
						<label>$LOCALIZE[31317]</label>
						<icon>DefaultIconWarning.png</icon>
						<thumb>DefaultIconWarning.png</thumb>
						<onclick>Skin.Reset(UPnP_Path)</onclick>
						<onclick>Skin.Reset(UPnP_Name)</onclick>
						<onclick>Dialog.Close(2132)</onclick>
					</item>
					<item>
						<label>$INFO[Container(8050).ListItem(0).label]</label>
						<icon>$INFO[Container(8050).ListItem(0).icon]</icon>
						<thumb>$INFO[Container(8050).ListItem(0).thumb]</thumb>
						<onclick>Skin.SetString(UPnP_Path,$INFO[Container(8050).ListItem(0).FileNameAndPath])</onclick>
						<onclick>Skin.SetString(UPnP_Name,$INFO[Container(8050).ListItem(0).label])</onclick>
						<onclick>Dialog.Close(2132)</onclick>
						<visible>IntegerGreaterThan(Container(8050).NumItems,0)</visible>
					</item>
					<item>
						<label>$INFO[Container(8050).ListItem(1).label]</label>
						<icon>$INFO[Container(8050).ListItem(1).icon]</icon>
						<thumb>$INFO[Container(8050).ListItem(1).thumb]</thumb>
						<onclick>Skin.SetString(UPnP_Path,$INFO[Container(8050).ListItem(1).FileNameAndPath])</onclick>
						<onclick>Skin.SetString(UPnP_Name,$INFO[Container(8050).ListItem(1).label])</onclick>
						<onclick>Dialog.Close(2132)</onclick>
						<visible>IntegerGreaterThan(Container(8050).NumItems,1)</visible>
					</item>
					<item>
						<label>$INFO[Container(8050).ListItem(2).label]</label>
						<icon>$INFO[Container(8050).ListItem(2).icon]</icon>
						<thumb>$INFO[Container(8050).ListItem(2).thumb]</thumb>
						<onclick>Skin.SetString(UPnP_Path,$INFO[Container(8050).ListItem(2).FileNameAndPath])</onclick>
						<onclick>Skin.SetString(UPnP_Name,$INFO[Container(8050).ListItem(2).label])</onclick>
						<onclick>Dialog.Close(2132)</onclick>
						<visible>IntegerGreaterThan(Container(8050).NumItems,2)</visible>
					</item>
					<item>
						<label>$INFO[Container(8050).ListItem(3).label]</label>
						<icon>$INFO[Container(8050).ListItem(3).icon]</icon>
						<thumb>$INFO[Container(8050).ListItem(3).thumb]</thumb>
						<onclick>Skin.SetString(UPnP_Path,$INFO[Container(8050).ListItem(3).FileNameAndPath])</onclick>
						<onclick>Skin.SetString(UPnP_Name,$INFO[Container(8050).ListItem(3).label])</onclick>
						<onclick>Dialog.Close(2132)</onclick>
						<visible>IntegerGreaterThan(Container(8050).NumItems,3)</visible>
					</item>
					<item>
						<label>$INFO[Container(8050).ListItem(4).label]</label>
						<icon>$INFO[Container(8050).ListItem(4).icon]</icon>
						<thumb>$INFO[Container(8050).ListItem(4).thumb]</thumb>
						<onclick>Skin.SetString(UPnP_Path,$INFO[Container(8050).ListItem(4).FileNameAndPath])</onclick>
						<onclick>Skin.SetString(UPnP_Name,$INFO[Container(8050).ListItem(4).label])</onclick>
						<onclick>Dialog.Close(2132)</onclick>
						<visible>IntegerGreaterThan(Container(8050).NumItems,4)</visible>
					</item>
					<item>
						<label>$INFO[Container(8050).ListItem(5).label]</label>
						<icon>$INFO[Container(8050).ListItem(5).icon]</icon>
						<thumb>$INFO[Container(8050).ListItem(5).thumb]</thumb>
						<onclick>Skin.SetString(UPnP_Path,$INFO[Container(8050).ListItem(5).FileNameAndPath])</onclick>
						<onclick>Skin.SetString(UPnP_Name,$INFO[Container(8050).ListItem(5).label])</onclick>
						<onclick>Dialog.Close(2132)</onclick>
						<visible>IntegerGreaterThan(Container(8050).NumItems,5)</visible>
					</item>
					<item>
						<label>$INFO[Container(8050).ListItem(6).label]</label>
						<icon>$INFO[Container(8050).ListItem(6).icon]</icon>
						<thumb>$INFO[Container(8050).ListItem(6).thumb]</thumb>
						<onclick>Skin.SetString(UPnP_Path,$INFO[Container(8050).ListItem(6).FileNameAndPath])</onclick>
						<onclick>Skin.SetString(UPnP_Name,$INFO[Container(8050).ListItem(6).label])</onclick>
						<onclick>Dialog.Close(2132)</onclick>
						<visible>IntegerGreaterThan(Container(8050).NumItems,6)</visible>
					</item>
					<item>
						<label>$INFO[Container(8050).ListItem(7).label]</label>
						<icon>$INFO[Container(8050).ListItem(7).icon]</icon>
						<thumb>$INFO[Container(8050).ListItem(7).thumb]</thumb>
						<onclick>Skin.SetString(UPnP_Path,$INFO[Container(8050).ListItem(7).FileNameAndPath])</onclick>
						<onclick>Skin.SetString(UPnP_Name,$INFO[Container(8050).ListItem(7).label])</onclick>
						<onclick>Dialog.Close(2132)</onclick>
						<visible>IntegerGreaterThan(Container(8050).NumItems,7)</visible>
					</item>
					<item>
						<label>$INFO[Container(8050).ListItem(8).label]</label>
						<icon>$INFO[Container(8050).ListItem(8).icon]</icon>
						<thumb>$INFO[Container(8050).ListItem(8).thumb]</thumb>
						<onclick>Skin.SetString(UPnP_Path,$INFO[Container(8050).ListItem(8).FileNameAndPath])</onclick>
						<onclick>Skin.SetString(UPnP_Name,$INFO[Container(8050).ListItem(8).label])</onclick>
						<onclick>Dialog.Close(2132)</onclick>
						<visible>IntegerGreaterThan(Container(8050).NumItems,8)</visible>
					</item>
					<item>
						<label>$INFO[Container(8050).ListItem(9).label]</label>
						<icon>$INFO[Container(8050).ListItem(9).icon]</icon>
						<thumb>$INFO[Container(8050).ListItem(9).thumb]</thumb>
						<onclick>Skin.SetString(UPnP_Path,$INFO[Container(8050).ListItem(9).FileNameAndPath])</onclick>
						<onclick>Skin.SetString(UPnP_Name,$INFO[Container(8050).ListItem(9).label])</onclick>
						<onclick>Dialog.Close(2132)</onclick>
						<visible>IntegerGreaterThan(Container(8050).NumItems,9)</visible>
					</item>
					<item>
						<label>$INFO[Container(8050).ListItem(10).label]</label>
						<icon>$INFO[Container(8050).ListItem(10).icon]</icon>
						<thumb>$INFO[Container(8050).ListItem(10).thumb]</thumb>
						<onclick>Skin.SetString(UPnP_Path,$INFO[Container(8050).ListItem(10).FileNameAndPath])</onclick>
						<onclick>Skin.SetString(UPnP_Name,$INFO[Container(8050).ListItem(10).label])</onclick>
						<onclick>Dialog.Close(2132)</onclick>
						<visible>IntegerGreaterThan(Container(8050).NumItems,10)</visible>
					</item>
					<item>
						<label>$INFO[Container(8050).ListItem(11).label]</label>
						<icon>$INFO[Container(8050).ListItem(11).icon]</icon>
						<thumb>$INFO[Container(8050).ListItem(11).thumb]</thumb>
						<onclick>Skin.SetString(UPnP_Path,$INFO[Container(8050).ListItem(11).FileNameAndPath])</onclick>
						<onclick>Skin.SetString(UPnP_Name,$INFO[Container(8050).ListItem(11).label])</onclick>
						<onclick>Dialog.Close(2132)</onclick>
						<visible>IntegerGreaterThan(Container(8050).NumItems,11)</visible>
					</item>
					<item>
						<label>$INFO[Container(8050).ListItem(12).label]</label>
						<icon>$INFO[Container(8050).ListItem(12).icon]</icon>
						<thumb>$INFO[Container(8050).ListItem(12).thumb]</thumb>
						<onclick>Skin.SetString(UPnP_Path,$INFO[Container(8050).ListItem(12).FileNameAndPath])</onclick>
						<onclick>Skin.SetString(UPnP_Name,$INFO[Container(8050).ListItem(12).label])</onclick>
						<onclick>Dialog.Close(2132)</onclick>
						<visible>IntegerGreaterThan(Container(8050).NumItems,12)</visible>
					</item>
					<item>
						<label>$INFO[Container(8050).ListItem(13).label]</label>
						<icon>$INFO[Container(8050).ListItem(13).icon]</icon>
						<thumb>$INFO[Container(8050).ListItem(13).thumb]</thumb>
						<onclick>Skin.SetString(UPnP_Path,$INFO[Container(8050).ListItem(13).FileNameAndPath])</onclick>
						<onclick>Skin.SetString(UPnP_Name,$INFO[Container(8050).ListItem(13).label])</onclick>
						<onclick>Dialog.Close(2132)</onclick>
						<visible>IntegerGreaterThan(Container(8050).NumItems,13)</visible>
					</item>
					<item>
						<label>$INFO[Container(8050).ListItem(14).label]</label>
						<icon>$INFO[Container(8050).ListItem(14).icon]</icon>
						<thumb>$INFO[Container(8050).ListItem(14).thumb]</thumb>
						<onclick>Skin.SetString(UPnP_Path,$INFO[Container(8050).ListItem(14).FileNameAndPath])</onclick>
						<onclick>Skin.SetString(UPnP_Name,$INFO[Container(8050).ListItem(14).label])</onclick>
						<onclick>Dialog.Close(2132)</onclick>
						<visible>IntegerGreaterThan(Container(8050).NumItems,14)</visible>
					</item>
					<item>
						<label>$INFO[Container(8050).ListItem(15).label]</label>
						<icon>$INFO[Container(8050).ListItem(15).icon]</icon>
						<thumb>$INFO[Container(8050).ListItem(15).thumb]</thumb>
						<onclick>Skin.SetString(UPnP_Path,$INFO[Container(8050).ListItem(15).FileNameAndPath])</onclick>
						<onclick>Skin.SetString(UPnP_Name,$INFO[Container(8050).ListItem(15).label])</onclick>
						<onclick>Dialog.Close(2132)</onclick>
						<visible>IntegerGreaterThan(Container(8050).NumItems,15)</visible>
					</item>
					<item>
						<label>$INFO[Container(8050).ListItem(16).label]</label>
						<icon>$INFO[Container(8050).ListItem(16).icon]</icon>
						<thumb>$INFO[Container(8050).ListItem(16).thumb]</thumb>
						<onclick>Skin.SetString(UPnP_Path,$INFO[Container(8050).ListItem(16).FileNameAndPath])</onclick>
						<onclick>Skin.SetString(UPnP_Name,$INFO[Container(8050).ListItem(16).label])</onclick>
						<onclick>Dialog.Close(2132)</onclick>
						<visible>IntegerGreaterThan(Container(8050).NumItems,16)</visible>
					</item>
					<item>
						<label>$INFO[Container(8050).ListItem(17).label]</label>
						<icon>$INFO[Container(8050).ListItem(17).icon]</icon>
						<thumb>$INFO[Container(8050).ListItem(17).thumb]</thumb>
						<onclick>Skin.SetString(UPnP_Path,$INFO[Container(8050).ListItem(17).FileNameAndPath])</onclick>
						<onclick>Skin.SetString(UPnP_Name,$INFO[Container(8050).ListItem(17).label])</onclick>
						<onclick>Dialog.Close(2132)</onclick>
						<visible>IntegerGreaterThan(Container(8050).NumItems,17)</visible>
					</item>
					<item>
						<label>$INFO[Container(8050).ListItem(18).label]</label>
						<icon>$INFO[Container(8050).ListItem(18).icon]</icon>
						<thumb>$INFO[Container(8050).ListItem(18).thumb]</thumb>
						<onclick>Skin.SetString(UPnP_Path,$INFO[Container(8050).ListItem(18).FileNameAndPath])</onclick>
						<onclick>Skin.SetString(UPnP_Name,$INFO[Container(8050).ListItem(18).label])</onclick>
						<onclick>Dialog.Close(2132)</onclick>
						<visible>IntegerGreaterThan(Container(8050).NumItems,18)</visible>
					</item>
					<item>
						<label>$INFO[Container(8050).ListItem(19).label]</label>
						<icon>$INFO[Container(8050).ListItem(19).icon]</icon>
						<thumb>$INFO[Container(8050).ListItem(19).thumb]</thumb>
						<onclick>Skin.SetString(UPnP_Path,$INFO[Container(8050).ListItem(19).FileNameAndPath])</onclick>
						<onclick>Skin.SetString(UPnP_Name,$INFO[Container(8050).ListItem(19).label])</onclick>
						<onclick>Dialog.Close(2132)</onclick>
						<visible>IntegerGreaterThan(Container(8050).NumItems,19)</visible>
					</item>
					<item>
						<description>Manual Browse</description>
						<label>$LOCALIZE[1015]</label>
						<icon>DefaultNetwork.png</icon>
						<thumb>DefaultNetwork.png</thumb>
						<onclick>Dialog.Close(2132)</onclick>
						<onclick>Skin.Reset(UPnP_Path)</onclick>
						<onclick>Skin.Reset(UPnP_Name)</onclick>
						<onclick>Skin.SetPath(UPnP_Path)</onclick>
					</item>
				</content>
			</control>
			<control type="scrollbar" id="60">
				<left>1250</left>
				<top>280</top>
				<width>25</width>
				<height>380</height>
				<texturesliderbackground border="0,14,0,14">ScrollBarV.png</texturesliderbackground>
				<texturesliderbar border="0,14,0,14">ScrollBarV_bar.png</texturesliderbar>
				<texturesliderbarfocus border="0,14,0,14">ScrollBarV_bar_focus.png</texturesliderbarfocus>
				<textureslidernib>ScrollBarNib.png</textureslidernib>
				<textureslidernibfocus>ScrollBarNib.png</textureslidernibfocus>
				<onleft>450</onleft>
				<onright>450</onright>
				<showonepage>true</showonepage>
				<orientation>vertical</orientation>
				<visible>Control.IsVisible(450)</visible>
			</control>
			<control type="label">
				<description>Page label</description>
				<right>30</right>
				<top>670</top>
				<width>350</width>
				<height>30</height>
				<align>right</align>
				<aligny>center</aligny>
				<font>font12</font>
				<textcolor>grey</textcolor>
				<label>([COLOR=$VAR[MainColorOne]]$INFO[Container(450).NumItems][/COLOR]) $LOCALIZE[31025] - $LOCALIZE[31024] ([COLOR=$VAR[MainColorOne]]$INFO[Container(450).CurrentPage]/$INFO[Container(450).NumPages][/COLOR])</label>
			</control>
		</control>
	</controls>
</window>