<?xml version="1.0" encoding="UTF-8"?>
<window>
	<defaultcontrol>1</defaultcontrol>
	<visible>!Window.IsVisible(SubtitleSearch) + !Window.IsVisible(script-XBMC_Lyrics-main.xml) + [Window.IsVisible(FullscreenVideo) | Window.IsVisible(visualisation)] | [Window.IsVisible(Home) + Player.Paused]</visible>
	<visible>[Player.Seeking | Player.displayAfterSeek | Player.Paused | Player.Forwarding | Player.Rewinding] + ![Window.IsVisible(VideoOSD) | Window.IsVisible(MusicOSD)]</visible>
	<animation effect="fade" start="0" end="100" time="200">WindowOpen</animation>
	<animation effect="fade" start="100" end="0" time="200">WindowClose</animation>
	<controls>
		<control type="group">
			<left>520r</left>
			<top>-6</top>
			<animation effect="slide" start="0,0" end="-52,-160" delay="0" time="0" condition="Window.IsVisible(Home) + Skin.HasSetting(HorizontalHomeScreen)">conditional</animation>
			<animation effect="slide" start="0,0" end="-25,0" delay="0" time="0" condition="Window.IsVisible(Home) + VideoPlayer.Content(Episodes)">conditional</animation>
			<animation effect="slide" start="0,0" end="-52,0" delay="0" time="0" condition="Window.IsVisible(Home) + !Skin.HasSetting(HorizontalHomeScreen)">conditional</animation>
			<animation effect="slide" end="0,-30" time="0" condition="Window.IsVisible(Home) + Player.HasAudio + !Skin.HasSetting(HorizontalHomeScreen) + system.getbool(lookandfeel.enablerssfeeds)">conditional</animation>
			<control type="group">
				<left>105r</left>
				<top>50r</top>
				<control type="image">
					<left>10</left>
					<top>0</top>
					<width>80</width>
					<height>50</height>
					<texture>OSDSeekFrame.png</texture>
				</control>
				<control type="image">
					<left>0</left>
					<top>3</top>
					<width>20</width>
					<height>44</height>
					<texture>OSDSeekRewind.png</texture>
					<visible>Player.Rewinding</visible>
				</control>
				<control type="image">
					<left>80</left>
					<top>3</top>
					<width>20</width>
					<height>44</height>
					<texture>OSDSeekForward.png</texture>
					<visible>Player.Forwarding</visible>
				</control>
				<control type="image">
					<left>31</left>
					<top>4</top>
					<width>40</width>
					<height>40</height>
					<texture>OSDPause.png</texture>
					<visible>Player.Paused</visible>
				</control>
				<control type="image">
					<left>31</left>
					<top>4</top>
					<width>40</width>
					<height>40</height>
					<texture>OSDPlay.png</texture>
					<visible>Player.Playing</visible>
				</control>
				<control type="image">
					<left>28</left>
					<top>4</top>
					<width>40</width>
					<height>40</height>
					<texture>OSD2x.png</texture>
					<visible>Player.Rewinding2x</visible>
				</control>
				<control type="image">
					<left>25</left>
					<top>4</top>
					<width>40</width>
					<height>40</height>
					<texture>OSD4x.png</texture>
					<visible>Player.Rewinding4x</visible>
				</control>
				<control type="image">
					<left>22</left>
					<top>4</top>
					<width>40</width>
					<height>40</height>
					<texture>OSD8x.png</texture>
					<visible>Player.Rewinding8x</visible>
				</control>
				<control type="image">
					<left>19</left>
					<top>4</top>
					<width>40</width>
					<height>40</height>
					<texture>OSD16x.png</texture>
					<visible>Player.Rewinding16x</visible>
				</control>
				<control type="image">
					<left>17</left>
					<top>4</top>
					<width>40</width>
					<height>40</height>
					<texture>OSD32x.png</texture>
					<visible>Player.Rewinding32x</visible>
				</control>
				<control type="image">
					<left>34</left>
					<top>4</top>
					<width>40</width>
					<height>40</height>
					<texture>OSD2x.png</texture>
					<visible>Player.Forwarding2x</visible>
				</control>
				<control type="image">
					<left>37</left>
					<top>4</top>
					<width>40</width>
					<height>40</height>
					<texture>OSD4x.png</texture>
					<visible>Player.Forwarding4x</visible>
				</control>
				<control type="image">
					<left>40</left>
					<top>4</top>
					<width>40</width>
					<height>40</height>
					<texture>OSD8x.png</texture>
					<visible>Player.Forwarding8x</visible>
				</control>
				<control type="image">
					<left>43</left>
					<top>4</top>
					<width>40</width>
					<height>40</height>
					<texture>OSD16x.png</texture>
					<visible>Player.Forwarding16x</visible>
				</control>
				<control type="image">
					<left>45</left>
					<top>4</top>
					<width>40</width>
					<height>40</height>
					<texture>OSD32x.png</texture>
					<visible>Player.Forwarding32x</visible>
				</control>
			</control>
			<control type="label">
				<description>Playing Label</description>
				<left>280</left>
				<top>35r</top>
				<width>130</width>
				<height>20</height>
				<align>right</align>
				<aligny>center</aligny>
				<font>font10_title</font>
				<textcolor>white</textcolor>
				<label>$LOCALIZE[31267]</label>
				<visible>Player.Playing + !Player.Seeking + !Player.displayAfterSeek</visible>
				<visible>!Window.IsVisible(Home)</visible>
			</control>
			<control type="label">
				<description>Paused Label</description>
				<left>280</left>
				<top>35r</top>
				<width>130</width>
				<height>20</height>
				<align>right</align>
				<aligny>center</aligny>
				<font>font10_title</font>
				<textcolor>white</textcolor>
				<label>31043</label>
				<visible>[Player.Paused + !Player.Caching] + !Player.Seeking + !Player.displayAfterSeek</visible>
				<visible>!Window.IsVisible(Home)</visible>
			</control>
			<control type="label">
				<description>Cache Label</description>
				<left>280</left>
				<top>35r</top>
				<width>130</width>
				<height>20</height>
				<align>right</align>
				<aligny>center</aligny>
				<font>font10_title</font>
				<textcolor>white</textcolor>
				<label>$LOCALIZE[15107] $INFO[Player.CacheLevel]%</label>
				<visible>[Player.Paused + Player.Caching] + !Player.Seeking</visible>
				<visible>!Window.IsVisible(Home)</visible>
			</control>
			<control type="label">
				<description>Seeking Label</description>
				<left>280</left>
				<top>35r</top>
				<width>130</width>
				<height>20</height>
				<align>right</align>
				<aligny>center</aligny>
				<font>font10_title</font>
				<textcolor>white</textcolor>
				<label>[UPPERCASE]$LOCALIZE[773][/UPPERCASE]</label>
				<visible>Player.Seeking</visible>
				<visible>!Window.IsVisible(Home)</visible>
			</control>
			<control type="label">
				<description>Final Seek amount Label</description>
				<left>280</left>
				<top>35r</top>
				<width>130</width>
				<height>20</height>
				<align>right</align>
				<aligny>center</aligny>
				<font>font10_title</font>
				<textcolor>white</textcolor>
				<label>[UPPERCASE]$LOCALIZE[773][/UPPERCASE][COLOR=grey] $INFO[Player.SeekOffset][/COLOR]</label>
				<visible>Player.displayAfterSeek + ![player.forwarding | player.rewinding]</visible>
				<visible>!Window.IsVisible(Home)</visible>
			</control>
			<control type="label">
				<description>FF Label</description>
				<left>280</left>
				<top>35r</top>
				<width>130</width>
				<height>20</height>
				<align>right</align>
				<aligny>center</aligny>
				<font>font10_title</font>
				<textcolor>white</textcolor>
				<label>31056</label>
				<visible>Player.Forwarding</visible>
				<visible>!Window.IsVisible(Home)</visible>
			</control>
			<control type="label">
				<description>RW Label</description>
				<left>280</left>
				<top>35r</top>
				<width>130</width>
				<height>20</height>
				<align>right</align>
				<aligny>center</aligny>
				<font>font10_title</font>
				<textcolor>white</textcolor>
				<label>31057</label>
				<visible>Player.Rewinding</visible>
				<visible>!Window.IsVisible(Home)</visible>
			</control>
		</control>
	</controls>
</window>