<?xml version="1.0" encoding="UTF-8"?>
<window>
	<animation effect="fade" time="100">WindowOpen</animation>
	<animation effect="fade" time="200">WindowClose</animation>
	<coordinates>
		<system>1</system>
		<left>0</left>
		<top>0</top>
	</coordinates>
	<controls>
		<control type="group">
			<left>165r</left>
			<top>5</top>
			<animation effect="slide" start="0,0" end="-345,0" time="200" condition="Window.IsVisible(volumebar)">conditional</animation>
			<control type="multiimage">
				<description>Busy animation</description>
				<left>128</left>
				<top>0</top>
				<width>32</width>
				<height>32</height>
				<imagepath>busy</imagepath>
				<timeperimage>100</timeperimage>
				<fadetime>0</fadetime>
			</control>
			<control type="label">
				<description>Busy label</description>
				<left>0</left>
				<top>4</top>
				<width>126</width>
				<height>20</height>
				<align>right</align>
				<aligny>center</aligny>
				<aligny>center</aligny>
				<label>$LOCALIZE[31004]</label>
				<font>font12</font>
			</control>
			<control type="progress" id="10">
				<description>Progressbar</description>
				<left>0</left>
				<top>35</top>
				<width>160</width>
				<height>8</height>
			</control>
		</control>
	</controls>
</window>