<?xml version="1.0" encoding="utf-8"?>
<includes>
	<include file="IncludesVariables.xml" />
	<include file="IncludesHomeMenuSys.xml" />
	<include file="IncludesCommonMedia.xml" />
	<include file="IncludesSubMenuItems.xml" />
	<include file="IncludesHomePanel.xml" />
	<include file="IncludesHomePanelContent.xml" />
	<include file="IncludesHomeWeather.xml" />
	<include file="defaults.xml" />
	<include file="ViewsVideoLibrary.xml" />
	<include file="ViewsMusicLibrary.xml" />
	<include file="ViewsFileMode.xml" />
	<include file="ViewsPictures.xml" />
	<include file="ViewsAddonBrowser.xml" />
	<include file="ViewsLiveTV.xml" />
	<include file="ViewsPVRGuide.xml" />
	<include file="ViewsWeather.xml" />
	<include file="ViewsLogoVertical.xml" />
	<include file="ViewsPosterWrap.xml" />
	<include file="ViewsWideList.xml" />
	<include file="ViewsEpisodes.xml" />
	<include file="ViewsCoverFlow.xml" />
	<include file="ViewsBannerInfo.xml" />
	<include file="ViewsFullWidthList.xml" />
	<include file="ViewsLowlist.xml" />
	<include file="IncludesListItemCount.xml" />
	<include file="IncludesCDWall.xml" />
	<include file="IncludesGenreFlagging.xml" />
	<include file="IncludesBackgroundEffect.xml" />
	<include file="IncludesCodecFlagging.xml" />
	<include file="IncludesHomeNowPlaying.xml" />
	<include file="IncludesMenuContentItems.xml" />
	<include file="IncludesOnScreenDisplay.xml" />
	<include file="IncludesPVR.xml" />
	<constant name="FanartCrossfadeTime">500</constant>
	<constant name="IconCrossfadeTime">400</constant>
	<include name="DimensionsPosterPanel">
		<left>90</left>
		<top>65</top>
		<width>700</width>
		<height>380</height>
	</include>
	<include name="ClearButtonChoice">
		<onclick>Skin.Reset($INFO[Window(Home).Property(UsrSelectBtn)].Label)</onclick>
		<onclick>Skin.Reset($INFO[Window(Home).Property(UsrSelectBtn)].Path)</onclick>
		<onclick>Skin.Reset($INFO[Window(Home).Property(UsrSelectBtn)].Fanart)</onclick>
		<onclick condition="Window.IsVisible(2114)">Skin.Reset($INFO[Window(Home).Property(UsrSelectBtn)].Playlist)</onclick>
		<onclick condition="Window.IsVisible(2114)">Skin.Reset($INFO[Window(Home).Property(UsrSelectBtn)].Sub)</onclick>
		<onclick condition="Window.IsVisible(2114)">Skin.Reset($INFO[Window(Home).Property(UsrSelectBtn)].Addon)</onclick>
		<onclick condition="Window.IsVisible(2114)">Skin.Reset($INFO[Window(Home).Property(UsrSelectBtn)].Type)</onclick>
		<onclick condition="Window.IsVisible(2114)">Skin.Reset($INFO[Window(Home).Property(UsrSelectBtn)].Widget)</onclick>
		<onclick condition="Window.IsVisible(2114)">Skin.Reset($INFO[Window(Home).Property(UsrSelectBtn)].Display)</onclick>
	</include>
	<include name="CloseMenuChoice">
		<onclick condition="Window.IsVisible(2114)">Dialog.Close(2114)</onclick>
		<onclick condition="Window.IsVisible(2115)">Dialog.Close(2115)</onclick>
		<onclick>Skin.Reset(UsrSelectAddon)</onclick>
		<onclick>ClearProperty(UsrSelectBtn,Home)</onclick>
	</include>
	<include name="InvisibleButton">
		<left>1480</left>
		<top>920</top>
		<width>1</width>
		<height>1</height>
		<texturenofocus>-</texturenofocus>
		<texturefocus>-</texturefocus>
	</include>
	<include name="DimensionsMusicCDPanel">
		<left>80</left>
		<top>90</top>
		<width>728</width>
		<height>330</height>
	</include>
	<include name="HomePanelBackground">
		<control type="group">
			<visible>!StringCompare(Container(9000).ListItem.Property(WidgetSet),None) + !IsEmpty(Container(9000).ListItem.Property(WidgetSet),None)</visible>
			<include>VisibleFadeEffect</include>
			<left>415</left>
			<top>5</top>
			<animation effect="slide" start="0,0" end="0,-460" delay="0" time="400" tween="back" easing="out" condition="!ControlGroup(9003).HasFocus + !Control.HasFocus(8998) + Skin.HasSetting(CleanHomeScreen)">conditional</animation>
			<animation effect="slide" start="0,0" end="-210,0" delay="0" time="0" condition="Skin.HasSetting(HorizontalHomeScreen)">conditional</animation>
			<control type="image">
				<description>background</description>
				<left>45</left>
				<top>0</top>
				<width>780</width>
				<height>455</height>
				<texture border="20">ContentPanel.png</texture>
				<include condition="!IsEmpty(Skin.String(MediaPanelTrans))">TransparentEffect</include>
			</control>
			<control type="image">
				<left>15</left>
				<top>10</top>
				<width>820</width>
				<height>90</height>
				<aspectratio>stretch</aspectratio>
				<texture>GlassTitleBar.png</texture>
			</control>
			<control type="image">
				<left>371</left>
				<top>446</top>
				<width>128</width>
				<height>42</height>
				<aspectratio>Keep</aspectratio>
				<texture>HasWidget.png</texture>
				<include condition="!IsEmpty(Skin.String(MediaPanelTrans))">TransparentEffect</include>
				<animation effect="fade" time="600">Visible</animation>
				<animation effect="fade" time="400">Hidden</animation>
				<visible>!ControlGroup(9003).HasFocus</visible>
				<visible>!Skin.HasSetting(HideSubAdvisor)</visible>
			</control>
			<control type="button" id="8998">
				<left>45</left>
				<top>-5</top>
				<width>780</width>
				<height>500</height>
				<label>-</label>
				<font>-</font>
				<texturenofocus>-</texturenofocus>
				<texturefocus>-</texturefocus>
			</control>
		</control>
	</include>
	<include name="TransparentEffect">
		<animation effect="fade" start="100" end="15" time="0" condition="SubString(skin.string(MediaPanelTrans),85)">Conditional</animation>
		<animation effect="fade" start="100" end="30" time="0" condition="SubString(skin.string(MediaPanelTrans),70)">Conditional</animation>
		<animation effect="fade" start="100" end="45" time="0" condition="SubString(skin.string(MediaPanelTrans),55)">Conditional</animation>
		<animation effect="fade" start="100" end="60" time="0" condition="SubString(skin.string(MediaPanelTrans),40)">Conditional</animation>
		<animation effect="fade" start="100" end="75" time="0" condition="SubString(skin.string(MediaPanelTrans),25)">Conditional</animation>
		<animation effect="fade" start="100" end="90" time="0" condition="SubString(skin.string(MediaPanelTrans),10)">Conditional</animation>
	</include>
	<include name="BackgroundFade">
		<animation effect="fade" time="600">Visible</animation>
		<animation effect="fade" time="600">Hidden</animation>
	</include>
	<include name="Window_OpenClose_Animation">
		<animation effect="fade" time="250">WindowOpen</animation>
		<animation effect="fade" time="250">WindowClose</animation>
	</include>
	<include name="DialogEffect">
		<animation effect="fade" time="250">WindowOpen</animation>
		<animation effect="fade" time="250">WindowClose</animation>
	</include>
	<include name="VisibleFadeEffect">
		<animation effect="fade" time="300">Visible</animation>
		<animation effect="fade" time="300">Hidden</animation>
	</include>
	<include name="KBurnsAnimateFanart">
		<animation effect="zoom" start="110" end="130" center="auto" time="16000" tween="cubic" easing="inout" pulse="true" condition="!Skin.HasSetting(NoAnimateVizFanart)">Conditional</animation>
		<animation effect="slide" start="-10,-10" end="20,20" time="8000" tween="cubic" easing="inout" pulse="true" condition="!Skin.HasSetting(NoAnimateVizFanart)">Conditional</animation>
	</include>
	<include name="KeyboardButton">
		<width>50</width>
		<height>50</height>
		<texturenofocus border="3">KeyboardKeyNF.png</texturenofocus>
		<texturefocus border="5">KeyboardKey.png</texturefocus>
		<align>center</align>
		<aligny>center</aligny>
		<font>font13</font>
		<focusedcolor>black</focusedcolor>
	</include>
	<include name="MediaInfoPopup">
		<animation effect="fade" start="0" end="100" time="1600" delay="2000" condition="IsEmpty(Skin.String(MediaPopUpControl))">Visible</animation>
		<animation effect="fade" start="0" end="100" time="300" delay="300" condition="Skin.String(MediaPopUpControl,Instant)">Visible</animation>
		<animation effect="fade" start="0" end="100" time="1600" delay="3000" condition="Skin.String(MediaPopUpControl,Delayed)">Visible</animation>
		<animation effect="fade" start="100" end="0" time="0">Hidden</animation>
	</include>
	<include name="CDArtSpinner">
		<animation effect="slide" start="0,0" end="70,0" time="1200" delay="500" condition="Player.Playing | Player.Forwarding | Player.Rewinding">Conditional</animation>
		<animation effect="rotate" end="-360" center="auto" time="2400" loop="true" reversible="false" condition="Player.Playing">Conditional</animation>
		<animation effect="rotate" end="-360" center="auto" time="2000" loop="true" reversible="false" condition="Player.Forwarding2x">Conditional</animation>
		<animation effect="rotate" end="-360" center="auto" time="1600" loop="true" reversible="false" condition="Player.Forwarding4x">Conditional</animation>
		<animation effect="rotate" end="-360" center="auto" time="1200" loop="true" reversible="false" condition="Player.Forwarding8x">Conditional</animation>
		<animation effect="rotate" end="-360" center="auto" time="800" loop="true" reversible="false" condition="Player.Forwarding16x">Conditional</animation>
		<animation effect="rotate" end="-360" center="auto" time="400" loop="true" reversible="false" condition="Player.Forwarding32x">Conditional</animation>
		<animation effect="rotate" end="720" center="auto" time="2000" loop="true" reversible="false" condition="Player.Rewinding2x">Conditional</animation>
		<animation effect="rotate" end="720" center="auto" time="1600" loop="true" reversible="false" condition="Player.Rewinding4x">Conditional</animation>
		<animation effect="rotate" end="720" center="auto" time="1200" loop="true" reversible="false" condition="Player.Rewinding8x">Conditional</animation>
		<animation effect="rotate" end="720" center="auto" time="800" loop="true" reversible="false" condition="Player.Rewinding16x">Conditional</animation>
		<animation effect="rotate" end="720" center="auto" time="400" loop="true" reversible="false" condition="Player.Rewinding32x">Conditional</animation>
	</include>
	<include name="Dimensions_Fullscreen">
		<left>0</left>
		<top>0</top>
		<width>1280</width>
		<height>720</height>
	</include>
	<include name="BehindDialogFadeOut">
		<control type="image">
			<left>0</left>
			<top>0</top>
			<width>1280</width>
			<height>720</height>
			<texture>black-back.png</texture>
			<animation effect="fade" time="400">Visible</animation>
			<animation effect="fade" time="200">Hidden</animation>
			<visible>Window.IsActive(MovieInformation) | Window.IsActive(MusicInformation) | Window.IsActive(SongInformation) | Window.IsActive(FileBrowser) | Window.IsActive(TextViewer) | Window.IsActive(AddonSettings) | Window.IsActive(ContentSettings) | Window.IsActive(SelectDialog) | Window.IsActive(FileStackingDialog) | Window.IsActive(MediaSource) | Window.IsActive(PictureInfo) | Window.IsActive(PlayerControls) | Window.IsActive(VirtualKeyboard) | Window.IsActive(NumericInput) | Window.IsActive(ProfileSettings) | Window.IsActive(LockSettings) | Window.IsActive(SmartPlaylistEditor) | Window.IsActive(SmartPlaylistRule) | Window.IsActive(script-RSS_Editor-rssEditor.xml) | Window.IsActive(script-RSS_Editor-setEditor.xml) | Window.IsActive(AddonInformation) | Window.IsActive(Peripherals) | Window.IsActive(PeripheralSettings) | Window.IsActive(script-cu-lrclyrics-main.xml) | Window.IsActive(PVRChannelManager) | Window.IsActive(MediaFilter)</visible>
		</control>
	</include>
	<include name="ButtonCommonValues">
		<height>40</height>
		<width>250</width>
		<textoffsetx>10</textoffsetx>
		<textwidth>200</textwidth>
		<aligny>center</aligny>
		<font>font12</font>
		<texturefocus border="5">button-focus.png</texturefocus>
		<texturenofocus>-</texturenofocus>
		<pulseonselect>false</pulseonselect>
	</include>
	<include name="ButtonMediaSubCommonValues">
		<height>40</height>
		<width>221</width>
		<textoffsetx>20</textoffsetx>
		<textwidth>195</textwidth>
		<aligny>center</aligny>
		<font>font12_title</font>
		<texturefocus border="5">button-focus.png</texturefocus>
		<texturenofocus border="5">button-nofocus.png</texturenofocus>
		<pulseonselect>false</pulseonselect>
	</include>
	<include name="ButtonHomeSubCommonValues">
		<height>35</height>
		<width>180</width>
		<textwidth>195</textwidth>
		<align>center</align>
		<aligny>center</aligny>
		<font>font12</font>
		<textcolor>grey2</textcolor>
		<focusedcolor>white</focusedcolor>
		<texturefocus border="5">HomeSubFO.png</texturefocus>
		<texturenofocus border="5">HomeSubNF.png</texturenofocus>
		<pulseonselect>false</pulseonselect>
	</include>
	<include name="ButtonInfoDialogsCommonValues">
		<height>40</height>
		<width>170</width>
		<textoffsetx>20</textoffsetx>
		<align>center</align>
		<aligny>center</aligny>
		<font>font12_title</font>
		<texturefocus border="5">button-focus.png</texturefocus>
		<texturenofocus border="5">button-nofocus.png</texturenofocus>
		<pulseonselect>false</pulseonselect>
	</include>
	<include name="SideBladeLeft">
		<animation effect="slide" start="0,0" end="250,0" time="400" tween="quadratic" easing="out" condition="!IsEmpty(Window(Home).Property(SideBladeOpen)) | ControlGroup(9000).HasFocus">Conditional</animation>
		<animation effect="slide" start="0,0" end="-300,0" time="400" tween="quadratic" easing="out" condition="!IsEmpty(Window(Home).Property(SideBladeOpen)) | ControlGroup(9000).HasFocus">WindowClose</animation>
		<animation effect="slide" start="0,0" end="-50,0" time="300" tween="quadratic" easing="out" condition="IsEmpty(Window(Home).Property(SideBladeOpen)) | !ControlGroup(9000).HasFocus">WindowClose</animation>
		<animation effect="slide" start="-50,0" end="0,0" time="300" tween="quadratic" easing="out">WindowOpen</animation>
		<control type="button" id="8999">
			<description>Fake button for mouse control</description>
			<left>0</left>
			<top>0</top>
			<width>1280</width>
			<height>720</height>
			<label>-</label>
			<font>-</font>
			<texturenofocus>-</texturenofocus>
			<texturefocus>-</texturefocus>
			<onfocus condition="IsEmpty(Window(Home).Property(SideBladeOpen))">SetProperty(SideBladeOpen,True,Home)</onfocus>
			<onup>9000</onup>
			<ondown>9000</ondown>
			<onleft>50</onleft>
			<onright>ClearProperty(SideBladeOpen,Home)</onright>
			<onback>ClearProperty(SideBladeOpen,Home)</onback>
			<visible>!IsEmpty(Window(Home).Property(SideBladeOpen))</visible>
		</control>
		<control type="button" id="9001">
			<left>250</left>
			<top>260</top>
			<width>42</width>
			<height>128</height>
			<font>-</font>
			<texturefocus>HasSubFocus.png</texturefocus>
			<texturenofocus>HasSub.png</texturenofocus>
			<onright>ClearProperty(SideBladeOpen,Home)</onright>
			<onleft>50</onleft>
			<onclick condition="IsEmpty(Window(Home).Property(SideBladeOpen))">SetProperty(SideBladeOpen,True,Home)</onclick>
			<onclick condition="!IsEmpty(Window(Home).Property(SideBladeOpen))">ClearProperty(SideBladeOpen,Home)</onclick>
		</control>
		<control type="image">
			<left>0</left>
			<top>0</top>
			<width>260</width>
			<height>720</height>
			<texture border="0,0,10,0">MediaBladeSub.png</texture>
		</control>
		<include>BottonLogoImage</include>
	</include>
	<include name="MainHeaderLabel">
		<control type="label">
			<left>55</left>
			<top>5</top>
			<width>1170</width>
			<height>30</height>
			<font>font30_title</font>
			<textcolor>blue</textcolor>
			<scroll>true</scroll>
			<align>center</align>
			<aligny>center</aligny>
			<include>Window_OpenClose_Animation</include>
			<label>[UPPERCASE]$VAR[ContentHeaderLabel][/UPPERCASE]</label>
			<visible>!Control.IsVisible(510)</visible>
		</control>
		<control type="label">
			<left>10</left>
			<top>45</top>
			<width>1260</width>
			<height>20</height>
			<font>font12_title</font>
			<textcolor>grey2</textcolor>
			<wrapmultiline>true</wrapmultiline>
			<scroll>false</scroll>
			<align>center</align>
			<aligny>center</aligny>
			<include>Window_OpenClose_Animation</include>
			<label>$INFO[ListItem.Tagline]</label>
			<visible>!Skin.HasSetting(EnableFullMPAA)</visible>
			<visible>!IsEmpty(ListItem.Tagline) + Container.Content(Movies)</visible>
		</control>
		<control type="label">
			<left>10</left>
			<top>45</top>
			<width>1260</width>
			<height>20</height>
			<font>font12_title</font>
			<textcolor>grey2</textcolor>
			<wrapmultiline>true</wrapmultiline>
			<scroll>false</scroll>
			<align>center</align>
			<aligny>center</aligny>
			<include>Window_OpenClose_Animation</include>
			<label>$INFO[Listitem.mpaa]</label>
			<visible>Skin.HasSetting(EnableFullMPAA)</visible>
			<visible>!IsEmpty(Listitem.mpaa) + Container.Content(Movies)</visible>
		</control>
		<control type="group">
			<include>Window_OpenClose_Animation</include>
			<visible>!StringCompare(ListItem.label,..) + [Container.Content(Seasons) | Container.Content(TVShows)]</visible>
			<control type="label">
				<description>Episodes Value</description>
				<left>10</left>
				<top>45</top>
				<width>1260</width>
				<height>20</height>
				<label>[B][COLOR=blue]$LOCALIZE[20360]$LOCALIZE[31999][/COLOR][/B] $INFO[listitem.episode] [COLOR=grey] ($INFO[ListItem.Property(WatchedEpisodes),, $LOCALIZE[16102]] - $INFO[ListItem.Property(UnWatchedEpisodes), , $LOCALIZE[16101]])[/COLOR]</label>
				<align>center</align>
				<aligny>center</aligny>
				<font>font12_title</font>
				<scroll>true</scroll>
				<visible>IntegerGreaterThan(ListItem.Property(TotalEpisodes),0)</visible>
			</control>
		</control>
		<control type="group">
			<include>Window_OpenClose_Animation</include>
			<visible>Container.Content(Episodes)</visible>
			<control type="label">
				<description>First Aired txt</description>
				<left>10</left>
				<top>45</top>
				<width>1260</width>
				<height>20</height>
				<label>[B][COLOR=blue]$LOCALIZE[20416]$LOCALIZE[31999][/COLOR][/B][COLOR=grey] $INFO[ListItem.Premiered][/COLOR]</label>
				<align>center</align>
				<aligny>center</aligny>
				<font>font12_title</font>
				<scroll>true</scroll>
				<visible>!IsEmpty(ListItem.Premiered)</visible>
			</control>
		</control>
		<control type="group">
			<include>Window_OpenClose_Animation</include>
			<visible>Window.IsVisible(MyPVR)</visible>
			<control type="label">
				<left>10</left>
				<top>45</top>
				<width>1260</width>
				<height>20</height>
				<font>font12_title</font>
				<textcolor>grey2</textcolor>
				<wrapmultiline>true</wrapmultiline>
				<scroll>false</scroll>
				<align>center</align>
				<aligny>center</aligny>
				<include>Window_OpenClose_Animation</include>
				<label>$INFO[ListItem.Title]</label>
				<visible>!Control.IsVisible(17) + !Control.IsVisible(14)</visible>
			</control>
			<control type="label">
				<left>10</left>
				<top>45</top>
				<width>1260</width>
				<height>20</height>
				<font>font12_title</font>
				<textcolor>grey2</textcolor>
				<scroll>false</scroll>
				<align>center</align>
				<aligny>center</aligny>
				<label>$INFO[PVR.NextTimer,[B]$LOCALIZE[31512]$LOCALIZE[31999] [/B]]</label>
				<visible>Control.IsVisible(14) + PVR.HasTimer</visible>
			</control>
		</control>
		<control type="group">
			<include>Window_OpenClose_Animation</include>
			<visible>Container.Content(Artists)</visible>
			<control type="label">
				<left>10</left>
				<top>45</top>
				<width>1260</width>
				<height>20</height>
				<font>font12_title</font>
				<textcolor>grey2</textcolor>
				<wrapmultiline>true</wrapmultiline>
				<scroll>false</scroll>
				<align>center</align>
				<aligny>center</aligny>
				<include>Window_OpenClose_Animation</include>
				<label>$INFO[ListItem.Property(Artist_Born), $LOCALIZE[21893]$LOCALIZE[31999] ]</label>
				<visible>!IsEmpty(ListItem.Property(Artist_Born))</visible>
			</control>
			<control type="label">
				<left>10</left>
				<top>45</top>
				<width>1260</width>
				<height>20</height>
				<font>font12_title</font>
				<textcolor>grey2</textcolor>
				<wrapmultiline>true</wrapmultiline>
				<scroll>false</scroll>
				<align>center</align>
				<aligny>center</aligny>
				<include>Window_OpenClose_Animation</include>
				<label>$INFO[ListItem.Property(Artist_Formed), $LOCALIZE[21894]$LOCALIZE[31999] ]</label>
				<visible>!IsEmpty(ListItem.Property(Artist_Formed))</visible>
			</control>
		</control>
		<control type="group">
			<include>Window_OpenClose_Animation</include>
			<visible>Container.Content(Songs) | Container.Content(Albums)</visible>
			<control type="label">
				<left>10</left>
				<top>45</top>
				<width>1260</width>
				<height>20</height>
				<font>font12_title</font>
				<textcolor>grey2</textcolor>
				<wrapmultiline>true</wrapmultiline>
				<scroll>false</scroll>
				<align>center</align>
				<aligny>center</aligny>
				<include>Window_OpenClose_Animation</include>
				<label>$INFO[ListItem.Artist, $LOCALIZE[31047]$LOCALIZE[31999] ]</label>
				<visible>!IsEmpty(ListItem.Artist)</visible>
			</control>
		</control>
		<control type="group">
			<include>Window_OpenClose_Animation</include>
			<visible>Window.IsVisible(AddonBrowser) | Container.Content(Addons)</visible>
			<visible>!Window.IsActive(script-globalsearch-main.xml)</visible>
			<control type="label">
				<left>10</left>
				<top>45</top>
				<width>1260</width>
				<height>20</height>
				<font>font12_title</font>
				<textcolor>grey2</textcolor>
				<scroll>false</scroll>
				<align>center</align>
				<aligny>center</aligny>
				<label fallback="416">$INFO[ListItem.Property(Addon.Creator),[B]$LOCALIZE[21863]$LOCALIZE[31999] [/B]]</label>
			</control>
		</control>
		<control type="group">
			<include>Window_OpenClose_Animation</include>
			<visible>Window.IsActive(script-globalsearch-main.xml)</visible>
			<control type="label">
				<left>10</left>
				<top>45</top>
				<width>1260</width>
				<height>20</height>
				<font>font12_title</font>
				<textcolor>grey2</textcolor>
				<scroll>false</scroll>
				<align>center</align>
				<aligny>center</aligny>
				<label>$VAR[GlobalSearchTag]</label>
			</control>
		</control>
	</include>
	<include name="FloorReturnButtons">
		<control type="group">
			<left>190r</left>
			<top>55r</top>
			<animation effect="fade" time="250" condition="Window.Previous(home)">WindowOpen</animation>
			<animation effect="fade" time="250" condition="Window.Next(home)">WindowClose</animation>
			<control type="button" id="801">
				<description>Now Playing</description>
				<left>45</left>
				<top>0</top>
				<width>45</width>
				<height>45</height>
				<onclick>ActivateWindow(PlayerControls)</onclick>
				<texturefocus border="5">FloorButtons/FloorPlayFO.png</texturefocus>
				<texturenofocus border="5">FloorButtons/FloorPlayNF.png</texturenofocus>
				<onleft>804</onleft>
				<onright>802</onright>
				<onup>800</onup>
				<ondown>800</ondown>
				<visible>Player.HasMedia + !SubString(Window(videolibrary).Property(TvTunesIsAlive),TRUE)</visible>
				<animation effect="slide" start="0,0" end="-45,00" time="0" condition="!Skin.HasSetting(DisableGlobalSearch) + [Window.IsVisible(musiclibrary) | Window.IsVisible(videolibrary)] | [Window.IsVisible(script-globalsearch-main.xml) + Control.IsVisible(198)] ">conditional</animation>
			</control>
			<control type="button" id="801">
				<description>Next Aired</description>
				<left>45</left>
				<top>0</top>
				<width>45</width>
				<height>45</height>
				<onclick>RunScript(script.tv.show.next.aired)</onclick>
				<texturefocus border="5">FloorButtons/FloorPlayFO.png</texturefocus>
				<texturenofocus border="5">FloorButtons/FloorPlayNF.png</texturenofocus>
				<onleft>804</onleft>
				<onright>802</onright>
				<onup>800</onup>
				<ondown>800</ondown>
				<visible>!Skin.HasSetting(DisableTVNextAired) + !Player.HasMedia + !IsEmpty(Window(Home).Property(NextAired.NextDate))</visible>
				<visible>Container.Content(TVShows) | Container.Content(Seasons) | Container.Content(Episodes)</visible>
				<animation effect="slide" start="0,0" end="-45,00" time="0" condition="!Skin.HasSetting(DisableGlobalSearch) + [Window.IsVisible(musiclibrary) | Window.IsVisible(videolibrary)] | [Window.IsVisible(script-globalsearch-main.xml) + Control.IsVisible(198)] ">conditional</animation>
			</control>
			<control type="button" id="801">
				<description>Trailer Button</description>
				<left>45</left>
				<top>0</top>
				<width>45</width>
				<height>45</height>
				<onclick>PlayMedia("$INFO[ListItem.Trailer]")</onclick>
				<texturefocus border="5">FloorButtons/FloorTrailerFO.png</texturefocus>
				<texturenofocus border="5">FloorButtons/FloorTrailerNF.png</texturenofocus>
				<onleft>804</onleft>
				<onright>802</onright>
				<onup>800</onup>
				<ondown>800</ondown>
				<visible>!Skin.HasSetting(HideTrailerBtn)</visible>
				<visible>!Player.HasMedia + !IsEmpty(ListItem.Trailer)</visible>
				<visible>!Container.Content(TVShows) + !Container.Content(Seasons) + !Container.Content(Episodes)</visible>
				<visible>![Control.IsVisible(500) | Control.IsVisible(529) | Control.IsVisible(594) | Control.IsVisible(732)]</visible>
				<animation effect="slide" start="0,0" end="-45,00" time="0" condition="!Skin.HasSetting(DisableGlobalSearch) + [Window.IsVisible(musiclibrary) | Window.IsVisible(videolibrary)] | [Window.IsVisible(script-globalsearch-main.xml) + Control.IsVisible(198)] ">conditional</animation>
			</control>
			<control type="button" id="802">
				<description>Search Button</description>
				<left>45</left>
				<top>0</top>
				<width>45</width>
				<height>45</height>
				<texturefocus border="5">FloorButtons/FloorSearchFO.png</texturefocus>
				<texturenofocus border="5">FloorButtons/FloorSearchNF.png</texturenofocus>
				<onleft>801</onleft>
				<onright>803</onright>
				<onup>800</onup>
				<ondown>800</ondown>
				<onclick>Control.Setfocus(9000,0)</onclick>
				<onclick>SendClick(198)</onclick>
				<visible>!Skin.HasSetting(DisableGlobalSearch)</visible>
				<visible>Window.IsVisible(script-globalsearch-main.xml) + Control.IsVisible(198)</visible>
			</control>
			<control type="button" id="802">
				<description>Search Button</description>
				<left>45</left>
				<top>0</top>
				<width>45</width>
				<height>45</height>
				<texturefocus border="5">FloorButtons/FloorSearchFO.png</texturefocus>
				<texturenofocus border="5">FloorButtons/FloorSearchNF.png</texturenofocus>
				<onleft>801</onleft>
				<onright>803</onright>
				<onup>800</onup>
				<ondown>800</ondown>
				<onclick>$VAR[GlobalSearchAction]</onclick>
				<visible>!Skin.HasSetting(DisableGlobalSearch)</visible>
				<visible>!Window.IsVisible(script-globalsearch-main.xml)</visible>
				<visible>Window.IsVisible(musiclibrary) | Window.IsVisible(videolibrary)</visible>
			</control>
			<control type="button" id="803">
				<description>Back push button</description>
				<left>90</left>
				<top>0</top>
				<width>45</width>
				<height>45</height>
				<onclick>back</onclick>
				<texturefocus border="5">FloorButtons/FloorBackFO.png</texturefocus>
				<texturenofocus border="5">FloorButtons/FloorBackNF.png</texturenofocus>
				<onleft>802</onleft>
				<onright>804</onright>
				<onup>800</onup>
				<ondown>800</ondown>
			</control>
			<control type="button" id="804">
				<description>Home push button</description>
				<left>135</left>
				<top>0</top>
				<width>45</width>
				<height>45</height>
				<onclick>Dialog.Close(all,true)</onclick>
				<onclick>ActivateWindow(home)</onclick>
				<texturefocus border="5">FloorButtons/FloorHomeFO.png</texturefocus>
				<texturenofocus border="5">FloorButtons/FloorHomeNF.png</texturenofocus>
				<onleft>803</onleft>
				<onright>801</onright>
				<onup>800</onup>
				<ondown>800</ondown>
			</control>
		</control>
	</include>
	<include name="BottomClock">
		<control type="label" id="1">
			<description>time label</description>
			<left>360r</left>
			<top>55r</top>
			<width>250</width>
			<height>30</height>
			<align>right</align>
			<aligny>center</aligny>
			<font>font28_title</font>
			<textcolor>C0FFFFFF</textcolor>
			<shadowcolor>black</shadowcolor>
			<label>$INFO[System.Time]</label>
			<include>Window_OpenClose_Animation</include>
			<animation effect="fade" start="100" end="0" time="100" condition="Window.IsVisible(movieinformation)">Conditional</animation>
			<animation effect="slide" start="0,0" end="-45,0" time="0" condition="!Window.IsVisible(loginscreen) + !Skin.HasSetting(DisableGlobalSearch) + [Window.IsVisible(musiclibrary) | Window.IsVisible(videolibrary)] | [Window.IsVisible(script-globalsearch-main.xml) + Control.IsVisible(198)] ">conditional</animation>
			<animation effect="slide" start="0,0" end="-45,0" time="0" condition="!Skin.HasSetting(HideTrailerBtn) + !IsEmpty(ListItem.Trailer) + ![Control.IsVisible(500) | Control.IsVisible(529) | Control.IsVisible(594) | Control.IsVisible(732)]">conditional</animation>
			<animation effect="slide" start="0,0" end="0,55" time="0" condition="!Skin.HasSetting(DisableTVNextAired) + !IsEmpty(Window(Home).Property(NextAired.NextDate))">conditional</animation>
			<visible>!Player.HasMedia | SubString(Window(videolibrary).Property(TvTunesIsAlive),TRUE)</visible>
		</control>
		<control type="label" id="1">
			<description>Date label</description>
			<left>360r</left>
			<top>25r</top>
			<width>250</width>
			<height>15</height>
			<align>right</align>
			<aligny>center</aligny>
			<font>font10</font>
			<textcolor>C0FFFFFF</textcolor>
			<shadowcolor>black</shadowcolor>
			<label>$INFO[System.Date]</label>
			<include>Window_OpenClose_Animation</include>
			<animation effect="fade" start="100" end="0" time="100" condition="Window.IsVisible(movieinformation)">Conditional</animation>
			<animation effect="slide" start="0,0" end="-45,00" time="0" condition="!Window.IsVisible(loginscreen) + !Skin.HasSetting(DisableGlobalSearch) + [Window.IsVisible(musiclibrary) | Window.IsVisible(videolibrary)] | [Window.IsVisible(script-globalsearch-main.xml) + Control.IsVisible(198)] ">conditional</animation>
			<animation effect="slide" start="0,0" end="-45,00" time="0" condition="!Skin.HasSetting(HideTrailerBtn) + !IsEmpty(ListItem.Trailer) + ![Control.IsVisible(500) | Control.IsVisible(529) | Control.IsVisible(594) | Control.IsVisible(732)]">conditional</animation>
			<animation effect="slide" start="0,0" end="0,55" time="0" condition="!Skin.HasSetting(DisableTVNextAired) + !IsEmpty(Window(Home).Property(NextAired.NextDate))">conditional</animation>
			<visible>!Player.HasMedia | SubString(Window(videolibrary).Property(TvTunesIsAlive),TRUE)</visible>
		</control>
	</include>
	<include name="CommonNowPlaying">
		<control type="group">
			<left>605r</left>
			<top>55r</top>
			<visible>Player.HasMedia + !SubString(Window(videolibrary).Property(TvTunesIsAlive),TRUE)</visible>
			<visible>!Window.IsVisible(loginscreen)</visible>
			<include>VisibleFadeEffect</include>
			<animation effect="fade" time="250" condition="Window.Previous(Home)">WindowOpen</animation>
			<animation effect="fade" time="250" condition="Window.Next(Home)">WindowClose</animation>
			<animation effect="slide" start="0,0" end="-45,00" time="0" condition="!Skin.HasSetting(DisableGlobalSearch) + [Window.IsVisible(musiclibrary) | Window.IsVisible(videolibrary)] | [Window.IsVisible(script-globalsearch-main.xml) + Control.IsVisible(198)] ">conditional</animation>
			<control type="label">
				<left>0</left>
				<top>2</top>
				<width>450</width>
				<height>20</height>
				<label>$VAR[CommonMediaPlaying]</label>
				<align>right</align>
				<aligny>center</aligny>
				<font>font12</font>
				<textcolor>grey</textcolor>
				<shadowcolor>black</shadowcolor>
			</control>
			<control type="label">
				<left>0</left>
				<top>25</top>
				<width>450</width>
				<height>20</height>
				<label>$INFO[MusicPlayer.Artist]$INFO[MusicPlayer.Album, - ]</label>
				<align>right</align>
				<aligny>center</aligny>
				<font>font10</font>
				<textcolor>grey</textcolor>
				<shadowcolor>black</shadowcolor>
				<visible>Player.HasAudio</visible>
			</control>
			<control type="label">
				<left>0</left>
				<top>25</top>
				<width>450</width>
				<height>20</height>
				<label>$INFO[VideoPlayer.Studio]</label>
				<align>right</align>
				<aligny>center</aligny>
				<font>font10</font>
				<textcolor>grey</textcolor>
				<shadowcolor>black</shadowcolor>
				<visible>Player.HasVideo + VideoPlayer.Content(Movies)</visible>
			</control>
			<control type="label">
				<left>0</left>
				<top>25</top>
				<width>450</width>
				<height>20</height>
				<label>$INFO[VideoPlayer.TVShowTitle]</label>
				<align>right</align>
				<aligny>center</aligny>
				<font>font10</font>
				<textcolor>grey</textcolor>
				<shadowcolor>black</shadowcolor>
				<visible>Player.HasVideo + VideoPlayer.Content(Episodes)</visible>
			</control>
			<control type="label">
				<left>0</left>
				<top>25</top>
				<width>450</width>
				<height>20</height>
				<label>$INFO[VideoPlayer.Artist]</label>
				<align>right</align>
				<aligny>center</aligny>
				<font>font10</font>
				<textcolor>grey</textcolor>
				<shadowcolor>black</shadowcolor>
				<visible>Player.HasVideo + VideoPlayer.Content(MusicVideos)</visible>
			</control>
			<control type="label">
				<left>0</left>
				<top>25</top>
				<width>450</width>
				<height>20</height>
				<label>$INFO[VideoPlayer.ChannelName]$INFO[VideoPlayer.ChannelNumber, - ([COLOR=blue],[/COLOR])]</label>
				<align>right</align>
				<aligny>center</aligny>
				<font>font12</font>
				<textcolor>grey</textcolor>
				<shadowcolor>black</shadowcolor>
				<visible>Player.HasVideo + VideoPlayer.Content(LiveTV)</visible>
			</control>
		</control>
	</include>
	<include name="NextAired">
		<control type="group">
			<left>605r</left>
			<top>55r</top>
			<visible>!Skin.HasSetting(DisableTVNextAired) + !Player.HasMedia + !IsEmpty(Window(Home).Property(NextAired.NextDate)) + [Container.Content(TVShows) | Container.Content(Seasons) | Container.Content(Episodes)]</visible>
			<include>VisibleFadeEffect</include>
			<animation effect="fade" time="250" condition="Window.Previous(Home)">WindowOpen</animation>
			<animation effect="fade" time="250" condition="Window.Next(Home)">WindowClose</animation>
			<animation effect="slide" start="0,0" end="-45,00" time="0" condition="!Skin.HasSetting(DisableGlobalSearch) + [Window.IsVisible(musiclibrary) | Window.IsVisible(videolibrary)] | [Window.IsVisible(script-globalsearch-main.xml) + Control.IsVisible(198)] ">conditional</animation>
			<control type="label">
				<left>0</left>
				<top>2</top>
				<width>450</width>
				<height>20</height>
				<align>right</align>
				<aligny>center</aligny>
				<font>font12</font>
				<textcolor>grey</textcolor>
				<shadowcolor>black</shadowcolor>
				<label>$INFO[Window(Home).Property(NextAired.NextNumber),[COLOR=blue]$LOCALIZE[209]:[/COLOR] ]$INFO[Window(Home).Property(NextAired.NextTitle), • ]</label>
				<visible>!IsEmpty(Window(Home).Property(NextAired.NextDate))</visible>
			</control>
			<control type="label">
				<left>0</left>
				<top>25</top>
				<width>450</width>
				<height>20</height>
				<align>right</align>
				<aligny>center</aligny>
				<font>font10</font>
				<textcolor>grey</textcolor>
				<shadowcolor>black</shadowcolor>
				<label>$INFO[Window(Home).Property(NextAired.NextDate),[COLOR=blue]$LOCALIZE[552]:[/COLOR] ]$INFO[Window(Home).Property(NextAired.AirTime), • ]</label>
				<visible>!IsEmpty(Window(Home).Property(NextAired.NextDate))</visible>
			</control>
		</control>
	</include>
	<include name="SmallMusicInfo">
		<control type="image">
			<description>gradient</description>
			<left>0</left>
			<top>0</top>
			<width>500</width>
			<height>165</height>
			<colordiffuse>DDFFFFFF</colordiffuse>
			<texture border="20">OverlayDialogBackground.png</texture>
		</control>
		<control type="image">
			<description>Cover image</description>
			<left>20</left>
			<top>17</top>
			<width>130</width>
			<height>130</height>
			<texture>$INFO[MusicPlayer.Cover]</texture>
		</control>
		<control type="label">
			<description>Artist label</description>
			<left>160</left>
			<top>20</top>
			<height>30</height>
			<width>325</width>
			<label>$INFO[MusicPlayer.Artist]</label>
			<align>left</align>
			<aligny>center</aligny>
			<font>font12_title</font>
			<textcolor>grey2</textcolor>
			<shadowcolor>black</shadowcolor>
		</control>
		<control type="fadelabel">
			<description>Title label</description>
			<left>160</left>
			<top>43</top>
			<height>30</height>
			<width>325</width>
			<label>$INFO[Player.Title]</label>
			<align>left</align>
			<aligny>center</aligny>
			<font>font13_title</font>
			<textcolor>white</textcolor>
			<shadowcolor>black</shadowcolor>
			<scrollout>false</scrollout>
			<pauseatend>2000</pauseatend>
		</control>
		<control type="label">
			<description>Album Label</description>
			<left>160</left>
			<top>70</top>
			<height>30</height>
			<width>325</width>
			<label>$INFO[MusicPlayer.Album]$INFO[musicplayer.discnumber, - $LOCALIZE[427]:]</label>
			<align>left</align>
			<aligny>center</aligny>
			<font>font12</font>
			<textcolor>white</textcolor>
			<shadowcolor>black</shadowcolor>
		</control>
		<control type="label">
			<description>Time Label</description>
			<left>160</left>
			<top>95</top>
			<height>30</height>
			<width>325</width>
			<label>$INFO[MusicPlayer.Time]$INFO[MusicPlayer.Duration, / ]</label>
			<align>left</align>
			<aligny>center</aligny>
			<font>font12</font>
			<textcolor>white</textcolor>
			<shadowcolor>black</shadowcolor>
		</control>
		<control type="label">
			<description>Next Label</description>
			<left>160</left>
			<top>120</top>
			<height>30</height>
			<width>325</width>
			<label>[COLOR=blue]$LOCALIZE[19031] :[/COLOR] $INFO[MusicPlayer.offset(1).Title]</label>
			<align>right</align>
			<aligny>center</aligny>
			<font>font12</font>
			<textcolor>grey</textcolor>
			<shadowcolor>black</shadowcolor>
		</control>
	</include>
	<include name="SmallVideoInfo">
		<control type="image">
			<description>gradient</description>
			<left>0</left>
			<top>0</top>
			<width>500</width>
			<height>165</height>
			<colordiffuse>DDFFFFFF</colordiffuse>
			<texture border="20">OverlayDialogBackground.png</texture>
		</control>
		<control type="image">
			<description>Cover image</description>
			<left>20</left>
			<top>17</top>
			<width>130</width>
			<height>130</height>
			<aspectratio>keep</aspectratio>
			<texture>$INFO[VideoPlayer.cover]</texture>
		</control>
		<control type="label">
			<description>Studio label</description>
			<left>160</left>
			<top>20</top>
			<height>30</height>
			<width>325</width>
			<label>$INFO[VideoPlayer.Studio]</label>
			<align>left</align>
			<aligny>center</aligny>
			<font>font12_title</font>
			<textcolor>grey2</textcolor>
			<shadowcolor>black</shadowcolor>
			<visible>!videoplayer.content(episodes) + !videoplayer.content(musicvideos)</visible>
		</control>
		<control type="label">
			<description>TV Show Title label</description>
			<left>160</left>
			<top>20</top>
			<height>30</height>
			<width>325</width>
			<label>$INFO[VideoPlayer.tvshowtitle]</label>
			<align>left</align>
			<aligny>center</aligny>
			<font>font12_title</font>
			<textcolor>white</textcolor>
			<shadowcolor>black</shadowcolor>
			<visible>videoplayer.content(episodes)</visible>
		</control>
		<control type="fadelabel">
			<description>Music Video Artist label</description>
			<left>160</left>
			<top>20</top>
			<height>30</height>
			<width>325</width>
			<label>$INFO[VideoPlayer.Artist]</label>
			<align>left</align>
			<aligny>center</aligny>
			<font>font12_title</font>
			<textcolor>white</textcolor>
			<shadowcolor>black</shadowcolor>
			<visible>videoplayer.content(musicvideos)</visible>
			<scrollout>false</scrollout>
			<pauseatend>2000</pauseatend>
		</control>
		<control type="fadelabel">
			<description>Title label</description>
			<left>160</left>
			<top>43</top>
			<height>30</height>
			<width>325</width>
			<label>$INFO[Player.Title]</label>
			<align>left</align>
			<aligny>center</aligny>
			<font>font13_title</font>
			<textcolor>white</textcolor>
			<shadowcolor>black</shadowcolor>
			<scrollout>false</scrollout>
			<pauseatend>2000</pauseatend>
		</control>
		<control type="label">
			<description>Genre label</description>
			<left>160</left>
			<top>70</top>
			<height>30</height>
			<width>325</width>
			<label>$INFO[VideoPlayer.Genre]</label>
			<align>left</align>
			<aligny>center</aligny>
			<font>font12</font>
			<textcolor>white</textcolor>
			<shadowcolor>black</shadowcolor>
			<visible>!videoplayer.content(episodes) + !videoplayer.content(musicvideos)</visible>
		</control>
		<control type="label">
			<left>160</left>
			<top>70</top>
			<height>30</height>
			<width>325</width>
			<label>$INFO[VideoPlayer.Album]</label>
			<align>left</align>
			<aligny>center</aligny>
			<font>font12</font>
			<textcolor>white</textcolor>
			<shadowcolor>black</shadowcolor>
			<visible>videoplayer.content(musicvideos)</visible>
		</control>
		<control type="label">
			<description>Season and Episode label</description>
			<left>160</left>
			<top>70</top>
			<height>30</height>
			<width>325</width>
			<label>$LOCALIZE[20373] $INFO[VideoPlayer.Season] - $LOCALIZE[20359] $INFO[VideoPlayer.episode]</label>
			<align>left</align>
			<aligny>center</aligny>
			<font>font12</font>
			<textcolor>white</textcolor>
			<shadowcolor>black</shadowcolor>
			<visible>videoplayer.content(episodes)</visible>
		</control>
		<control type="label">
			<description>Time Label</description>
			<left>160</left>
			<top>95</top>
			<height>30</height>
			<width>325</width>
			<label>$INFO[VideoPlayer.Time]$INFO[VideoPlayer.Duration, / ]</label>
			<align>left</align>
			<aligny>center</aligny>
			<font>font12</font>
			<textcolor>white</textcolor>
			<shadowcolor>black</shadowcolor>
		</control>
	</include>
	<include name="TVNextAiredListCommonLayout">
		<itemlayout height="150" width="280">
			<control type="image">
				<left>0</left>
				<top>0</top>
				<width>280</width>
				<height>145</height>
				<texture border="10">button-nofocus.png</texture>
			</control>
			<control type="image">
				<description>Thumb</description>
				<left>5</left>
				<top>5</top>
				<width>270</width>
				<height>55</height>
				<aspectratio>keep</aspectratio>
				<texture background="true">$INFO[ListItem.Property(Art(poster))]</texture>
				<visible>StringCompare(Window(Home).Property(TVGuide.ThumbType),0)</visible>
			</control>
			<control type="image">
				<description>Banner</description>
				<left>5</left>
				<top>5</top>
				<width>270</width>
				<height>55</height>
				<aspectratio>keep</aspectratio>
				<texture background="true">$INFO[ListItem.Property(Art(banner))]</texture>
				<visible>StringCompare(Window(Home).Property(TVGuide.ThumbType),1)</visible>
			</control>
			<control type="image">
				<description>Logo</description>
				<left>5</left>
				<top>5</top>
				<width>270</width>
				<height>55</height>
				<aspectratio>keep</aspectratio>
				<texture background="true">$INFO[ListItem.Property(Path),,logo.png]</texture>
				<visible>StringCompare(Window(Home).Property(TVGuide.ThumbType),2)</visible>
			</control>
			<control type="label">
				<description>Episode Number</description>
				<left>10</left>
				<top>60</top>
				<width>260</width>
				<height>15</height>
				<label>$INFO[ListItem.Property(NextNumber),$LOCALIZE[20359] [COLOR=blue]-[/COLOR] ]</label>
				<textcolor>white</textcolor>
				<font>font12</font>
				<align>center</align>
			</control>
			<control type="label">
				<description>Episode Name</description>
				<left>10</left>
				<top>80</top>
				<width>260</width>
				<height>15</height>
				<label>$INFO[ListItem.Property(NextTitle)]</label>
				<textcolor>white</textcolor>
				<font>font12</font>
				<align>center</align>
			</control>
			<control type="label">
				<description>Next air date/time</description>
				<left>10</left>
				<top>100</top>
				<width>260</width>
				<height>15</height>
				<label>$INFO[ListItem.Property(ShortTime)]$INFO[ListItem.Property(NextDate), [COLOR=blue]-[/COLOR] ]</label>
				<textcolor>grey2</textcolor>
				<font>font12</font>
				<align>center</align>
			</control>
			<control type="label">
				<description>Duration</description>
				<left>10</left>
				<top>120</top>
				<width>260</width>
				<height>15</height>
				<label>$INFO[ListItem.Property(Runtime),, $LOCALIZE[12391]]$INFO[ListItem.Property(Network), [COLOR=blue]-[/COLOR] (,)]</label>
				<textcolor>grey2</textcolor>
				<font>font12</font>
				<align>center</align>
			</control>
		</itemlayout>
		<focusedlayout height="150" width="280">
			<control type="image">
				<left>0</left>
				<top>0</top>
				<width>280</width>
				<height>145</height>
				<texture border="10">button-focus2.png</texture>
			</control>
			<control type="image">
				<description>Thumb</description>
				<left>5</left>
				<top>5</top>
				<width>270</width>
				<height>55</height>
				<aspectratio>keep</aspectratio>
				<texture background="true">$INFO[ListItem.Property(Art(poster))]</texture>
				<visible>StringCompare(Window(Home).Property(TVGuide.ThumbType),0)</visible>
			</control>
			<control type="image">
				<description>Banner</description>
				<left>5</left>
				<top>5</top>
				<width>270</width>
				<height>55</height>
				<aspectratio>keep</aspectratio>
				<texture background="true">$INFO[ListItem.Property(Art(banner))]</texture>
				<visible>StringCompare(Window(Home).Property(TVGuide.ThumbType),1)</visible>
			</control>
			<control type="image">
				<description>Logo</description>
				<left>5</left>
				<top>5</top>
				<width>270</width>
				<height>55</height>
				<aspectratio>keep</aspectratio>
				<texture background="true">$INFO[ListItem.Property(Path),,logo.png]</texture>
				<visible>StringCompare(Window(Home).Property(TVGuide.ThumbType),2)</visible>
			</control>
			<control type="label">
				<description>Episode Number</description>
				<left>10</left>
				<top>60</top>
				<width>260</width>
				<height>15</height>
				<label>$INFO[ListItem.Property(NextNumber),$LOCALIZE[20359] [COLOR=blue]-[/COLOR] ]</label>
				<textcolor>selected</textcolor>
				<font>font12</font>
				<align>center</align>
			</control>
			<control type="label">
				<description>Episode Name</description>
				<left>10</left>
				<top>80</top>
				<width>260</width>
				<height>15</height>
				<label>$INFO[ListItem.Property(NextTitle)]</label>
				<textcolor>selected</textcolor>
				<font>font12</font>
				<align>center</align>
			</control>
			<control type="label">
				<description>Next air date/time</description>
				<left>10</left>
				<top>100</top>
				<width>260</width>
				<height>15</height>
				<label>$INFO[ListItem.Property(ShortTime)]$INFO[ListItem.Property(NextDate), [COLOR=blue]-[/COLOR] ]</label>
				<textcolor>white</textcolor>
				<font>font12</font>
				<align>center</align>
			</control>
			<control type="label">
				<description>Duration</description>
				<left>10</left>
				<top>120</top>
				<width>260</width>
				<height>15</height>
				<label>$INFO[ListItem.Property(Runtime),, $LOCALIZE[12391]]$INFO[ListItem.Property(Network), [COLOR=blue]-[/COLOR] (,)]</label>
				<textcolor>white</textcolor>
				<font>font12</font>
				<align>center</align>
			</control>
		</focusedlayout>
	</include>
	<include name="BottonLogoImage">
		<control type="image">
			<description>LOGO</description>
			<left>10</left>
			<top>80r</top>
			<width>220</width>
			<height>80</height>
			<aspectratio>keep</aspectratio>
			<texture>Convergence_Logo.png</texture>
			<animation type="WindowOpen" reversible="false">
				<effect type="zoom" start="80" end="100" center="640,360" easing="out" tween="back" time="300" />
				<effect type="fade" start="0" end="100" time="300" />
			</animation>
			<animation type="WindowClose" reversible="false">
				<effect type="zoom" start="100" end="80" center="640,360" easing="in" tween="back" time="300" />
				<effect type="fade" start="100" end="0" time="300" />
			</animation>
		</control>
	</include>
	<include name="MenuMoviePlayListCheck">
		<visible>
			!IsEmpty(Skin.String(HomeMenu.1.Playlist)) + Skin.String(HomeMenu.1.Type,VideoPlayList) + StringCompare(Window(Home).Property(UsrSelectBtn),HomeMenu.1) |
			!IsEmpty(Skin.String(HomeMenu.2.Playlist)) + Skin.String(HomeMenu.2.Type,VideoPlayList) + StringCompare(Window(Home).Property(UsrSelectBtn),HomeMenu.2) |
			!IsEmpty(Skin.String(HomeMenu.3.Playlist)) + Skin.String(HomeMenu.3.Type,VideoPlayList) + StringCompare(Window(Home).Property(UsrSelectBtn),HomeMenu.3) |
			!IsEmpty(Skin.String(HomeMenu.4.Playlist)) + Skin.String(HomeMenu.4.Type,VideoPlayList) + StringCompare(Window(Home).Property(UsrSelectBtn),HomeMenu.4) |
			!IsEmpty(Skin.String(HomeMenu.5.Playlist)) + Skin.String(HomeMenu.5.Type,VideoPlayList) + StringCompare(Window(Home).Property(UsrSelectBtn),HomeMenu.5) |
			!IsEmpty(Skin.String(HomeMenu.6.Playlist)) + Skin.String(HomeMenu.6.Type,VideoPlayList) + StringCompare(Window(Home).Property(UsrSelectBtn),HomeMenu.6) |
			!IsEmpty(Skin.String(HomeMenu.7.Playlist)) + Skin.String(HomeMenu.7.Type,VideoPlayList) + StringCompare(Window(Home).Property(UsrSelectBtn),HomeMenu.7) |
			!IsEmpty(Skin.String(HomeMenu.8.Playlist)) + Skin.String(HomeMenu.8.Type,VideoPlayList) + StringCompare(Window(Home).Property(UsrSelectBtn),HomeMenu.8) |
			!IsEmpty(Skin.String(HomeMenu.9.Playlist)) + Skin.String(HomeMenu.9.Type,VideoPlayList) + StringCompare(Window(Home).Property(UsrSelectBtn),HomeMenu.9) |
			!IsEmpty(Skin.String(HomeMenu.10.Playlist)) + Skin.String(HomeMenu.10.Type,VideoPlayList) + StringCompare(Window(Home).Property(UsrSelectBtn),HomeMenu.10)
		</visible>
	</include>
	<include name="MenuMusicPlayListCheck">
		<visible>
			!IsEmpty(Skin.String(HomeMenu.1.Playlist)) + Skin.String(HomeMenu.1.Type,MusicPlaylist) + StringCompare(Window(Home).Property(UsrSelectBtn),HomeMenu.1) |
			!IsEmpty(Skin.String(HomeMenu.2.Playlist)) + Skin.String(HomeMenu.2.Type,MusicPlaylist) + StringCompare(Window(Home).Property(UsrSelectBtn),HomeMenu.2) |
			!IsEmpty(Skin.String(HomeMenu.3.Playlist)) + Skin.String(HomeMenu.3.Type,MusicPlaylist) + StringCompare(Window(Home).Property(UsrSelectBtn),HomeMenu.3) |
			!IsEmpty(Skin.String(HomeMenu.4.Playlist)) + Skin.String(HomeMenu.4.Type,MusicPlaylist) + StringCompare(Window(Home).Property(UsrSelectBtn),HomeMenu.4) |
			!IsEmpty(Skin.String(HomeMenu.5.Playlist)) + Skin.String(HomeMenu.5.Type,MusicPlaylist) + StringCompare(Window(Home).Property(UsrSelectBtn),HomeMenu.5) |
			!IsEmpty(Skin.String(HomeMenu.6.Playlist)) + Skin.String(HomeMenu.6.Type,MusicPlaylist) + StringCompare(Window(Home).Property(UsrSelectBtn),HomeMenu.6) |
			!IsEmpty(Skin.String(HomeMenu.7.Playlist)) + Skin.String(HomeMenu.7.Type,MusicPlaylist) + StringCompare(Window(Home).Property(UsrSelectBtn),HomeMenu.7) |
			!IsEmpty(Skin.String(HomeMenu.8.Playlist)) + Skin.String(HomeMenu.8.Type,MusicPlaylist) + StringCompare(Window(Home).Property(UsrSelectBtn),HomeMenu.8) |
			!IsEmpty(Skin.String(HomeMenu.9.Playlist)) + Skin.String(HomeMenu.9.Type,MusicPlaylist) + StringCompare(Window(Home).Property(UsrSelectBtn),HomeMenu.9) |
			!IsEmpty(Skin.String(HomeMenu.10.Playlist)) + Skin.String(HomeMenu.10.Type,MusicPlaylist) + StringCompare(Window(Home).Property(UsrSelectBtn),HomeMenu.10)
		</visible>
	</include>
</includes>