<?xml version="1.0" encoding="UTF-8"?>
<includes>
	<include name="PosterWrapView">
		<control type="grouplist">
			<visible>Control.IsVisible(501)</visible>
			<left>0</left>
			<top>155</top>
			<width>1280</width>
			<height>460</height>
			<onup>9000</onup>
			<ondown>803</ondown>
			<usecontrolcoords>true</usecontrolcoords>
			<include>VisibleFadeEffect</include>
			<control type="fixedlist" id="501">
				<visible>Container.Content(Movies) | Container.Content(Seasons) | Container.Content(TVShows) | Container.Content(Sets) | Container.Content(MusicVideos)</visible>
				<visible>!Container.Content(LiveTV)</visible>
				<left>-160</left>
				<top>0</top>
				<width>1526</width>
				<height>390</height>
				<onleft>501</onleft>
				<onright>501</onright>
				<onup>2</onup>
				<ondown>60</ondown>
				<viewtype label="31638">bigwrap</viewtype>
				<pagecontrol>60</pagecontrol>
				<scrolltime>200</scrolltime>
				<focusposition>3</focusposition>
				<orientation>horizontal</orientation>
				<preloaditems>4</preloaditems>
				<itemlayout width="230" height="310">
					<control type="image">
						<left>0</left>
						<top>0</top>
						<width>202</width>
						<height>310</height>
						<aspectratio>stretch</aspectratio>
						<texture background="true">$INFO[ListItem.Icon]</texture>
						<visible>stringcompare(ListItem.Label,..) | IsEmpty(ListItem.Art(poster))</visible>
					</control>
					<control type="group">
						<control type="image">
							<left>6</left>
							<top>6</top>
							<width>195</width>
							<height>310</height>
							<aspectratio>stretch</aspectratio>
							<texture>CaseInside.png</texture>
						</control>
						<control type="image">
							<left>25</left>
							<top>10</top>
							<width>170</width>
							<height>290</height>
							<aspectratio>stretch</aspectratio>
							<texture background="true" diffuse="ClearCase/EmptyCaseMask.png">$VAR[PosterThumb]</texture>
						</control>
						<control type="image">
							<left>25</left>
							<top>10</top>
							<width>170</width>
							<height>290</height>
							<aspectratio>stretch</aspectratio>
							<texture background="true" diffuse="ClearCase/EmptyCaseMask.png">black-back.png</texture>
							<visible>!StringCompare(ListItem.label,..) + Skin.HasSetting(DarkenWatchedMedia) + StringCompare(ListItem.Overlay,OverlayWatched.png) + !ListItem.IsResumable</visible>
						</control>
						<control type="image">
							<left>90</left>
							<top>10</top>
							<width>105</width>
							<height>105</height>
							<fadetime>IconCrossfadeTime</fadetime>
							<texture>StatusBanner/3DBanner.png</texture>
							<visible>ListItem.IsStereoscopic</visible>
						</control>
						<control type="image">
							<left>90</left>
							<top>10</top>
							<width>105</width>
							<height>105</height>
							<fadetime>IconCrossfadeTime</fadetime>
							<texture>$VAR[StatusBanner,StatusBanner/,.png]</texture>
							<visible>!Skin.HasSetting(DisableWatchedCheck) + !IsEmpty(ListItem.Overlay)</visible>
						</control>
						<control type="image">
							<left>0</left>
							<top>0</top>
							<width>202</width>
							<height>310</height>
							<aspectratio>stretch</aspectratio>
							<texture fallback="ClearCase/dv.png">$VAR[VideoListCase,ClearCase/,.png]</texture>
						</control>
						<visible>!stringcompare(ListItem.Label,..) + !IsEmpty(ListItem.Art(poster))</visible>
					</control>
				</itemlayout>
				<focusedlayout width="250" height="310">
					<control type="image">
						<left>0</left>
						<top>0</top>
						<width>202</width>
						<height>310</height>
						<aspectratio>stretch</aspectratio>
						<texture background="true">$INFO[ListItem.Icon]</texture>
						<animation type="focus" reversible="false">
							<effect type="zoom" start="0,0,202,310" end="-21,-32,244,374" time="250" />
						</animation>
						<animation type="UnFocus" reversible="true">
							<effect type="zoom" start="-21,-32,244,374" end="0,0,202,310" time="250" reversible="true" />
						</animation>
						<visible>stringcompare(ListItem.Label,..) | IsEmpty(ListItem.Art(poster))</visible>
					</control>
					<control type="group">
						<control type="image">
							<left>6</left>
							<top>6</top>
							<width>195</width>
							<height>310</height>
							<aspectratio>stretch</aspectratio>
							<texture>CaseInside.png</texture>
							<animation effect="zoom" start="6,6,195,310" end="-15,-26,244,374" time="250">Focus</animation>
							<animation effect="zoom" start="-15,-26,244,374" end="6,6,195,310" time="250">UnFocus</animation>
						</control>
						<control type="image">
							<left>12</left>
							<top>71</top>
							<width>173</width>
							<height>173</height>
							<aspectratio>stretch</aspectratio>
							<texture fallback="Disks/disc-dvd.png" diffuse="Disks/disc_mask.png" background="true">$VAR[PosterDiskArt]</texture>
							<animation effect="zoom" start="12,71,173,173" end="-3,51,209,209" time="250">Focus</animation>
							<animation effect="zoom" start="-3,51,209,209" end="12,71,173,173" time="250">UnFocus</animation>
							<visible>!Skin.HasSetting(DisableAnimatedCase)</visible>
						</control>
						<control type="label">
							<left>100</left>
							<top>250</top>
							<width>83</width>
							<height>17</height>
							<align>center</align>
							<label>$INFO[ListItem.Year]</label>
							<font>font28_title</font>
							<textcolor>FF574F46</textcolor>
							<shadowcolor>FF000000</shadowcolor>
							<animation effect="zoom" start="100,250,83,17" end="96,272,91,20" time="250">Focus</animation>
							<animation effect="zoom" start="96,272,91,20" end="100,250,83,17" time="250">UnFocus</animation>
							<visible>!Skin.HasSetting(DisableAnimatedCase) + !IsEmpty(ListItem.Year)</visible>
						</control>
						<control type="image">
							<left>25</left>
							<top>10</top>
							<width>170</width>
							<height>290</height>
							<aspectratio>stretch</aspectratio>
							<texture background="true" diffuse="ClearCase/EmptyCaseMask.png">$VAR[PosterThumb]</texture>
							<animation type="Focus" reversible="false">
								<effect type="zoom" start="25,10,170,290" end="10,-20,204,348" time="250" />
								<effect type="rotatey" delay="800" center="1" start="0" end="85" time="1000" tween="quadratic" easing="out" />
							</animation>
							<animation type="UnFocus" reversible="true">
								<effect type="zoom" start="10,-20,204,348" end="25,10,170,290" time="250" reversible="true" />
								<effect type="rotatey" center="1" start="85" end="0" time="250" reversible="true" />
							</animation>
							<visible>!Skin.HasSetting(DisableAnimatedCase)</visible>
						</control>
						<control type="image">
							<left>25</left>
							<top>10</top>
							<width>170</width>
							<height>290</height>
							<aspectratio>stretch</aspectratio>
							<texture background="true" diffuse="ClearCase/EmptyCaseMask.png">black-back.png</texture>
							<animation type="Focus" reversible="false">
								<effect type="zoom" start="25,10,170,290" end="10,-20,204,348" time="250" />
								<effect type="rotatey" delay="800" center="1" start="0" end="85" time="1000" tween="quadratic" easing="out" />
							</animation>
							<animation type="UnFocus" reversible="true">
								<effect type="zoom" start="10,-20,204,348" end="25,10,170,290" time="250" reversible="true" />
								<effect type="rotatey" center="1" start="85" end="0" time="250" reversible="true" />
							</animation>
							<visible>!Skin.HasSetting(DisableAnimatedCase)</visible>
							<visible>!StringCompare(ListItem.label,..) + Skin.HasSetting(DarkenWatchedMedia) + StringCompare(ListItem.Overlay,OverlayWatched.png) + !ListItem.IsResumable</visible>
						</control>
						<control type="image">
							<left>25</left>
							<top>10</top>
							<width>170</width>
							<height>290</height>
							<aspectratio>stretch</aspectratio>
							<texture background="true" diffuse="ClearCase/EmptyCaseMask.png">$VAR[PosterThumb]</texture>
							<animation type="Focus" reversible="false">
								<effect type="zoom" start="25,10,170,290" end="10,-20,204,348" time="250" />
							</animation>
							<animation type="UnFocus" reversible="true">
								<effect type="zoom" start="10,-20,204,348" end="25,10,170,290" time="250" reversible="true" />
							</animation>
							<visible>Skin.HasSetting(DisableAnimatedCase)</visible>
						</control>
						<control type="image">
							<left>25</left>
							<top>10</top>
							<width>170</width>
							<height>290</height>
							<aspectratio>stretch</aspectratio>
							<texture background="true" diffuse="ClearCase/EmptyCaseMask.png">black-back.png</texture>
							<animation type="Focus" reversible="false">
								<effect type="zoom" start="25,10,170,290" end="10,-20,204,348" time="250" />
							</animation>
							<animation type="UnFocus" reversible="true">
								<effect type="zoom" start="10,-20,204,348" end="25,10,170,290" time="250" reversible="true" />
							</animation>
							<visible>Skin.HasSetting(DisableAnimatedCase)</visible>
							<visible>!StringCompare(ListItem.label,..) + Skin.HasSetting(DarkenWatchedMedia) + StringCompare(ListItem.Overlay,OverlayWatched.png) + !ListItem.IsResumable</visible>
						</control>
						<control type="image">
							<left>90</left>
							<top>10</top>
							<width>105</width>
							<height>105</height>
							<fadetime>IconCrossfadeTime</fadetime>
							<texture>StatusBanner/3DBanner.png</texture>
							<animation type="focus" reversible="false">
								<effect type="zoom" start="90,10,105,105" end="102,-20,110,110" time="250" />
								<effect type="rotatey" delay="800" center="-20" start="0" end="85" time="1000" tween="quadratic" easing="out" />
								<effect type="fade" start="100" end="0" delay="800" time="1000" />
							</animation>
							<animation type="UnFocus" reversible="true">
								<effect type="zoom" start="102,-20,110,110" end="90,10,105,105" time="250" reversible="true" />
								<effect type="rotatey" center="20" start="85" end="0" time="250" reversible="true" />
								<effect type="fade" start="0" end="100" time="250" />
							</animation>
							<visible>ListItem.IsStereoscopic</visible>
							<visible>!Skin.HasSetting(DisableAnimatedCase)</visible>
						</control>
						<control type="image">
							<left>90</left>
							<top>10</top>
							<width>105</width>
							<height>105</height>
							<fadetime>IconCrossfadeTime</fadetime>
							<texture>StatusBanner/3DBanner.png</texture>
							<animation type="focus" reversible="false">
								<effect type="zoom" start="90,10,105,105" end="102,-20,110,110" time="250" />
							</animation>
							<animation type="UnFocus" reversible="true">
								<effect type="zoom" start="102,-20,110,110" end="90,10,105,105" time="250" reversible="true" />
							</animation>
							<visible>ListItem.IsStereoscopic</visible>
							<visible>Skin.HasSetting(DisableAnimatedCase)</visible>
						</control>
						<control type="image">
							<left>90</left>
							<top>10</top>
							<width>105</width>
							<height>105</height>
							<fadetime>IconCrossfadeTime</fadetime>
							<texture>$VAR[StatusBanner,StatusBanner/,.png]</texture>
							<animation type="focus" reversible="false">
								<effect type="zoom" start="90,10,105,105" end="102,-20,110,110" time="250" />
								<effect type="rotatey" delay="800" center="-20" start="0" end="85" time="1000" tween="quadratic" easing="out" />
								<effect type="fade" start="100" end="0" delay="800" time="1000" />
							</animation>
							<animation type="UnFocus" reversible="true">
								<effect type="zoom" start="102,-20,110,110" end="90,10,105,105" time="250" reversible="true" />
								<effect type="rotatey" center="20" start="85" end="0" time="250" reversible="true" />
								<effect type="fade" start="0" end="100" time="250" />
							</animation>
							<visible>!Skin.HasSetting(DisableWatchedCheck) + !IsEmpty(ListItem.Overlay)</visible>
							<visible>!Skin.HasSetting(DisableAnimatedCase)</visible>
						</control>
						<control type="image">
							<left>90</left>
							<top>10</top>
							<width>105</width>
							<height>105</height>
							<fadetime>IconCrossfadeTime</fadetime>
							<texture>$VAR[StatusBanner,StatusBanner/,.png]</texture>
							<animation type="focus" reversible="false">
								<effect type="zoom" start="90,10,105,105" end="102,-20,110,110" time="250" />
							</animation>
							<animation type="UnFocus" reversible="true">
								<effect type="zoom" start="102,-20,110,110" end="90,10,105,105" time="250" reversible="true" />
							</animation>
							<visible>!Skin.HasSetting(DisableWatchedCheck) + !IsEmpty(ListItem.Overlay)</visible>
							<visible>Skin.HasSetting(DisableAnimatedCase)</visible>
						</control>
						<control type="image">
							<left>0</left>
							<top>0</top>
							<width>202</width>
							<height>310</height>
							<aspectratio>stretch</aspectratio>
							<texture fallback="ClearCase/dv.png">$VAR[VideoListCase,ClearCase/,.png]</texture>
							<animation type="focus" reversible="false">
								<effect type="zoom" start="0,0,202,310" end="-21,-32,244,374" time="250" />
								<effect type="rotatey" delay="800" center="1" start="0" end="84" time="1000" tween="quadratic" easing="out" />
							</animation>
							<animation type="UnFocus" reversible="true">
								<effect type="zoom" start="-21,-32,244,374" end="0,0,202,310" time="250" reversible="true" />
								<effect type="rotatey" center="1" start="85" end="0" time="250" reversible="true" />
							</animation>
							<visible>!Skin.HasSetting(DisableAnimatedCase)</visible>
						</control>
						<control type="image">
							<left>0</left>
							<top>0</top>
							<width>202</width>
							<height>310</height>
							<aspectratio>stretch</aspectratio>
							<texture fallback="ClearCase/dv.png">$VAR[VideoListCase,ClearCase/,.png]</texture>
							<animation type="focus" reversible="false">
								<effect type="zoom" start="0,0,202,310" end="-21,-32,244,374" time="250" />
							</animation>
							<animation type="UnFocus" reversible="true">
								<effect type="zoom" start="-21,-32,244,374" end="0,0,202,310" time="250" reversible="true" />
							</animation>
							<visible>Skin.HasSetting(DisableAnimatedCase)</visible>
						</control>
						<visible>!stringcompare(ListItem.Label,..) + !IsEmpty(ListItem.Art(poster))</visible>
					</control>
				</focusedlayout>
			</control>
			<control type="scrollbar" id="60">
				<left>200</left>
				<top>-10</top>
				<width>880</width>
				<height>25</height>
				<texturesliderbackground border="14,0,14,0">ScrollBarH.png</texturesliderbackground>
				<texturesliderbar border="14,0,14,0">ScrollBarH_bar.png</texturesliderbar>
				<texturesliderbarfocus border="14,0,14,0">ScrollBarH_bar_focus.png</texturesliderbarfocus>
				<textureslidernib>ScrollBarNib.png</textureslidernib>
				<textureslidernibfocus>ScrollBarNib.png</textureslidernibfocus>
				<onup>501</onup>
				<ondown>803</ondown>
				<showonepage>true</showonepage>
				<orientation>horizontal</orientation>
				<visible>Control.IsVisible(501)</visible>
			</control>
		</control>
		<control type="group">
			<visible>Control.IsVisible(501)</visible>
			<control type="image">
				<left>-2</left>
				<top>0</top>
				<width>531</width>
				<height>780</height>
				<texture>SideFade.png</texture>
			</control>
			<control type="image">
				<left>753</left>
				<top>0</top>
				<width>531</width>
				<height>780</height>
				<texture flipx="true">SideFade.png</texture>
			</control>
		</control>
		<control type="group">
			<visible>Control.IsVisible(501)</visible>
			<left>90</left>
			<top>610</top>
			<include>FullScreenMediaFlagging</include>
		</control>
		<control type="group">
			<visible>Control.IsVisible(501) + !IsEmpty(ListItem.FileExtension) + [Container.Content(Movies) | Container.Content(Sets) | Container.Content(MusicVideos)]</visible>
			<control type="label">
				<left>0</left>
				<top>570</top>
				<width>1280</width>
				<height>20</height>
				<font>font12</font>
				<textcolor>white</textcolor>
				<shadowcolor>black</shadowcolor>
				<scroll>true</scroll>
				<align>center</align>
				<aligny>center</aligny>
				<label>$INFO[ListItem.Duration,[B][COLOR=blue]$LOCALIZE[2050][/COLOR][/B] , $LOCALIZE[12391]] $INFO[ListItem.RatingAndVotes, [B][COLOR=blue]$LOCALIZE[563][/COLOR][/B] ]$INFO[ListItem.LastPlayed, [B][COLOR=blue]$LOCALIZE[568][/COLOR][/B] ]</label>
			</control>
		</control>
		<control type="group">
			<visible>Control.IsVisible(501) + IsEmpty(ListItem.FileExtension) + [Container.Content(Movies) | Container.Content(Sets) | Container.Content(MusicVideos)]</visible>
			<control type="label">
				<left>0</left>
				<top>570</top>
				<width>1280</width>
				<height>20</height>
				<font>font12</font>
				<textcolor>white</textcolor>
				<scroll>false</scroll>
				<align>center</align>
				<aligny>center</aligny>
				<label>$INFO[ListItem.Director ,  [COLOR=blue][B]$LOCALIZE[20339]$LOCALIZE[31999][/B][/COLOR]] $INFO[ListItem.Studio,  [COLOR=blue][B]$LOCALIZE[572]$LOCALIZE[31999][/B][/COLOR]]</label>
				<visible>!IsEmpty(ListItem.Director) | !IsEmpty(ListItem.Studio)</visible>
			</control>
		</control>
		<control type="group">
			<visible>Control.IsVisible(501) + [Container.Content(TVShows) | Container.Content(Seasons)]</visible>
			<control type="label">
				<left>0</left>
				<top>555</top>
				<width>1280</width>
				<height>35</height>
				<font>font12</font>
				<textcolor>white</textcolor>
				<scroll>false</scroll>
				<align>center</align>
				<aligny>center</aligny>
				<label>$INFO[ListItem.Premiered,  [COLOR=blue][B]$LOCALIZE[31322]$LOCALIZE[31999][/B][/COLOR]] $INFO[ListItem.Studio,  [COLOR=blue][B]$LOCALIZE[572]$LOCALIZE[31999][/B][/COLOR]]</label>
				<visible>Container.Content(TVShows) + !IsEmpty(ListItem.Premiered) + !IsEmpty(ListItem.Studio)</visible>
			</control>
			<control type="label">
				<left>0</left>
				<top>555</top>
				<width>1280</width>
				<height>35</height>
				<font>font12</font>
				<textcolor>white</textcolor>
				<scroll>false</scroll>
				<align>center</align>
				<aligny>center</aligny>
				<label>$INFO[ListItem.Property(UnWatchedEpisodes),  [COLOR=blue][B]$LOCALIZE[31184]$LOCALIZE[31999][/B][/COLOR]] $INFO[ListItem.Studio,  [COLOR=blue][B]$LOCALIZE[572]$LOCALIZE[31999][/B][/COLOR]]</label>
				<visible>Container.Content(Seasons) + !IsEmpty(ListItem.Property(UnWatchedEpisodes)) + !IsEmpty(ListItem.Studio)</visible>
			</control>
		</control>
		<control type="group">
			<include>VideoLogoArt</include>
			<visible>Control.IsVisible(501)</visible>
		</control>
	</include>
</includes>