<?xml version="1.0" encoding="utf-8"?>
<includes>
	<include name="WideList">
		<control type="group">
			<visible>Control.IsVisible(529)</visible>
			<include>VisibleFadeEffect</include>
			<control type="image">
				<include>Dimensions_Fullscreen</include>
				<aspectratio>stretch</aspectratio>
				<texture>black-back.png</texture>
				<include>TransparentEffect</include>
			</control>
			<control type="panel" id="529">
				<visible>Container.Content(Movies) | Container.Content(TVshows) | Container.Content(Episodes) | Container.Content(seasons)</visible>
				<visible>!Container.Content(LiveTV)</visible>
				<viewtype label="$LOCALIZE[31652]">panel</viewtype>
				<wraparound>true</wraparound>
				<left>53</left>
				<top>85</top>
				<width>1176</width>
				<height>575</height>
				<pagecontrol>52960</pagecontrol>
				<onleft>9000</onleft>
				<onright>52960</onright>
				<onup>529</onup>
				<ondown>529</ondown>
				<preloaditems>2</preloaditems>
				<animation effect="fade" time="200">WindowClose</animation>
				<itemlayout height="144" width="587">
					<control type="image">
						<left>0</left>
						<top>5</top>
						<width>578</width>
						<height>140</height>
						<texture diffuse="MaskWide.png">black-back.png</texture>
						<include>TransparentEffect</include>
					</control>
					<control type="image">
						<left>68</left>
						<top>24</top>
						<width>71</width>
						<height>102</height>
						<info>ListItem.Icon</info>
						<texture background="true" diffuse="EmptyCaseMask.png" />
						<aspectratio>stretch</aspectratio>
						<visible>StringCompare(ListItem.Label,..)</visible>
					</control>
					<control type="image">
						<left>18</left>
						<top>24</top>
						<width>169</width>
						<height>102</height>
						<aspectratio aligny="bottom">keep</aspectratio>
						<fadetime>IconCrossfadeTime</fadetime>
						<texture background="true" fallback="SmallFanartFallback.jpg" diffuse="episodematte.png">$INFO[ListItem.Art(fanart)]</texture>
						<visible>Window.IsVisible(Videos) + !Container.Content(Episodes) + !StringCompare(ListItem.Label,..)</visible>
						<visible>!Skin.HasSetting(EnableAdditionalArtWork) | [Skin.HasSetting(EnableAdditionalArtWork) + IsEmpty(ListItem.Art(clearart))]</visible>
					</control>
					<control type="image">
						<left>18</left>
						<top>24</top>
						<width>169</width>
						<height>102</height>
						<aspectratio aligny="bottom">keep</aspectratio>
						<fadetime>IconCrossfadeTime</fadetime>
						<texture background="true" diffuse="episodematte.png">$INFO[ListItem.Art(clearart)]</texture>
						<visible>Container.Content(Movies) | Container.Content(TVshows)</visible>
						<visible>Skin.HasSetting(EnableAdditionalArtWork) + !IsEmpty(ListItem.Art(clearart))</visible>
					</control>
					<control type="image">
						<left>18</left>
						<top>24</top>
						<width>169</width>
						<height>102</height>
						<aspectratio>stretch</aspectratio>
						<fadetime>IconCrossfadeTime</fadetime>
						<texture fallback="SmallFanartFallback.jpg" background="true" diffuse="episodematte.png">$INFO[ListItem.Thumb]</texture>
						<visible>!IsEmpty(ListItem.Title) + Container.Content(Episodes) + !Skin.HasSetting(HideEpisodeThumb)</visible>
					</control>
					<control type="image">
						<left>18</left>
						<top>24</top>
						<width>169</width>
						<height>102</height>
						<aspectratio>stretch</aspectratio>
						<fadetime>IconCrossfadeTime</fadetime>
						<texture fallback="SmallFanartFallback.jpg" diffuse="episodematte.png">$INFO[ListItem.Art(fanart)]</texture>
						<visible>!IsEmpty(ListItem.Title) + Container.Content(Episodes) + Skin.HasSetting(HideEpisodeThumb)</visible>
					</control>
					<control type="image">
						<left>18</left>
						<top>24</top>
						<width>169</width>
						<height>102</height>
						<aspectratio>stretch</aspectratio>
						<fadetime>IconCrossfadeTime</fadetime>
						<texture diffuse="episodematte.png">black-back.png</texture>
						<visible>!StringCompare(ListItem.label,..) + Skin.HasSetting(DarkenWatchedMedia) + StringCompare(ListItem.Overlay,OverlayWatched.png) + !ListItem.IsResumable</visible>
					</control>
					<control type="label">
						<left>202</left>
						<top>22</top>
						<width>356</width>
						<height>20</height>
						<font>font18</font>
						<textcolor>white</textcolor>
						<shadowcolor>black</shadowcolor>
						<info>ListItem.label</info>
					</control>
					<control type="label">
						<left>202</left>
						<top>50</top>
						<width>356</width>
						<height>20</height>
						<font>font13</font>
						<textcolor>white</textcolor>
						<shadowcolor>black</shadowcolor>
						<info>ListItem.Year</info>
						<visible>Container.Content(Movies)</visible>
					</control>
					<control type="textbox">
						<left>202</left>
						<top>50</top>
						<width>356</width>
						<height>80</height>
						<font>font12</font>
						<textcolor>grey</textcolor>
						<shadowcolor>black</shadowcolor>
						<label fallback="31122">$INFO[ListItem.Plot]</label>
						<align>justify</align>
						<visible>Container.Content(Episodes) + !StringCompare(ListItem.Label,..)</visible>
					</control>
					<control type="label">
						<left>202</left>
						<top>50</top>
						<width>356</width>
						<height>20</height>
						<font>font13</font>
						<textcolor>white</textcolor>
						<shadowcolor>black</shadowcolor>
						<align>left</align>
						<aligny>top</aligny>
						<label>$INFO[ListItem.Episode] $LOCALIZE[20360] ($INFO[listItem.Property(UnWatchedEpisodes),, $LOCALIZE[16101]])</label>
						<visible>Container.Content(TVShows) | Container.Content(Seasons)</visible>
						<visible>IntegerGreaterThan(ListItem.Property(UnWatchedEpisodes),0)</visible>
						<visible>!StringCompare(ListItem.Label,..)</visible>
					</control>
					<control type="label">
						<left>202</left>
						<top>50</top>
						<width>356</width>
						<height>20</height>
						<font>font13</font>
						<textcolor>white</textcolor>
						<shadowcolor>black</shadowcolor>
						<align>left</align>
						<aligny>top</aligny>
						<label>$INFO[ListItem.Episode] $LOCALIZE[20360]</label>
						<visible>Container.Content(TVShows) | Container.Content(Seasons)</visible>
						<visible>!IntegerGreaterThan(ListItem.Property(UnWatchedEpisodes),0)</visible>
						<visible>!StringCompare(ListItem.Label,..)</visible>
					</control>
					<control type="label">
						<left>202</left>
						<top>50</top>
						<width>356</width>
						<height>20</height>
						<font>font13</font>
						<textcolor>white</textcolor>
						<shadowcolor>black</shadowcolor>
						<label>$LOCALIZE[31305]</label>
						<visible>StringCompare(ListItem.Label,..)</visible>
					</control>
					<control type="label">
						<left>202</left>
						<top>76</top>
						<width>356</width>
						<height>20</height>
						<font>font13</font>
						<textcolor>white</textcolor>
						<shadowcolor>black</shadowcolor>
						<info>ListItem.Genre</info>
						<visible>Container.Content(TVShows) | Container.Content(Seasons) | Container.Content(Movies)</visible>
					</control>
					<control type="label">
						<left>202</left>
						<top>100</top>
						<width>356</width>
						<height>20</height>
						<font>font13</font>
						<textcolor>white</textcolor>
						<shadowcolor>black</shadowcolor>
						<info>ListItem.TVShowTitle</info>
						<visible>Container.Content(Seasons)</visible>
					</control>
					<control type="image">
						<left>530</left>
						<top>7</top>
						<width>40</width>
						<height>40</height>
						<texture diffuse="poster-diffuse.png">MediaStatus/overlayunwatched.png</texture>
						<visible>!Skin.HasSetting(DisableWatchedCheck) + !IsEmpty(ListItem.Overlay)</visible>
					</control>
					<control type="image">
						<left>530</left>
						<top>7</top>
						<width>40</width>
						<height>40</height>
						<texture diffuse="poster-diffuse.png">$VAR[PartlyWatched,MediaStatus/,.png]</texture>
						<visible>!Skin.HasSetting(DisableWatchedCheck) + !IsEmpty(ListItem.Overlay)</visible>
					</control>
					<control type="image">
						<left>202</left>
						<top>110</top>
						<width>160</width>
						<height>20</height>
						<texture fallback="LeftRating/rating0.png">LeftRating/$INFO[ListItem.StarRating]</texture>
						<aspectratio>keep</aspectratio>
						<visible>!StringCompare(ListItem.Label,..)</visible>
						<visible>Container.Content(Movies) | Container.Content(TVshows)</visible>
					</control>
					<control type="label">
						<left>360</left>
						<top>104</top>
						<width>200</width>
						<height>20</height>
						<font>font13</font>
						<textcolor>white</textcolor>
						<shadowcolor>black</shadowcolor>
						<scroll>false</scroll>
						<align>right</align>
						<aligny>top</aligny>
						<label>$VAR[MediaRuntime]</label>
						<visible>!IsEmpty(ListItem.Duration) + !Container.Content(Episodes)</visible>
					</control>
				</itemlayout>
				<focusedlayout height="144" width="587">
					<control type="image">
						<left>0</left>
						<top>5</top>
						<width>578</width>
						<height>140</height>
						<texture diffuse="MaskWide.png">black-back.png</texture>
						<colordiffuse>AAFFFFFF</colordiffuse>
					</control>
					<control type="image">
						<left>1</left>
						<top>6</top>
						<width>576</width>
						<height>138</height>
						<texture diffuse="MaskWide.png" background="true">WideListSelect.png</texture>
						<colordiffuse>AAFFFFFF</colordiffuse>
					</control>
					<control type="image">
						<left>68</left>
						<top>24</top>
						<width>71</width>
						<height>102</height>
						<info>ListItem.Icon</info>
						<texture background="true" diffuse="EmptyCaseMask.png" />
						<aspectratio>stretch</aspectratio>
						<visible>StringCompare(ListItem.Label,..)</visible>
					</control>
					<control type="image">
						<left>18</left>
						<top>24</top>
						<width>169</width>
						<height>102</height>
						<aspectratio aligny="bottom">keep</aspectratio>
						<fadetime>IconCrossfadeTime</fadetime>
						<texture background="true" fallback="SmallFanartFallback.jpg" diffuse="episodematte.png">$INFO[ListItem.Art(fanart)]</texture>
						<visible>Window.IsVisible(Videos) + !Container.Content(Episodes) + !StringCompare(ListItem.Label,..)</visible>
						<visible>!Skin.HasSetting(EnableAdditionalArtWork) | [Skin.HasSetting(EnableAdditionalArtWork) + IsEmpty(ListItem.Art(clearart))]</visible>
					</control>
					<control type="image">
						<left>18</left>
						<top>24</top>
						<width>169</width>
						<height>102</height>
						<aspectratio aligny="bottom">keep</aspectratio>
						<fadetime>IconCrossfadeTime</fadetime>
						<texture background="true" diffuse="episodematte.png">$INFO[ListItem.Art(clearart)]</texture>
						<visible>Skin.HasSetting(EnableAdditionalArtWork) + !IsEmpty(ListItem.Art(clearart))</visible>
					</control>
					<control type="image">
						<left>18</left>
						<top>24</top>
						<width>169</width>
						<height>102</height>
						<aspectratio>stretch</aspectratio>
						<fadetime>IconCrossfadeTime</fadetime>
						<texture fallback="SmallFanartFallback.jpg" background="true" diffuse="episodematte.png">$INFO[ListItem.Thumb]</texture>
						<visible>!IsEmpty(ListItem.Title) + Container.Content(Episodes) + !Skin.HasSetting(HideEpisodeThumb)</visible>
					</control>
					<control type="image">
						<left>18</left>
						<top>24</top>
						<width>169</width>
						<height>102</height>
						<aspectratio>stretch</aspectratio>
						<fadetime>IconCrossfadeTime</fadetime>
						<texture fallback="SmallFanartFallback.jpg" diffuse="episodematte.png">$INFO[ListItem.Art(fanart)]</texture>
						<visible>!IsEmpty(ListItem.Title) + Container.Content(Episodes) + Skin.HasSetting(HideEpisodeThumb)</visible>
					</control>
					<control type="image">
						<left>18</left>
						<top>24</top>
						<width>169</width>
						<height>102</height>
						<aspectratio>stretch</aspectratio>
						<fadetime>IconCrossfadeTime</fadetime>
						<texture diffuse="episodematte.png">black-back.png</texture>
						<visible>!StringCompare(ListItem.label,..) + Skin.HasSetting(DarkenWatchedMedia) + StringCompare(ListItem.Overlay,OverlayWatched.png) + !ListItem.IsResumable</visible>
					</control>
					<control type="label">
						<left>202</left>
						<top>22</top>
						<width>356</width>
						<height>20</height>
						<font>font18</font>
						<textcolor>white</textcolor>
						<shadowcolor>black</shadowcolor>
						<info>ListItem.label</info>
					</control>
					<control type="label">
						<left>202</left>
						<top>50</top>
						<width>356</width>
						<height>20</height>
						<font>font13</font>
						<textcolor>white</textcolor>
						<shadowcolor>black</shadowcolor>
						<info>ListItem.Year</info>
						<visible>Container.Content(Movies)</visible>
					</control>
					<control type="textbox">
						<left>202</left>
						<top>50</top>
						<width>356</width>
						<height>80</height>
						<font>font12</font>
						<textcolor>lightgrey</textcolor>
						<shadowcolor>black</shadowcolor>
						<label fallback="31122">$INFO[ListItem.Plot]</label>
						<autoscroll delay="3000" time="1800" repeat="10000">!Skin.HasSetting(DisableAutoScroll)</autoscroll>
						<align>justify</align>
						<visible>Container.Content(Episodes) + !StringCompare(ListItem.Label,..)</visible>
					</control>
					<control type="label">
						<left>202</left>
						<top>50</top>
						<width>356</width>
						<height>20</height>
						<font>font13</font>
						<textcolor>white</textcolor>
						<shadowcolor>black</shadowcolor>
						<align>left</align>
						<aligny>top</aligny>
						<label>$INFO[ListItem.Episode] $LOCALIZE[20360] ($INFO[listItem.Property(UnWatchedEpisodes),, $LOCALIZE[16101]])</label>
						<visible>Container.Content(TVShows) | Container.Content(Seasons)</visible>
						<visible>IntegerGreaterThan(ListItem.Property(UnWatchedEpisodes),0)</visible>
						<visible>!StringCompare(ListItem.Label,..)</visible>
					</control>
					<control type="label">
						<left>202</left>
						<top>50</top>
						<width>356</width>
						<height>20</height>
						<font>font13</font>
						<textcolor>white</textcolor>
						<shadowcolor>black</shadowcolor>
						<align>left</align>
						<aligny>top</aligny>
						<label>$INFO[ListItem.Episode] $LOCALIZE[20360]</label>
						<visible>Container.Content(TVShows) | Container.Content(Seasons)</visible>
						<visible>!IntegerGreaterThan(ListItem.Property(UnWatchedEpisodes),0)</visible>
						<visible>!StringCompare(ListItem.Label,..)</visible>
					</control>
					<control type="label">
						<left>202</left>
						<top>50</top>
						<width>356</width>
						<height>20</height>
						<font>font13</font>
						<textcolor>white</textcolor>
						<shadowcolor>black</shadowcolor>
						<label>$LOCALIZE[31305]</label>
						<visible>StringCompare(ListItem.Label,..)</visible>
					</control>
					<control type="label">
						<left>202</left>
						<top>76</top>
						<width>356</width>
						<height>20</height>
						<font>font13</font>
						<textcolor>white</textcolor>
						<shadowcolor>black</shadowcolor>
						<info>ListItem.Genre</info>
						<visible>Container.Content(TVShows) | Container.Content(Seasons) | Container.Content(Movies)</visible>
					</control>
					<control type="label">
						<left>202</left>
						<top>100</top>
						<width>356</width>
						<height>20</height>
						<font>font13</font>
						<textcolor>white</textcolor>
						<shadowcolor>black</shadowcolor>
						<info>ListItem.TVShowTitle</info>
						<visible>Container.Content(Seasons)</visible>
					</control>
					<control type="image">
						<left>530</left>
						<top>7</top>
						<width>40</width>
						<height>40</height>
						<texture diffuse="poster-diffuse.png">MediaStatus/overlayunwatched.png</texture>
						<visible>!Skin.HasSetting(DisableWatchedCheck) + !IsEmpty(ListItem.Overlay)</visible>
					</control>
					<control type="image">
						<left>530</left>
						<top>7</top>
						<width>40</width>
						<height>40</height>
						<texture diffuse="poster-diffuse.png">$VAR[PartlyWatched,MediaStatus/,.png]</texture>
						<visible>!Skin.HasSetting(DisableWatchedCheck) + !IsEmpty(ListItem.Overlay)</visible>
					</control>
					<control type="image">
						<left>202</left>
						<top>110</top>
						<width>160</width>
						<height>20</height>
						<texture fallback="LeftRating/rating0.png">LeftRating/$INFO[ListItem.StarRating]</texture>
						<aspectratio>keep</aspectratio>
						<visible>!StringCompare(ListItem.Label,..)</visible>
						<visible>Container.Content(Movies) | Container.Content(TVshows)</visible>
					</control>
					<control type="label">
						<left>360</left>
						<top>104</top>
						<width>200</width>
						<height>20</height>
						<font>font13</font>
						<textcolor>white</textcolor>
						<shadowcolor>black</shadowcolor>
						<scroll>false</scroll>
						<align>right</align>
						<aligny>top</aligny>
						<label>$VAR[MediaRuntime]</label>
						<visible>!IsEmpty(ListItem.Duration) + !Container.Content(Episodes)</visible>
					</control>
				</focusedlayout>
			</control>
			<control type="scrollbar" id="52960">
				<left>1225</left>
				<top>105</top>
				<width>25</width>
				<height>550</height>
				<texturesliderbackground border="10,14,10,14">ScrollBarV.png</texturesliderbackground>
				<texturesliderbar border="10,14,10,14">ScrollBarV_bar.png</texturesliderbar>
				<texturesliderbarfocus border="10,14,10,14">ScrollBarV_bar_focus.png</texturesliderbarfocus>
				<textureslidernib>ScrollBarNib.png</textureslidernib>
				<textureslidernibfocus>ScrollBarNib.png</textureslidernibfocus>
				<onleft>529</onleft>
				<onright>800</onright>
				<onup>60</onup>
				<ondown>60</ondown>
				<showonepage>true</showonepage>
				<orientation>vertical</orientation>
				<visible>Control.IsVisible(529)</visible>
			</control>
			<control type="group">
				<include>VideoLogoArt</include>
				<visible>Control.IsVisible(529)</visible>
			</control>
		</control>
	</include>
</includes>