<?xml version="1.0" encoding="UTF-8"?>
<window>
	<onload condition="!Skin.HasSetting(DisableSlideShowArt) + IsEmpty(Window.Property(ArtistSlideshowRunning))">RunScript(script.artistslideshow, daemon=True)</onload>
	<defaultcontrol>-</defaultcontrol>
	<allowoverlay>no</allowoverlay>
	<controls>
		<control type="group">
			<visible>!Skin.HasSetting(HideHomeNowPlaying)</visible>
			<include>ArtistExtraFanArt</include>
		</control>
		<control type="group">
			<visible>Skin.HasSetting(NoDiffuseVizFanart) | IsEmpty(Visualisation.Name) | stringcompare(Visualisation.Name,Waveform) | stringcompare(Visualisation.Name,DirectX Spectrum) | stringcompare(Visualisation.Name,OpenGL Spectrum)</visible>
			<include>AlbumArtMusicVizWall</include>
		</control>
		<include>MusicArtUnderVisualisation</include>
		<control type="visualisation" id="2">
			<description>visualisation</description>
			<include>Dimensions_Fullscreen</include>
		</control>
		<control type="group">
			<visible>!Skin.HasSetting(NoDiffuseVizFanart) + !IsEmpty(Visualisation.Name) + !stringcompare(Visualisation.Name,Waveform) + !stringcompare(Visualisation.Name,DirectX Spectrum) + !stringcompare(Visualisation.Name,OpenGL Spectrum)</visible>
			<include>AlbumArtMusicVizWall</include>
		</control>
		<include>MusicArtOverVisualisation</include>
		<!-- media infos -->
		<control type="group">
			<animation effect="fade" time="200">VisibleChange</animation>
			<visible>Skin.String(MusicOSDInfo,permanent) | [!IntegerGreaterThan(Player.time,5) | Player.ShowInfo | Window.IsActive(MusicOSD) | Player.Seeking | Player.DisplayAfterSeek | Player.Paused | Player.Forwarding | Player.Rewinding] + ![Window.IsVisible(AddonSettings) | Window.IsVisible(SelectDialog) | Window.IsVisible(VisualisationPresetList)]</visible>
			<control type="image">
				<left>0</left>
				<top>-150</top>
				<width>1280</width>
				<height>256</height>
				<texture flipy="true" border="1">HomeNowPlayingBack.png</texture>
				<visible>!Skin.String(MusicOSDInfo,never)</visible>
			</control>
			<control type="label">
				<description>profile label</description>
				<left>10</left>
				<top>10</top>
				<width>450</width>
				<height>30</height>
				<align>left</align>
				<aligny>center</aligny>
				<font>font28_title</font>
				<textcolor>C0FFFFFF</textcolor>
				<shadowcolor>black</shadowcolor>
				<info>System.ProfileName</info>
				<include>Window_OpenClose_Animation</include>
				<visible>!Skin.String(MusicOSDInfo,never)</visible>
				<visible>!StringCompare(System.ProfileName,Master user) + StringCompare(Skin.String(TopLeftHomeInfo),Profile)</visible>
			</control>
			<include condition="!Skin.String(MusicOSDInfo,never)">Clock</include>
			<control type="label">
				<description>Date label</description>
				<right>20</right>
				<top>35</top>
				<width>200</width>
				<height>15</height>
				<align>right</align>
				<aligny>center</aligny>
				<font>font10</font>
				<textcolor>C0FFFFFF</textcolor>
				<shadowcolor>black</shadowcolor>
				<label>$INFO[System.Date]</label>
				<include>Window_OpenClose_Animation</include>
				<animation effect="slide" start="0,0" end="-40,0" time="100" condition="Window.IsVisible(Mutebug)">conditional</animation>
				<animation effect="slide" start="0,0" end="-70,0" time="0" condition="Window.IsVisible(MusicOSD)">conditional</animation>
				<visible>!Skin.HasSetting(HideSystemTime)</visible>
				<visible>!Skin.String(MusicOSDInfo,never)</visible>
			</control>
			<control type="image">
				<left>0</left>
				<top>230r</top>
				<width>1280</width>
				<height>230</height>
				<texture border="1">HomeNowPlayingBack.png</texture>
				<visible>!Skin.String(MusicOSDInfo,never) | Window.IsActive(MusicOSD)</visible>
				<animation effect="slide" end="0,60" time="0" tween="back" easing="out" condition="Skin.String(MusicOSDInfo,never) +  !Skin.HasSetting(HidePopUpSeekBar)" reversible="true">Conditional</animation>
			</control>
			<control type="group">
				<visible>!Skin.String(MusicOSDInfo,never) + Skin.HasSetting(EnableCDArtWork)</visible>
				<left>10</left>
				<top>265r</top>
				<animation effect="slide" start="0,0" end="0,20" time="0" condition="!Skin.HasSetting(HidePopUpSeekBar) + Skin.HasSetting(HideNextSongsInfo)">Conditional</animation>
				<control type="image">
					<description>Cd overlay</description>
					<left>50</left>
					<top>15</top>
					<width>170</width>
					<height>175</height>
					<include>CDArtSpinner</include>
					<texture fallback="Disks/DefaultCDArt.png" background="true">$INFO[Player.FolderPath,,cdart.png]</texture>
					<aspectratio align="center">keep</aspectratio>
				</control>
				<control type="image">
					<description>Cover Image</description>
					<left>40</left>
					<top>13</top>
					<width>180</width>
					<height>180</height>
					<aspectratio aligny="bottom">stretch</aspectratio>
					<texture background="true" diffuse="CDCase/cdmask.png" fallback="DefaultAlbumCover.png">$INFO[MusicPlayer.Cover]</texture>
				</control>
				<control type="image">
					<left>4</left>
					<top>3</top>
					<width>229</width>
					<height>207</height>
					<bordertexture>CDCase/cdshadow.png</bordertexture>
					<texture background="true">CDCase/cdglass.png</texture>
				</control>
			</control>
			<control type="image">
				<description>orig cover image</description>
				<animation effect="slide" start="0,0" end="0,20" time="0" condition="!Skin.HasSetting(HidePopUpSeekBar) + Skin.HasSetting(HideNextSongsInfo)">Conditional</animation>
				<left>10</left>
				<top>285r</top>
				<width>300</width>
				<height>230</height>
				<texture fallback="DefaultAlbumCover.png">$INFO[Player.Art(thumb)]</texture>
				<aspectratio aligny="bottom">keep</aspectratio>
				<bordertexture border="8">ThumbShadow.png</bordertexture>
				<bordersize>8</bordersize>
				<visible>!Skin.String(MusicOSDInfo,never) + !Skin.HasSetting(EnableCDArtWork)</visible>
			</control>
			<control type="group">
				<visible>!Skin.String(MusicOSDInfo,never)</visible>
				<left>330</left>
				<top>255r</top>
				<control type="image">
					<left>0</left>
					<top>-10</top>
					<width>200</width>
					<height>78</height>
					<texture>$INFO[Player.FolderPath,,../logo.png]</texture>
					<aspectratio aligny="bottom" align="left">keep</aspectratio>
					<visible>IsEmpty(Skin.String(PhysicalMusicFolder))</visible>
					<visible>!Player.IsInternetStream</visible>
				</control>
				<control type="image">
					<left>0</left>
					<top>-10</top>
					<width>200</width>
					<height>78</height>
					<texture>$INFO[Skin.String(PhysicalMusicFolder)]$INFO[MusicPlayer.Artist]/logo.png</texture>
					<aspectratio aligny="bottom" align="left">keep</aspectratio>
					<visible>!IsEmpty(Skin.String(PhysicalMusicFolder))</visible>
					<!--visible>!Player.IsInternetStream</visible-->
				</control>
				<control type="label" id="1">
					<description>Artist label</description>
					<left>0</left>
					<top>75</top>
					<width>910</width>
					<height>25</height>
					<align>left</align>
					<font>font12</font>
					<label>$INFO[MusicPlayer.Artist]$INFO[MusicPlayer.Album, - ]</label>
					<textcolor>grey2</textcolor>
					<shadowcolor>black</shadowcolor>
				</control>
				<control type="label">
					<description>Header label</description>
					<left>0</left>
					<top>100</top>
					<width>910</width>
					<height>25</height>
					<align>left</align>
					<font>font12</font>
					<textcolor>grey2</textcolor>
					<shadowcolor>black</shadowcolor>
					<label>$VAR[MusicHeaderLabel]</label>
				</control>
				<control type="grouplist">
					<left>0</left>
					<top>130</top>
					<width>910</width>
					<height>35</height>
					<itemgap>5</itemgap>
					<orientation>horizontal</orientation>
					<control type="label">
						<width min="10" max="700">auto</width>
						<height>30</height>
						<font>font30</font>
						<align>left</align>
						<aligny>center</aligny>
						<label>$INFO[Player.Title]</label>
						<textcolor>orange</textcolor>
						<scroll>true</scroll>
					</control>
					<control type="image">
						<description>Audio Codec Image</description>
						<width>80</width>
						<height>35</height>
						<aspectratio align="right">keep</aspectratio>
						<texture>$INFO[MusicPlayer.Codec,flagging/audio/,.png]</texture>
					</control>
					<control type="group">
						<description>Rating</description>
						<width>110</width>
						<height>35</height>
						<control type="image">
							<description>rating back</description>
							<left>0</left>
							<top>0</top>
							<width>110</width>
							<height>35</height>
							<aspectratio align="left">stretch</aspectratio>
							<texture border="5">flagging/blank.png</texture>
						</control>
						<control type="image">
							<description>Rating</description>
							<left>5</left>
							<top>0</top>
							<width>100</width>
							<height>35</height>
							<aspectratio align="center">keep</aspectratio>
							<texture fallback="LeftRating/rating0.png">$INFO[Player.StarRating,LeftRating/]</texture>
						</control>
					</control>
				</control>
			</control>
			<control type="label">
				<left>0</left>
				<top>45r</top>
				<width>1280</width>
				<height>25</height>
				<align>center</align>
				<label>$LOCALIZE[19031]: $INFO[MusicPlayer.offset(1).Artist,, - ]$INFO[MusicPlayer.offset(1).Title]</label>
				<align>center</align>
				<aligny>center</aligny>
				<font>font12</font>
				<textcolor>grey</textcolor>
				<scroll>true</scroll>
				<visible>[Skin.String(MusicOSDInfo,permanent) | MusicPlayer.HasNext] + !Window.IsVisible(MusicOSD) + !Window.IsVisible(script-XBMC_Lyrics-main.xml)</visible>
				<visible>!Skin.HasSetting(HidePopUpSeekBar) | [Skin.HasSetting(HidePopUpSeekBar) + ![Player.Seeking | Player.DisplayAfterSeek | Player.Paused | Player.Forwarding | Player.Rewinding]]</visible>
				<visible>Skin.HasSetting(HideNextSongsInfo) + !Skin.String(MusicOSDInfo,never)</visible>
				<animation effect="fade" time="200">VisibleChange</animation>
			</control>
			<control type="fadelabel" id="1">
				<description>Next Five Songs</description>
				<left>0</left>
				<top>45r</top>
				<width>1280</width>
				<height>25</height>
				<align>center</align>
				<scroll>true</scroll>
				<scrollout>true</scrollout>
				<scrollspeed>30</scrollspeed>
				<pauseatend>400</pauseatend>
				<label>$VAR[NextFiveSongScroller]</label>
				<font>font12</font>
				<textcolor>white</textcolor>
				<shadowcolor>black</shadowcolor>
				<animation effect="fade" time="200">VisibleChange</animation>
				<visible>[Skin.String(MusicOSDInfo,permanent) | MusicPlayer.HasNext] + !Window.IsVisible(MusicOSD) + !Window.IsVisible(script-XBMC_Lyrics-main.xml)</visible>
				<visible>!Skin.HasSetting(HidePopUpSeekBar)|[Skin.HasSetting(HidePopUpSeekBar) + ![Player.Seeking | Player.DisplayAfterSeek | Player.Paused | Player.Forwarding | Player.Rewinding]]</visible>
				<visible>!Skin.HasSetting(HideNextSongsInfo)</visible>
				<visible>!Skin.String(MusicOSDInfo,never)</visible>
			</control>
			<control type="group">
				<left>330</left>
				<top>95r</top>
				<control type="label">
					<left>0</left>
					<top>0</top>
					<width>100</width>
					<height>40</height>
					<font>font13</font>
					<align>left</align>
					<aligny>center</aligny>
					<label>$INFO[Player.Time(hh:mm:ss)]</label>
				</control>
				<control type="progress">
					<description>Progressbar</description>
					<left>100</left>
					<top>15</top>
					<width>720</width>
					<height>16</height>
					<info>Player.Progress</info>
				</control>
				<control type="label">
					<left>820</left>
					<top>0</top>
					<width>100</width>
					<height>40</height>
					<font>font13</font>
					<align>right</align>
					<aligny>center</aligny>
					<label>$INFO[Player.Duration(hh:mm:ss)]</label>
				</control>
				<visible>IntegerGreaterThan(Player.time,0)</visible>
				<visible>!Skin.String(MusicOSDInfo,never) | Window.IsActive(MusicOSD)</visible>
				<animation effect="slide" end="-150,0" time="0" tween="back" easing="out" condition="Skin.String(MusicOSDInfo,never) +  !Skin.HasSetting(HidePopUpSeekBar)" reversible="true">Conditional</animation>
			</control>
		</control>
		<!-- codec & viz infos -->
		<control type="group" id="0">
			<left>0</left>
			<top>50</top>
			<visible>Player.ShowCodec + ![Window.IsVisible(script-cu-lrclyrics-main.xml) | Window.IsVisible(VisualisationSettings) | Window.IsVisible(VisualisationPresetList)]</visible>
			<animation effect="fade" time="200">VisibleChange</animation>
			<control type="image">
				<description>media info background image</description>
				<left>0</left>
				<top>0</top>
				<width>1280</width>
				<height>105</height>
				<colordiffuse>AAFFFFFF</colordiffuse>
				<texture>black-back.png</texture>
			</control>
			<control type="label">
				<description>row 1 label</description>
				<left>50</left>
				<top>10</top>
				<label>-</label>
				<align>left</align>
				<label>$INFO[musicplayer.Codec,$LOCALIZE[21446]: ,]$INFO[musicplayer.Bitrate, · $LOCALIZE[623]: ,kbps]$INFO[musicplayer.bitspersample, · $LOCALIZE[612]: ,]$INFO[musicplayer.Samplerate, · $LOCALIZE[613]: ,kHz]$INFO[musicplayer.Channels, · $LOCALIZE[21444]: ]</label>
				<font>font12</font>
			</control>
			<control type="label">
				<description>row 2 label</description>
				<left>50</left>
				<top>40</top>
				<label>-</label>
				<align>left</align>
				<label>$INFO[Visualisation.Name,, [I][COLOR=orange]($LOCALIZE[20166])[/COLOR][/I] · ]fps: $INFO[System.FPS]</label>
				<font>font12</font>
				<visible>Visualisation.Locked</visible>
			</control>
			<control type="label">
				<description>Unlocked row 2 label</description>
				<left>50</left>
				<top>40</top>
				<label>-</label>
				<align>left</align>
				<label>$INFO[Visualisation.Name,, · ]fps: $INFO[System.FPS]</label>
				<font>font12</font>
				<visible>!Visualisation.Locked</visible>
			</control>
			<control type="label">
				<description>row 3 label</description>
				<left>50</left>
				<top>70</top>
				<label>-</label>
				<align>left</align>
				<label>$INFO[Visualisation.Preset,$LOCALIZE[13388]: ]</label>
				<font>font12</font>
			</control>
		</control>
	</controls>
</window>