<?xml version="1.0" encoding="utf-8"?>
<window type="dialog" id="2117">
	<defaultcontrol always="true">450</defaultcontrol>
	<coordinates>
		<system>1</system>
		<left>0</left>
		<top>0</top>
	</coordinates>
	<controls>
		<control type="group">
			<animation effect="slide" start="400,0" end="0,0" time="400" tween="quadratic" easing="out">WindowOpen</animation>
			<animation effect="slide" start="0,0" end="400,0" time="400" tween="quadratic" easing="out">WindowClose</animation>
			<control type="image">
				<left>400r</left>
				<top>0</top>
				<width>400</width>
				<height>720</height>
				<texture border="15,0,0,0" flipx="true">MediaBladeSub.png</texture>
			</control>
			<control type="button">
				<description>Close Window button</description>
				<left>380r</left>
				<top>0</top>
				<width>64</width>
				<height>32</height>
				<onclick>PreviousMenu</onclick>
				<texturefocus>DialogCloseButton-focus.png</texturefocus>
				<texturenofocus>DialogCloseButton.png</texturenofocus>
				<onleft>450</onleft>
				<onright>450</onright>
				<onup>450</onup>
				<ondown>450</ondown>
				<visible>system.getbool(input.enablemouse)</visible>
			</control>
			<control type="label">
				<left>380r</left>
				<top>35</top>
				<width>360</width>
				<height>40</height>
				<font>font13_title</font>
				<align>center</align>
				<aligny>center</aligny>
				<textcolor>$VAR[MainColorOne]</textcolor>
				<shadowcolor>black</shadowcolor>
				<label>$LOCALIZE[31316]</label>
			</control>
			<control type="list" id="450">
				<left>390r</left>
				<top>130</top>
				<width>440</width>
				<height>480</height>
				<onup>450</onup>
				<onleft>Dialog.Close(2117)</onleft>
				<onright>60</onright>
				<ondown>450</ondown>
				<pagecontrol>60</pagecontrol>
				<scrolltime>200</scrolltime>
				<itemlayout height="40">
					<control type="image">
						<left>0</left>
						<top>0</top>
						<width>360</width>
						<height>40</height>
						<texture border="5">button-nofocus.png</texture>
					</control>
					<control type="label">
						<left>10</left>
						<top>0</top>
						<width>340</width>
						<height>40</height>
						<font>font12_title</font>
						<align>left</align>
						<aligny>center</aligny>
						<selectedcolor>selected</selectedcolor>
						<info>ListItem.Label</info>
					</control>
				</itemlayout>
				<focusedlayout height="40">
					<control type="image">
						<left>0</left>
						<top>0</top>
						<width>360</width>
						<height>40</height>
						<visible>!Control.HasFocus(450)</visible>
						<texture border="3">button-nofocus.png</texture>
					</control>
					<control type="image">
						<left>0</left>
						<top>0</top>
						<width>360</width>
						<height>40</height>
						<visible>Control.HasFocus(450)</visible>
						<texture border="3">button-focus.png</texture>
					</control>
					<control type="label">
						<left>10</left>
						<top>0</top>
						<width>340</width>
						<height>40</height>
						<font>font12_title</font>
						<align>left</align>
						<aligny>center</aligny>
						<selectedcolor>selected</selectedcolor>
						<info>ListItem.Label</info>
					</control>
				</focusedlayout>
				<content>
					<item>
						<description>Clear Setting</description>
						<label>$LOCALIZE[31317]</label>
						<onclick>Dialog.Close(2117)</onclick>
						<onclick>Skin.SetString($INFO[Window(Home).Property(UsrSelectBtn)].Addon,None)</onclick>
						<onclick>ClearProperty(UsrSelectBtn,Home)</onclick>
					</item>
					<item>
						<description>User Addon Set 1</description>
						<label fallback="31230">$INFO[Skin.String(UserSelectAddon.1.Label)]</label>
						<onclick>Dialog.Close(2117)</onclick>
						<onclick>Skin.SetString($INFO[Window(Home).Property(UsrSelectBtn)].Addon,AddonSetOne)</onclick>
						<onclick>ClearProperty(UsrSelectBtn,Home)</onclick>
					</item>
					<item>
						<description>User Addon Set 2</description>
						<label fallback="31231">$INFO[Skin.String(UserSelectAddon.2.Label)]</label>
						<onclick>Dialog.Close(2117)</onclick>
						<onclick>Skin.SetString($INFO[Window(Home).Property(UsrSelectBtn)].Addon,AddonSetTwo)</onclick>
						<onclick>ClearProperty(UsrSelectBtn,Home)</onclick>
					</item>
					<item>
						<description>User Addon Set 3</description>
						<label fallback="31232">$INFO[Skin.String(UserSelectAddon.3.Label)]</label>
						<onclick>Dialog.Close(2117)</onclick>
						<onclick>Skin.SetString($INFO[Window(Home).Property(UsrSelectBtn)].Addon,AddonSetThree)</onclick>
						<onclick>ClearProperty(UsrSelectBtn,Home)</onclick>
					</item>
					<item>
						<description>User Addon Set 4</description>
						<label fallback="31233">$INFO[Skin.String(UserSelectAddon.4.Label)]</label>
						<onclick>Dialog.Close(2117)</onclick>
						<onclick>Skin.SetString($INFO[Window(Home).Property(UsrSelectBtn)].Addon,AddonSetFour)</onclick>
						<onclick>ClearProperty(UsrSelectBtn,Home)</onclick>
					</item>
					<item>
						<description>User Addon Set 5</description>
						<label fallback="31234">$INFO[Skin.String(UserSelectAddon.5.Label)]</label>
						<onclick>Dialog.Close(2117)</onclick>
						<onclick>Skin.SetString($INFO[Window(Home).Property(UsrSelectBtn)].Addon,AddonSetFive)</onclick>
						<onclick>ClearProperty(UsrSelectBtn,Home)</onclick>
					</item>
					<item>
						<description>User Addon Set 6</description>
						<label fallback="31235">$INFO[Skin.String(UserSelectAddon.6.Label)]</label>
						<onclick>Dialog.Close(2117)</onclick>
						<onclick>Skin.SetString($INFO[Window(Home).Property(UsrSelectBtn)].Addon,AddonSetSix)</onclick>
						<onclick>ClearProperty(UsrSelectBtn,Home)</onclick>
					</item>
					<item>
						<description>User Addon Set 7</description>
						<label fallback="31236">$INFO[Skin.String(UserSelectAddon.7.Label)]</label>
						<onclick>Dialog.Close(2117)</onclick>
						<onclick>Skin.SetString($INFO[Window(Home).Property(UsrSelectBtn)].Addon,AddonSetSeven)</onclick>
						<onclick>ClearProperty(UsrSelectBtn,Home)</onclick>
					</item>
					<item>
						<description>User Addon Set 8</description>
						<label fallback="31237">$INFO[Skin.String(UserSelectAddon.8.Label)]</label>
						<onclick>Dialog.Close(2117)</onclick>
						<onclick>Skin.SetString($INFO[Window(Home).Property(UsrSelectBtn)].Addon,AddonSetEight)</onclick>
						<onclick>ClearProperty(UsrSelectBtn,Home)</onclick>
					</item>
					<item>
						<description>User Addon Set 9</description>
						<label fallback="31238">$INFO[Skin.String(UserSelectAddon.9.Label)]</label>
						<onclick>Dialog.Close(2117)</onclick>
						<onclick>Skin.SetString($INFO[Window(Home).Property(UsrSelectBtn)].Addon,AddonSetNine)</onclick>
						<onclick>ClearProperty(UsrSelectBtn,Home)</onclick>
					</item>
					<item>
						<description>User Addon Set 10</description>
						<label fallback="31239">$INFO[Skin.String(UserSelectAddon.10.Label)]</label>
						<onclick>Dialog.Close(2117)</onclick>
						<onclick>Skin.SetString($INFO[Window(Home).Property(UsrSelectBtn)].Addon,AddonSetTen)</onclick>
						<onclick>ClearProperty(UsrSelectBtn,Home)</onclick>
					</item>
					<item>
						<description>User Addon Set 11</description>
						<label fallback="31241">$INFO[Skin.String(UserSelectAddon.11.Label)]</label>
						<onclick>Dialog.Close(2117)</onclick>
						<onclick>Skin.SetString($INFO[Window(Home).Property(UsrSelectBtn)].Addon,AddonSetEleven)</onclick>
						<onclick>ClearProperty(UsrSelectBtn,Home)</onclick>
					</item>
					<item>
						<description>User Addon Set 12</description>
						<label fallback="31242">$INFO[Skin.String(UserSelectAddon.12.Label)]</label>
						<onclick>Dialog.Close(2117)</onclick>
						<onclick>Skin.SetString($INFO[Window(Home).Property(UsrSelectBtn)].Addon,AddonSetTwelve)</onclick>
						<onclick>ClearProperty(UsrSelectBtn,Home)</onclick>
					</item>
				</content>
			</control>
			<control type="scrollbar" id="60">
				<left>1250</left>
				<top>95</top>
				<width>25</width>
				<height>550</height>
				<texturesliderbackground border="0,14,0,14">ScrollBarV.png</texturesliderbackground>
				<texturesliderbar border="0,14,0,14">ScrollBarV_bar.png</texturesliderbar>
				<texturesliderbarfocus border="0,14,0,14">ScrollBarV_bar_focus.png</texturesliderbarfocus>
				<textureslidernib>ScrollBarNib.png</textureslidernib>
				<textureslidernibfocus>ScrollBarNib.png</textureslidernibfocus>
				<onleft>450</onleft>
				<onright>450</onright>
				<showonepage>true</showonepage>
				<orientation>vertical</orientation>
				<visible>Control.IsVisible(450)</visible>
			</control>
		</control>
	</controls>
</window>