<?xml version="1.0" encoding="utf-8"?>
<includes>
	<include name="AnimatedBackgroundEffect">
		<control type="group">
			<visible>!Skin.HasSetting(HolidayEffects) + !Skin.HasSetting(HideRainDropEffect) + !Player.HasVideo</visible>
			<include>VisibleFadeEffect</include>
			<control type="image">
				<description>Raindrop 5 animation</description>
				<left>200</left>
				<top>150</top>
				<width>128</width>
				<height>128</height>
				<texture background="true">BackgroundEffect/rain-drop.png</texture>
				<visible>true</visible>
				<colordiffuse>BBFFFFFF</colordiffuse>
				<animation type="conditional" reversible="false" loop="true" condition="true">
					<effect type="fade" delay="2000" start="0" end="100" time="200" />
					<effect type="fade" delay="2500" start="100" end="0" time="500" />
					<effect type="zoom" delay="2000" start="30" end="500" time="1000" center="auto" tween="quadratic" />
				</animation>
			</control>
			<control type="image">
				<description>Raindrop 1 animation</description>
				<left>550</left>
				<top>200</top>
				<width>128</width>
				<height>128</height>
				<texture background="true">BackgroundEffect/rain-drop.png</texture>
				<visible>true</visible>
				<colordiffuse>55FFFFFF</colordiffuse>
				<animation type="conditional" reversible="false" loop="true" condition="true">
					<effect type="fade" start="0" end="100" time="200" />
					<effect type="fade" start="100" end="0" delay="2500" time="1000" />
					<effect type="zoom" center="auto" start="30" end="1500" delay="0" time="3500" tween="quadratic" />
				</animation>
			</control>
			<control type="image">
				<description>Raindrop 2 animation</description>
				<left>900</left>
				<top>130</top>
				<width>128</width>
				<height>128</height>
				<texture background="true">BackgroundEffect/rain-drop.png</texture>
				<visible>true</visible>
				<animation type="conditional" reversible="false" loop="true" condition="true">
					<effect type="fade" delay="400" start="0" end="100" time="200" />
					<effect type="fade" delay="1000" start="100" end="0" time="1600" />
					<effect type="zoom" delay="400" start="30" end="700" time="3000" center="auto" tween="quadratic" />
				</animation>
			</control>
			<control type="image">
				<description>Raindrop 3 animation</description>
				<left>800</left>
				<top>500</top>
				<width>128</width>
				<height>128</height>
				<texture background="true">BackgroundEffect/rain-drop.png</texture>
				<visible>true</visible>
				<colordiffuse>88FFFFFF</colordiffuse>
				<animation type="conditional" reversible="false" loop="true" condition="true">
					<effect type="fade" delay="800" start="0" end="100" time="200" />
					<effect type="fade" delay="2400" start="100" end="0" time="2000" />
					<effect type="zoom" delay="800" start="30" end="1000" time="2500" center="auto" tween="quadratic" />
				</animation>
			</control>
			<control type="image">
				<description>Raindrop 4 animation</description>
				<left>200</left>
				<top>450</top>
				<width>128</width>
				<height>128</height>
				<texture background="true">BackgroundEffect/rain-drop.png</texture>
				<visible>true</visible>
				<colordiffuse>66FFFFFF</colordiffuse>
				<animation type="conditional" reversible="false" loop="true" condition="true">
					<effect type="fade" delay="1500" start="0" end="100" time="200" />
					<effect type="fade" delay="2100" start="100" end="0" time="400" />
					<effect type="zoom" delay="1500" start="30" end="1200" time="2000" center="auto" tween="quadratic" />
				</animation>
			</control>
		</control>
		<control type="group">
			<visible>Skin.HasSetting(HolidayEffects) + !Player.HasMedia</visible>
			<control type="group">
				<left>-100</left>
				<animation effect="rotate" end="20" time="9000" delay="300" pulse="true" condition="true">Conditional</animation>
				<control type="image">
					<left>40</left>
					<top>-180</top>
					<width>9</width>
					<height>9</height>
					<texture>BackgroundEffect/snow.png</texture>
					<aspectratio scalediffuse="false">keep</aspectratio>
					<animation effect="slide" start="0,0" end="0,820" time="11000" delay="1600" reversible="false" loop="true" condition="true">Conditional</animation>
					<animation effect="slide" start="40,0" end="-40,0" time="5300" delay="300" reversible="false" pulse="true" condition="true">Conditional</animation>
					<colordiffuse>C2FFFFFF</colordiffuse>
				</control>
				<control type="image">
					<left>100</left>
					<top>-100</top>
					<width>18</width>
					<height>18</height>
					<texture>BackgroundEffect/snow.png</texture>
					<aspectratio scalediffuse="false">keep</aspectratio>
					<animation effect="slide" start="0,0" end="0,920" time="7000" delay="0" reversible="false" loop="true" condition="true">Conditional</animation>
					<animation effect="slide" start="40,0" end="-20,0" time="3200" delay="300" reversible="false" pulse="true" condition="true">Conditional</animation>
				</control>
				<control type="image">
					<left>200</left>
					<top>-40</top>
					<width>12</width>
					<height>12</height>
					<texture>BackgroundEffect/snow.png</texture>
					<aspectratio scalediffuse="false">keep</aspectratio>
					<animation effect="slide" start="0,0" end="0,1020" time="13000" delay="1300" reversible="false" loop="true" condition="true">Conditional</animation>
					<animation effect="slide" start="50,0" end="-10,0" time="4300" delay="220" reversible="false" pulse="true" condition="true">Conditional</animation>
				</control>
				<control type="image">
					<left>260</left>
					<top>-80</top>
					<width>15</width>
					<height>15</height>
					<texture>BackgroundEffect/snow.png</texture>
					<aspectratio scalediffuse="false">keep</aspectratio>
					<animation effect="slide" start="0,0" end="0,920" time="15000" delay="2200" reversible="false" loop="true" condition="true">Conditional</animation>
					<animation effect="slide" start="40,0" end="-30,0" time="4000" delay="200" reversible="false" pulse="true" condition="true">Conditional</animation>
				</control>
				<control type="image">
					<left>390</left>
					<top>-210</top>
					<width>9</width>
					<height>9</height>
					<texture>BackgroundEffect/snow.png</texture>
					<aspectratio scalediffuse="false">keep</aspectratio>
					<animation effect="slide" start="0,0" end="0,1020" time="13000" delay="600" reversible="false" loop="true" condition="true">Conditional</animation>
					<animation effect="slide" start="20,0" end="-60,0" time="5300" delay="300" reversible="false" pulse="true" condition="true">Conditional</animation>
					<colordiffuse>C2FFFFFF</colordiffuse>
				</control>
			</control>
			<control type="group">
				<left>100</left>
				<animation effect="rotate" start="20" end="40" time="9000" delay="800" pulse="true" condition="true">Conditional</animation>
				<control type="image">
					<left>80</left>
					<top>-100</top>
					<width>20</width>
					<height>20</height>
					<texture>BackgroundEffect/snow.png</texture>
					<aspectratio scalediffuse="false">keep</aspectratio>
					<animation effect="slide" start="0,0" end="0,820" time="7000" delay="1000" reversible="false" loop="true" condition="true">Conditional</animation>
					<animation effect="slide" start="40,0" end="-20,0" time="3200" delay="300" reversible="false" pulse="true" condition="true">Conditional</animation>
				</control>
				<control type="image">
					<left>240</left>
					<top>-40</top>
					<width>15</width>
					<height>15</height>
					<texture>BackgroundEffect/snow.png</texture>
					<aspectratio scalediffuse="false">keep</aspectratio>
					<animation effect="slide" start="0,0" end="0,920" time="8000" delay="1800" reversible="false" loop="true" condition="true">Conditional</animation>
					<animation effect="slide" start="40,0" end="-30,0" time="4000" delay="200" reversible="false" pulse="true" condition="true">Conditional</animation>
				</control>
				<control type="image">
					<left>390</left>
					<top>-210</top>
					<width>10</width>
					<height>10</height>
					<texture>BackgroundEffect/snow.png</texture>
					<aspectratio scalediffuse="false">keep</aspectratio>
					<animation effect="slide" start="0,0" end="0,1120" time="13000" delay="1500" reversible="false" loop="true" condition="true">Conditional</animation>
					<animation effect="slide" start="20,0" end="-60,0" time="5300" delay="300" reversible="false" pulse="true" condition="true">Conditional</animation>
					<colordiffuse>C2FFFFFF</colordiffuse>
				</control>
			</control>
			<control type="group">
				<left>600</left>
				<top>-200</top>
				<animation effect="rotate" end="15" time="7000" delay="500" pulse="true" condition="true">Conditional</animation>
				<control type="image">
					<left>20</left>
					<top>-60</top>
					<width>12</width>
					<height>12</height>
					<texture>BackgroundEffect/snow.png</texture>
					<aspectratio scalediffuse="false">keep</aspectratio>
					<animation effect="slide" start="0,0" end="0,1020" time="13000" delay="1300" reversible="false" loop="true" condition="true">Conditional</animation>
					<animation effect="slide" start="50,0" end="-10,0" time="4300" delay="220" reversible="false" pulse="true" condition="true">Conditional</animation>
				</control>
				<control type="image">
					<left>100</left>
					<top>-190</top>
					<width>18</width>
					<height>18</height>
					<texture>BackgroundEffect/snow.png</texture>
					<aspectratio scalediffuse="false">keep</aspectratio>
					<animation effect="slide" start="0,0" end="0,920" time="9000" delay="2000" reversible="false" loop="true" condition="true">Conditional</animation>
					<animation effect="slide" start="40,0" end="-50,0" time="3200" delay="300" reversible="false" pulse="true" condition="true">Conditional</animation>
				</control>
				<control type="image">
					<left>260</left>
					<top>-80</top>
					<width>15</width>
					<height>15</height>
					<texture>BackgroundEffect/snow.png</texture>
					<aspectratio scalediffuse="false">keep</aspectratio>
					<animation effect="slide" start="0,0" end="0,1120" time="8000" delay="2300" reversible="false" loop="true" condition="true">Conditional</animation>
					<animation effect="slide" start="40,0" end="-30,0" time="4000" delay="200" reversible="false" pulse="true" condition="true">Conditional</animation>
				</control>
				<control type="image">
					<left>330</left>
					<top>-110</top>
					<width>9</width>
					<height>9</height>
					<texture>BackgroundEffect/snow.png</texture>
					<aspectratio scalediffuse="false">keep</aspectratio>
					<animation effect="slide" start="0,0" end="0,920" time="11000" delay="1600" reversible="false" loop="true" condition="true">Conditional</animation>
					<animation effect="slide" start="40,0" end="-40,0" time="5300" delay="300" reversible="false" pulse="true" condition="true">Conditional</animation>
					<colordiffuse>C2FFFFFF</colordiffuse>
				</control>
				<control type="image">
					<left>390</left>
					<top>-110</top>
					<width>10</width>
					<height>10</height>
					<texture>BackgroundEffect/snow.png</texture>
					<aspectratio scalediffuse="false">keep</aspectratio>
					<animation effect="slide" start="0,0" end="0,820" time="12000" delay="2200" reversible="false" loop="true" condition="true">Conditional</animation>
					<animation effect="slide" start="-20,0" end="50,0" time="3300" delay="300" reversible="false" pulse="true" condition="true">Conditional</animation>
					<colordiffuse>C2FFFFFF</colordiffuse>
				</control>
			</control>
			<control type="group">
				<left>900</left>
				<animation effect="rotate" start="15" end="30" time="12000" delay="300" pulse="true" condition="true">Conditional</animation>
				<control type="image">
					<left>100</left>
					<top>-200</top>
					<width>20</width>
					<height>20</height>
					<texture>BackgroundEffect/snow.png</texture>
					<aspectratio scalediffuse="false">keep</aspectratio>
					<animation effect="slide" start="0,0" end="0,920" time="7000" delay="3000" reversible="false" loop="true" condition="true">Conditional</animation>
					<animation effect="slide" start="40,0" end="-20,0" time="3200" delay="300" reversible="false" pulse="true" condition="true">Conditional</animation>
				</control>
				<control type="image">
					<left>200</left>
					<top>-40</top>
					<width>12</width>
					<height>12</height>
					<texture>BackgroundEffect/snow.png</texture>
					<aspectratio scalediffuse="false">keep</aspectratio>
					<animation effect="slide" start="0,0" end="0,1020" time="13000" delay="1300" reversible="false" loop="true" condition="true">Conditional</animation>
					<animation effect="slide" start="50,0" end="-10,0" time="4300" delay="220" reversible="false" pulse="true" condition="true">Conditional</animation>
				</control>
				<control type="image">
					<left>260</left>
					<top>-80</top>
					<width>15</width>
					<height>15</height>
					<texture>BackgroundEffect/snow.png</texture>
					<aspectratio scalediffuse="false">keep</aspectratio>
					<animation effect="slide" start="0,0" end="0,820" time="8000" delay="3300" reversible="false" loop="true" condition="true">Conditional</animation>
					<animation effect="slide" start="40,0" end="-30,0" time="4000" delay="200" reversible="false" pulse="true" condition="true">Conditional</animation>
				</control>
				<control type="image">
					<left>390</left>
					<top>-110</top>
					<width>10</width>
					<height>10</height>
					<texture>BackgroundEffect/snow.png</texture>
					<aspectratio scalediffuse="false">keep</aspectratio>
					<animation effect="slide" start="0,0" end="0,920" time="13000" delay="3500" reversible="false" loop="true" condition="true">Conditional</animation>
					<animation effect="slide" start="20,0" end="-60,0" time="5300" delay="300" reversible="false" pulse="true" condition="true">Conditional</animation>
					<colordiffuse>C2FFFFFF</colordiffuse>
				</control>
			</control>
		</control>
	</include>
</includes>