<?xml version="1.0" encoding="UTF-8"?>
<colors>
	<color name="white">FFF1F1F1</color>
	<color name="grey">FFb4b4b4</color>
	<color name="grey2">FF999999</color>
	<color name="grey3">FF505050</color>
	<color name="black">FF000000</color>
	<color name="blue">FF0084ff</color>
	<color name="selected">FFEB9E17</color>
	<color name="invalid">FFFF0000</color>
	
	
	
	<!-- BY ITEM TYPE COLOURS -->
	<color name="MainLabel">FF0084ff</color><!--blue-->
	<color name="MenuFocus">FF0084ff</color><!--blue-->
	<color name="MenuNoFocus">FF505050</color><!--grey3-->
	<color name="SubMenu">FF999999</color><!--grey2-->
	<color name="CommonBtnFocus">FFFFFFFF</color><!--white-->
	<color name="CommonBtnNoFocus">FF999999</color><!--grey2-->
	
	
</colors>