<?xml version="1.0" encoding="utf-8"?>
<window type="dialog" id="2119">
    <defaultcontrol always="true">450</defaultcontrol>
    <coordinates>
        <system>1</system>
        <left>0</left>
        <top>0</top>
    </coordinates>
    <controls>
        <control type="group">
            <animation effect="slide" start="400,0" end="0,0" time="400" tween="quadratic" easing="out">WindowOpen</animation>
            <animation effect="slide" start="0,0" end="400,0" time="400" tween="quadratic" easing="out">WindowClose</animation>
            <control type="image">
                <left>400r</left>
                <top>0</top>
                <width>400</width>
                <height>720</height>
                <texture border="15,0,0,0" flipx="true">Home\MediaBladeSub.png</texture>
            </control>
            <control type="button">
                <description>Close Window button</description>
                <left>380r</left>
                <top>0</top>
                <width>64</width>
                <height>32</height>
                <onclick>PreviousMenu</onclick>
                <texturefocus>DialogCloseButton-focus.png</texturefocus>
                <texturenofocus>DialogCloseButton.png</texturenofocus>
                <onleft>450</onleft>
                <onright>450</onright>
                <onup>450</onup>
                <ondown>450</ondown>
                <visible>system.getbool(input.enablemouse)</visible>
            </control>
            <control type="label">
                <left>380r</left>
                <top>35</top>
                <width>360</width>
                <height>40</height>
                <font>font13_title</font>
                <align>center</align>
                <aligny>center</aligny>
                <textcolor>blue</textcolor>
                <shadowcolor>black</shadowcolor>
                <label>$LOCALIZE[31318]</label>
            </control>
            <control type="list" id="450">
                <left>390r</left>
                <top>130</top>
                <width>440</width>
                <height>480</height>
                <onup>450</onup>
                <onleft>Dialog.Close(2119)</onleft>
                <onright>60</onright>
                <ondown>450</ondown>
                <pagecontrol>60</pagecontrol>
                <scrolltime>200</scrolltime>
                <itemlayout height="40">
                    <control type="image">
                        <left>0</left>
                        <top>0</top>
                        <width>360</width>
                        <height>40</height>
                        <texture border="5">button-nofocus.png</texture>
                    </control>
                    <control type="label">
                        <left>10</left>
                        <top>0</top>
                        <width>340</width>
                        <height>40</height>
                        <font>font12_title</font>
                        <align>left</align>
                        <aligny>center</aligny>
                        <selectedcolor>selected</selectedcolor>
                        <info>ListItem.label</info>
                    </control>
                </itemlayout>
                <focusedlayout height="40">
                    <control type="image">
                        <left>0</left>
                        <top>0</top>
                        <width>360</width>
                        <height>40</height>
                        <visible>!Control.HasFocus(450)</visible>
                        <texture border="3">button-nofocus.png</texture>
                    </control>
                    <control type="image">
                        <left>0</left>
                        <top>0</top>
                        <width>360</width>
                        <height>40</height>
                        <visible>Control.HasFocus(450)</visible>
                        <texture border="3">button-focus.png</texture>
                    </control>
                    <control type="label">
                        <left>10</left>
                        <top>0</top>
                        <width>340</width>
                        <height>40</height>
                        <font>font12_title</font>
                        <align>left</align>
                        <aligny>center</aligny>
                        <selectedcolor>selected</selectedcolor>
                        <info>ListItem.label</info>
                    </control>
                </focusedlayout>
                <content>
                    <item>
                        <description>Clear Setting</description>
                        <label>$LOCALIZE[31317]</label>
                        <onclick>Dialog.Close(2119)</onclick>
                        <onclick>Skin.Reset($INFO[Window(home).Property(UsrSelectBtn)].label)</onclick>
                        <onclick>Skin.Reset($INFO[Window(home).Property(UsrSelectBtn)].path)</onclick>
                        <onclick>Skin.Reset($INFO[Window(home).Property(UsrSelectBtn)].icon)</onclick>
                        <onclick>ClearProperty(UsrSelectBtn,home)</onclick>
                    </item>
                    <item>
                        <description>Favourites</description>
                        <label>$LOCALIZE[1036]</label>
                        <onclick>Dialog.Close(2119)</onclick>
                        <onclick>RunScript(script.favourites,changetitle=true&amp;property=$INFO[Window(home).Property(UsrSelectBtn)])</onclick>
                        <onclick>ClearProperty(UsrSelectBtn,home)</onclick>
                        <visible>System.HasAddon(script.favourites)</visible>
                    </item>
                    <item>
                        <description>Video addons</description>
                        <label>$LOCALIZE[1037]</label>
                        <onclick>Skin.Reset(UsrSelectAddon)</onclick>
                        <onclick>Dialog.Close(2119)</onclick>
                        <onclick>Skin.SetAddon(UsrSelectAddon,xbmc.addon.video)</onclick>
                        <onclick>Skin.SetString($INFO[Window(home).Property(UsrSelectBtn)].label,$INFO[system.addontitle(Skin.String(UsrSelectAddon))])</onclick>
                        <onclick>Skin.SetString($INFO[Window(home).Property(UsrSelectBtn)].path,RunAddon($INFO[Skin.String(UsrSelectAddon)]))</onclick>
                        <onclick>Skin.SetString($INFO[Window(home).Property(UsrSelectBtn)].icon,$INFO[system.addonicon(Skin.String(UsrSelectAddon))])</onclick>
                        <onclick>Skin.SetString($INFO[Window(home).Property(UsrSelectBtn)].label)</onclick>
                        <onclick>ClearProperty(UsrSelectBtn,home)</onclick>
                    </item>
                    <item>
                        <description>Music addons</description>
                        <label>$LOCALIZE[1038]</label>
                        <onclick>Skin.Reset(UsrSelectAddon)</onclick>
                        <onclick>Dialog.Close(2119)</onclick>
                        <onclick>Skin.SetAddon(UsrSelectAddon,xbmc.addon.audio)</onclick>
                        <onclick>Skin.SetString($INFO[Window(home).Property(UsrSelectBtn)].label,$INFO[system.addontitle(Skin.String(UsrSelectAddon))])</onclick>
                        <onclick>Skin.SetString($INFO[Window(home).Property(UsrSelectBtn)].path,RunAddon($INFO[Skin.String(UsrSelectAddon)]))</onclick>
                        <onclick>Skin.SetString($INFO[Window(home).Property(UsrSelectBtn)].icon,$INFO[system.addonicon(Skin.String(UsrSelectAddon))])</onclick>
                        <onclick>Skin.SetString($INFO[Window(home).Property(UsrSelectBtn)].label)</onclick>
                        <onclick>ClearProperty(UsrSelectBtn,home)</onclick>
                    </item>
                    <item>
                        <description>Picture addons</description>
                        <label>$LOCALIZE[1039]</label>
                        <onclick>Skin.Reset(UsrSelectAddon)</onclick>
                        <onclick>Dialog.Close(2119)</onclick>
                        <onclick>Skin.SetAddon(UsrSelectAddon,xbmc.addon.image)</onclick>
                        <onclick>Skin.SetString($INFO[Window(home).Property(UsrSelectBtn)].label,$INFO[system.addontitle(Skin.String(UsrSelectAddon))])</onclick>
                        <onclick>Skin.SetString($INFO[Window(home).Property(UsrSelectBtn)].path,RunAddon($INFO[Skin.String(UsrSelectAddon)]))</onclick>
                        <onclick>Skin.SetString($INFO[Window(home).Property(UsrSelectBtn)].icon,$INFO[system.addonicon(Skin.String(UsrSelectAddon))])</onclick>
                        <onclick>Skin.SetString($INFO[Window(home).Property(UsrSelectBtn)].label)</onclick>
                        <onclick>ClearProperty(UsrSelectBtn,home)</onclick>
                    </item>
                    <item>
                        <description>Programme addons</description>
                        <label>$LOCALIZE[1043]</label>
                        <onclick>Skin.Reset(UsrSelectAddon)</onclick>
                        <onclick>Dialog.Close(2119)</onclick>
                        <onclick>Skin.SetAddon(UsrSelectAddon,xbmc.addon.executable)</onclick>
                        <onclick>Skin.SetString($INFO[Window(home).Property(UsrSelectBtn)].label,$INFO[system.addontitle(Skin.String(UsrSelectAddon))])</onclick>
                        <onclick>Skin.SetString($INFO[Window(home).Property(UsrSelectBtn)].path,RunAddon($INFO[Skin.String(UsrSelectAddon)]))</onclick>
                        <onclick>Skin.SetString($INFO[Window(home).Property(UsrSelectBtn)].icon,$INFO[system.addonicon(Skin.String(UsrSelectAddon))])</onclick>
                        <onclick>Skin.SetString($INFO[Window(home).Property(UsrSelectBtn)].label)</onclick>
                        <onclick>ClearProperty(UsrSelectBtn,home)</onclick>
                    </item>
                    <item>
                        <description>Playlist Music</description>
                        <label>$LOCALIZE[559] ([COLOR=selected]$LOCALIZE[2][/COLOR])</label>
                        <onclick>Skin.Reset(UsrSelectAddon)</onclick>
                        <onclick>Dialog.Close(2119)</onclick>
                        <onclick>Skin.SetFile(UsrSelectAddon,.m3u|.xsp|.pls,special://musicplaylists/)</onclick>
                        <onclick>Skin.SetString($INFO[Window(home).Property(UsrSelectBtn)].Label,$LOCALIZE[559])</onclick>
                        <onclick>Skin.SetString($INFO[Window(home).Property(UsrSelectBtn)].Path,PlayMedia("$INFO[Skin.String(UsrSelectAddon)]"))</onclick>
                        <onclick>Skin.SetString($INFO[Window(home).Property(UsrSelectBtn)].Icon,DefaultMusicPlaylists.png)</onclick>
                        <onclick>Skin.SetString($INFO[Window(home).Property(UsrSelectBtn)].label)</onclick>
                        <onclick>ClearProperty(UsrSelectBtn,home)</onclick>
                    </item>
                    <item>
                        <description>Playlist Video</description>
                        <label>$LOCALIZE[559] ([COLOR=selected]$LOCALIZE[3][/COLOR])</label>
                        <onclick>Skin.Reset(UsrSelectAddon)</onclick>
                        <onclick>Dialog.Close(2119)</onclick>
                        <onclick>Skin.SetFile(UsrSelectAddon,.xsp,special://videoplaylists/)</onclick>
                        <onclick>Skin.SetString($INFO[Window(home).Property(UsrSelectBtn)].Label,$LOCALIZE[559])</onclick>
                        <onclick>Skin.SetString($INFO[Window(home).Property(UsrSelectBtn)].Path,ActivateWindow(VideoLibrary,"$INFO[Skin.String(UsrSelectAddon)]",return))</onclick>
                        <onclick>Skin.SetString($INFO[Window(home).Property(UsrSelectBtn)].Icon,DefaultVideoPlaylists.png)</onclick>
                        <onclick>Skin.SetString($INFO[Window(home).Property(UsrSelectBtn)].label)</onclick>
                        <onclick>ClearProperty(UsrSelectBtn,home)</onclick>
                    </item>
                </content>
            </control>
            <control type="button">
                <description>Up Arrow</description>
                <left>390r</left>
                <top>95</top>
                <width>30</width>
                <height>40</height>
                <texturefocus>arrow-big-up.png</texturefocus>
                <texturenofocus>arrow-big-up.png</texturenofocus>
                <onclick>Control.Move(450,-1)</onclick>
                <visible>Container(450).HasPrevious</visible>
                <include>VisibleFadeEffect</include>
            </control>
            <control type="button">
                <description>Up Arrow</description>
                <left>60r</left>
                <top>95</top>
                <width>30</width>
                <height>40</height>
                <texturefocus>arrow-big-up.png</texturefocus>
                <texturenofocus>arrow-big-up.png</texturenofocus>
                <onclick>Control.Move(450,-1)</onclick>
                <visible>Container(450).HasPrevious</visible>
                <include>VisibleFadeEffect</include>
            </control>
            <control type="button">
                <description>Down Arrow</description>
                <left>390r</left>
                <top>605</top>
                <width>30</width>
                <height>40</height>
                <texturefocus>arrow-big-down.png</texturefocus>
                <texturenofocus>arrow-big-down.png</texturenofocus>
                <onclick>Control.Move(450,1)</onclick>
                <visible>Container(450).HasNext</visible>
                <include>VisibleFadeEffect</include>
            </control>
            <control type="button">
                <description>Down Arrow</description>
                <left>60r</left>
                <top>605</top>
                <width>30</width>
                <height>40</height>
                <texturefocus>arrow-big-down.png</texturefocus>
                <texturenofocus>arrow-big-down.png</texturenofocus>
                <onclick>Control.Move(450,1)</onclick>
                <visible>Container(450).HasNext</visible>
                <include>VisibleFadeEffect</include>
            </control>
            <control type="scrollbar" id="60">
                <left>1250</left>
                <top>95</top>
                <width>25</width>
                <height>550</height>
                <texturesliderbackground border="0,14,0,14">ScrollBarV.png</texturesliderbackground>
                <texturesliderbar border="0,14,0,14">ScrollBarV_bar.png</texturesliderbar>
                <texturesliderbarfocus border="0,14,0,14">ScrollBarV_bar_focus.png</texturesliderbarfocus>
                <textureslidernib>ScrollBarNib.png</textureslidernib>
                <textureslidernibfocus>ScrollBarNib.png</textureslidernibfocus>
                <onleft>450</onleft>
                <onright>450</onright>
                <showonepage>true</showonepage>
                <orientation>vertical</orientation>
                <visible>Control.IsVisible(450)</visible>
            </control>
        </control>
    </controls>
</window>