<?xml version="1.0" encoding="utf-8"?>
<window type="dialog" id="2116">
    <defaultcontrol always="true">450</defaultcontrol>
    <coordinates>
        <system>1</system>
        <left>0</left>
        <top>0</top>
    </coordinates>
    <controls>
        <control type="group">
            <animation effect="slide" start="400,0" end="0,0" time="400" tween="quadratic" easing="out">WindowOpen</animation>
            <animation effect="slide" start="0,0" end="400,0" time="400" tween="quadratic" easing="out">WindowClose</animation>
            <control type="image">
                <left>400r</left>
                <top>0</top>
                <width>400</width>
                <height>720</height>
                <texture border="15,0,0,0" flipx="true">Home\MediaBladeSub.png</texture>
            </control>
            <control type="button">
                <description>Close Window button</description>
                <left>380r</left>
                <top>0</top>
                <width>64</width>
                <height>32</height>
                <onclick>PreviousMenu</onclick>
                <texturefocus>DialogCloseButton-focus.png</texturefocus>
                <texturenofocus>DialogCloseButton.png</texturenofocus>
                <onleft>450</onleft>
                <onright>450</onright>
                <onup>450</onup>
                <ondown>450</ondown>
                <visible>system.getbool(input.enablemouse)</visible>
            </control>
            <control type="label">
                <left>380r</left>
                <top>35</top>
                <width>360</width>
                <height>40</height>
                <font>font13_title</font>
                <align>center</align>
                <aligny>center</aligny>
                <textcolor>blue</textcolor>
                <shadowcolor>black</shadowcolor>
                <label>$LOCALIZE[31335]</label>
            </control>
            <control type="list" id="450">
                <left>390r</left>
                <top>130</top>
                <width>440</width>
                <height>480</height>
                <onup>450</onup>
                <onleft>Dialog.Close(2116)</onleft>
                <onright>60</onright>
                <ondown>450</ondown>
                <pagecontrol>60</pagecontrol>
                <scrolltime>200</scrolltime>
                <itemlayout height="40">
                    <control type="image">
                        <left>0</left>
                        <top>0</top>
                        <width>360</width>
                        <height>40</height>
                        <texture border="5">button-nofocus.png</texture>
                    </control>
                    <control type="label">
                        <left>10</left>
                        <top>0</top>
                        <width>340</width>
                        <height>40</height>
                        <font>font12_title</font>
                        <align>left</align>
                        <aligny>center</aligny>
                        <selectedcolor>selected</selectedcolor>
                        <info>ListItem.label</info>
                    </control>
                </itemlayout>
                <focusedlayout height="40">
                    <control type="image">
                        <left>0</left>
                        <top>0</top>
                        <width>360</width>
                        <height>40</height>
                        <visible>!Control.HasFocus(450)</visible>
                        <texture border="3">button-nofocus.png</texture>
                    </control>
                    <control type="image">
                        <left>0</left>
                        <top>0</top>
                        <width>360</width>
                        <height>40</height>
                        <visible>Control.HasFocus(450)</visible>
                        <texture border="3">button-focus.png</texture>
                    </control>
                    <control type="label">
                        <left>10</left>
                        <top>0</top>
                        <width>340</width>
                        <height>40</height>
                        <font>font12_title</font>
                        <align>left</align>
                        <aligny>center</aligny>
                        <selectedcolor>selected</selectedcolor>
                        <info>ListItem.label</info>
                    </control>
                </focusedlayout>
                <content>
                    <item>
                        <description>Clear Setting</description>
                        <label>$LOCALIZE[31317]</label>
                        <onclick>Dialog.Close(2116)</onclick>
                        <onclick>Skin.SetString($INFO[Window(home).Property(UsrSelectBtn)].sub,None)</onclick>
                        <onclick>ClearProperty(UsrSelectBtn,Home)</onclick>
                    </item>
                    <item>
                        <description>Video</description>
                        <label>$VAR[UsersSubVideosName]</label>
                        <onclick>Dialog.Close(2116)</onclick>
                        <onclick>Skin.SetString($INFO[Window(home).Property(UsrSelectBtn)].sub,Videos)</onclick>
                        <onclick>ClearProperty(UsrSelectBtn,Home)</onclick>
                    </item>
                    <item>
                        <description>Movie</description>
                        <label>$VAR[UsersSubMoviesName]</label>
                        <onclick>Dialog.Close(2116)</onclick>
                        <onclick>Skin.SetString($INFO[Window(home).Property(UsrSelectBtn)].sub,Movies)</onclick>
                        <onclick>ClearProperty(UsrSelectBtn,Home)</onclick>
                    </item>
                    <item>
                        <description>TVShows</description>
                        <label>$VAR[UsersSubTVShowsName]</label>
                        <onclick>Dialog.Close(2116)</onclick>
                        <onclick>Skin.SetString($INFO[Window(home).Property(UsrSelectBtn)].sub,TVShows)</onclick>
                        <onclick>ClearProperty(UsrSelectBtn,Home)</onclick>
                    </item>
                    <item>
                        <description>Concerts</description>
                        <label>$VAR[UsersSubConcertsName]</label>
                        <onclick>Dialog.Close(2116)</onclick>
                        <onclick>Skin.SetString($INFO[Window(home).Property(UsrSelectBtn)].sub,Concerts)</onclick>
                        <onclick>ClearProperty(UsrSelectBtn,Home)</onclick>
                    </item>
                    <item>
                        <description>Music</description>
                        <label>$VAR[UsersSubMusicName]</label>
                        <onclick>Dialog.Close(2116)</onclick>
                        <onclick>Skin.SetString($INFO[Window(home).Property(UsrSelectBtn)].sub,Music)</onclick>
                        <onclick>ClearProperty(UsrSelectBtn,Home)</onclick>
                    </item>
                    <item>
                        <description>Programs</description>
                        <label>$VAR[UsersSubProgsName]</label>
                        <onclick>Dialog.Close(2116)</onclick>
                        <onclick>Skin.SetString($INFO[Window(home).Property(UsrSelectBtn)].sub,Programs)</onclick>
                        <onclick>ClearProperty(UsrSelectBtn,Home)</onclick>
                    </item>
                    <item>
                        <description>Pictures</description>
                        <label>$VAR[UsersSubPicturesName]</label>
                        <onclick>Dialog.Close(2116)</onclick>
                        <onclick>Skin.SetString($INFO[Window(home).Property(UsrSelectBtn)].sub,Pictures)</onclick>
                        <onclick>ClearProperty(UsrSelectBtn,Home)</onclick>
                    </item>
                    <item>
                        <description>User Selection 1</description>
                        <label>$VAR[UsersSubSelectOneName]</label>
                        <onclick>Dialog.Close(2116)</onclick>
                        <onclick>Skin.SetString($INFO[Window(home).Property(UsrSelectBtn)].sub,UserOne)</onclick>
                        <onclick>ClearProperty(UsrSelectBtn,Home)</onclick>
                    </item>
                    <item>
                        <description>User Selection 2</description>
                        <label>$VAR[UsersSubSelectTwoName]</label>
                        <onclick>Dialog.Close(2116)</onclick>
                        <onclick>Skin.SetString($INFO[Window(home).Property(UsrSelectBtn)].sub,UserTwo)</onclick>
                        <onclick>ClearProperty(UsrSelectBtn,Home)</onclick>
                    </item>
                    <item>
                        <description>User Selection 3</description>
                        <label>$VAR[UsersSubSelectThreeName]</label>
                        <onclick>Dialog.Close(2116)</onclick>
                        <onclick>Skin.SetString($INFO[Window(home).Property(UsrSelectBtn)].sub,UserThree)</onclick>
                        <onclick>ClearProperty(UsrSelectBtn,Home)</onclick>
                    </item>
                    <item>
                        <description>Favourites</description>
                        <label>$LOCALIZE[1036]</label>
                        <onclick>Dialog.Close(2116)</onclick>
                        <onclick>Skin.SetString($INFO[Window(home).Property(UsrSelectBtn)].sub,Favourites)</onclick>
                        <onclick>ClearProperty(UsrSelectBtn,Home)</onclick>
                    </item>
                    <item>
                        <description>LiveTV</description>
                        <label>$LOCALIZE[31502]</label>
                        <onclick>Dialog.Close(2116)</onclick>
                        <onclick>Skin.SetString($INFO[Window(home).Property(UsrSelectBtn)].sub,LiveTV)</onclick>
                        <onclick>ClearProperty(UsrSelectBtn,Home)</onclick>
                        <visible>System.GetBool(pvrmanager.enabled)</visible>
                    </item>
                    <item>
                        <description>system</description>
                        <label>$LOCALIZE[10004]</label>
                        <onclick>Dialog.Close(2116)</onclick>
                        <onclick>Skin.SetString($INFO[Window(home).Property(UsrSelectBtn)].sub,Settings)</onclick>
                        <onclick>ClearProperty(UsrSelectBtn,Home)</onclick>
                    </item>
                    <item>
                        <description>Shutdown</description>
                        <label>$LOCALIZE[13005]</label>
                        <onclick>Dialog.Close(2116)</onclick>
                        <onclick>Skin.SetString($INFO[Window(home).Property(UsrSelectBtn)].sub,Shutdown)</onclick>
                        <onclick>ClearProperty(UsrSelectBtn,Home)</onclick>
                    </item>
                </content>
            </control>
            <control type="button">
                <description>Up Arrow</description>
                <left>390r</left>
                <top>95</top>
                <width>30</width>
                <height>40</height>
                <texturefocus>arrow-big-up.png</texturefocus>
                <texturenofocus>arrow-big-up.png</texturenofocus>
                <onclick>Control.Move(450,-1)</onclick>
                <visible>Container(450).HasPrevious</visible>
                <include>VisibleFadeEffect</include>
            </control>
            <control type="button">
                <description>Up Arrow</description>
                <left>60r</left>
                <top>95</top>
                <width>30</width>
                <height>40</height>
                <texturefocus>arrow-big-up.png</texturefocus>
                <texturenofocus>arrow-big-up.png</texturenofocus>
                <onclick>Control.Move(450,-1)</onclick>
                <visible>Container(450).HasPrevious</visible>
                <include>VisibleFadeEffect</include>
            </control>
            <control type="button">
                <description>Down Arrow</description>
                <left>390r</left>
                <top>605</top>
                <width>30</width>
                <height>40</height>
                <texturefocus>arrow-big-down.png</texturefocus>
                <texturenofocus>arrow-big-down.png</texturenofocus>
                <onclick>Control.Move(450,1)</onclick>
                <visible>Container(450).HasNext</visible>
                <include>VisibleFadeEffect</include>
            </control>
            <control type="button">
                <description>Down Arrow</description>
                <left>60r</left>
                <top>605</top>
                <width>30</width>
                <height>40</height>
                <texturefocus>arrow-big-down.png</texturefocus>
                <texturenofocus>arrow-big-down.png</texturenofocus>
                <onclick>Control.Move(450,1)</onclick>
                <visible>Container(450).HasNext</visible>
                <include>VisibleFadeEffect</include>
            </control>
            <control type="scrollbar" id="60">
                <left>1250</left>
                <top>95</top>
                <width>25</width>
                <height>550</height>
                <texturesliderbackground border="0,14,0,14">ScrollBarV.png</texturesliderbackground>
                <texturesliderbar border="0,14,0,14">ScrollBarV_bar.png</texturesliderbar>
                <texturesliderbarfocus border="0,14,0,14">ScrollBarV_bar_focus.png</texturesliderbarfocus>
                <textureslidernib>ScrollBarNib.png</textureslidernib>
                <textureslidernibfocus>ScrollBarNib.png</textureslidernibfocus>
                <onleft>450</onleft>
                <onright>450</onright>
                <showonepage>true</showonepage>
                <orientation>vertical</orientation>
                <visible>Control.IsVisible(450)</visible>
            </control>
        </control>
    </controls>
</window>