<?xml version="1.0" encoding="UTF-8"?>
<window type="dialog">
    <onunload condition="System.HasAddon(script.favourites)">XBMC.RunScript(script.favourites)</onunload>
    <defaultcontrol always="true">450</defaultcontrol>
    <coordinates>
        <system>1</system>
        <left>0</left>
        <top>0</top>
    </coordinates>
    <controls>
        <control type="group">
            <animation effect="slide" start="400,0" end="0,0" time="400" tween="quadratic" easing="out">WindowOpen</animation>
            <animation effect="slide" start="0,0" end="400,0" time="400" tween="quadratic" easing="out">WindowClose</animation>
            <control type="image">
                <left>400r</left>
                <top>0</top>
                <width>400</width>
                <height>720</height>
                <texture border="15,0,0,0" flipx="true">Home\MediaBladeSub.png</texture>
            </control>
            <control type="button">
                <description>Close Window button</description>
                <left>380r</left>
                <top>0</top>
                <width>64</width>
                <height>32</height>
                <onclick>PreviousMenu</onclick>
                <texturefocus>DialogCloseButton-focus.png</texturefocus>
                <texturenofocus>DialogCloseButton.png</texturenofocus>
                <onleft>450</onleft>
                <onright>450</onright>
                <onup>450</onup>
                <ondown>450</ondown>
                <visible>system.getbool(input.enablemouse)</visible>
            </control>
            <control type="label">
                <left>360r</left>
                <top>240</top>
                <width>325</width>
                <height>30</height>
                <font>font14</font>
                <align>center</align>
                <aligny>center</aligny>
                <textcolor>blue</textcolor>
                <label>[B]$LOCALIZE[1036][/B]</label>
            </control>
            <control type="image">
                <left>380r</left>
                <top>35</top>
                <width>350</width>
                <height>200</height>
                <aspectratio align="center">keep</aspectratio>
                <fadetime>IconCrossfadeTime</fadetime>
                <texture diffuse="episodematte.png">$INFO[ListItem.icon]</texture>
                <bordertexture border="8">ThumbShadow.png</bordertexture>
                <bordersize>8</bordersize>
                <visible>IntegerGreaterThan(Window(home).Property(favourite.count),0)</visible>
            </control>
            <control type="image">
                <left>380r</left>
                <top>35</top>
                <width>350</width>
                <height>200</height>
                <aspectratio align="center">stretch</aspectratio>
                <fadetime>IconCrossfadeTime</fadetime>
                <texture diffuse="episodematte.png">SmallFanartFallback.jpg</texture>
                <bordertexture border="8">ThumbShadow.png</bordertexture>
                <bordersize>8</bordersize>
                <visible>!IntegerGreaterThan(Window(home).Property(favourite.count),0)</visible>
            </control>
            <control type="list" id="450">
                <left>390r</left>
                <top>280</top>
                <width>450</width>
                <height>400</height>
                <onup>450</onup>
                <onleft>Dialog.Close(Favourites)</onleft>
                <onright>450</onright>
                <ondown>450</ondown>
                <pagecontrol>60</pagecontrol>
                <scrolltime>200</scrolltime>
                <itemlayout height="40">
                    <control type="image">
                        <left>0</left>
                        <top>0</top>
                        <width>360</width>
                        <height>40</height>
                        <texture border="5">button-nofocus.png</texture>
                    </control>
                    <control type="label">
                        <left>10</left>
                        <top>0</top>
                        <width>340</width>
                        <height>40</height>
                        <font>font12_title</font>
                        <align>left</align>
                        <aligny>center</aligny>
                        <selectedcolor>selected</selectedcolor>
                        <label>$INFO[ListItem.label]</label>
                    </control>
                </itemlayout>
                <focusedlayout height="40">
                    <control type="image">
                        <left>0</left>
                        <top>0</top>
                        <width>370</width>
                        <height>40</height>
                        <visible>!Control.HasFocus(450)</visible>
                        <texture border="3">button-nofocus.png</texture>
                    </control>
                    <control type="image">
                        <left>0</left>
                        <top>0</top>
                        <width>360</width>
                        <height>40</height>
                        <visible>Control.HasFocus(450)</visible>
                        <texture border="3">button-focus.png</texture>
                    </control>
                    <control type="label">
                        <left>10</left>
                        <top>0</top>
                        <width>340</width>
                        <height>40</height>
                        <font>font12_title</font>
                        <align>left</align>
                        <aligny>center</aligny>
                        <selectedcolor>selected</selectedcolor>
                        <label>$INFO[ListItem.label]</label>
                    </control>
                </focusedlayout>
                <visible>IntegerGreaterThan(Window(home).Property(favourite.count),0)</visible>
            </control>
            <control type="button" id="450">
                <left>380r</left>
                <top>280</top>
                <width>360</width>
                <height>40</height>
                <textwidth>340</textwidth>
                <align>left</align>
                <aligny>center</aligny>
                <font>font12</font>
                <textcolor>grey2</textcolor>
                <focusedcolor>white</focusedcolor>
                <texturefocus border="5">Home/HomeSubFO.png</texturefocus>
                <texturenofocus border="5">Home/HomeSubNF.png</texturenofocus>
                <pulseonselect>false</pulseonselect>
                <label>31360</label>
                <onup>Dialog.Close(Favourites)</onup>
                <onleft>Dialog.Close(Favourites)</onleft>
                <onright>Dialog.Close(Favourites)</onright>
                <ondown>Dialog.Close(Favourites)</ondown>
                <onclick>Dialog.Close(Favourites)</onclick>
                <visible>!IntegerGreaterThan(Window(home).Property(favourite.count),0)</visible>
            </control>
            <control type="button">
                <description>Up Arrow</description>
                <left>390r</left>
                <top>240</top>
                <width>30</width>
                <height>40</height>
                <texturefocus>arrow-big-up.png</texturefocus>
                <texturenofocus>arrow-big-up.png</texturenofocus>
                <onclick>Control.Move(450,-1)</onclick>
                <visible>Container(450).HasPrevious</visible>
                <include>VisibleFadeEffect</include>
            </control>
            <control type="button">
                <description>Up Arrow</description>
                <left>35r</left>
                <top>240</top>
                <width>30</width>
                <height>40</height>
                <texturefocus>arrow-big-up.png</texturefocus>
                <texturenofocus>arrow-big-up.png</texturenofocus>
                <onclick>Control.Move(450,-1)</onclick>
                <visible>Container(450).HasPrevious</visible>
                <include>VisibleFadeEffect</include>
            </control>
            <control type="button">
                <description>Down Arrow</description>
                <left>390r</left>
                <top>680</top>
                <width>30</width>
                <height>40</height>
                <texturefocus>arrow-big-down.png</texturefocus>
                <texturenofocus>arrow-big-down.png</texturenofocus>
                <onclick>Control.Move(450,1)</onclick>
                <visible>Container(450).HasNext</visible>
                <include>VisibleFadeEffect</include>
            </control>
            <control type="button">
                <description>Down Arrow</description>
                <left>35r</left>
                <top>680</top>
                <width>30</width>
                <height>40</height>
                <texturefocus>arrow-big-down.png</texturefocus>
                <texturenofocus>arrow-big-down.png</texturenofocus>
                <onclick>Control.Move(450,1)</onclick>
                <visible>Container(450).HasNext</visible>
                <include>VisibleFadeEffect</include>
            </control>
            <control type="scrollbar" id="60">
                <left>1256</left>
                <top>280</top>
                <width>25</width>
                <height>400</height>
                <texturesliderbackground border="0,14,0,14">ScrollBarV.png</texturesliderbackground>
                <texturesliderbar border="0,14,0,14">ScrollBarV_bar.png</texturesliderbar>
                <texturesliderbarfocus border="0,14,0,14">ScrollBarV_bar_focus.png</texturesliderbarfocus>
                <textureslidernib>ScrollBarNib.png</textureslidernib>
                <textureslidernibfocus>ScrollBarNib.png</textureslidernibfocus>
                <onleft>450</onleft>
                <onright>450</onright>
                <showonepage>true</showonepage>
                <orientation>vertical</orientation>
                <visible>Control.IsVisible(450)</visible>
            </control>
            <control type="label">
                <description>Page label</description>
                <left>30r</left>
                <top>670</top>
                <width>350</width>
                <height>30</height>
                <align>right</align>
                <aligny>center</aligny>
                <font>font12</font>
                <textcolor>grey</textcolor>
                <label>([COLOR=blue]$INFO[Container(450).NumItems][/COLOR]) $LOCALIZE[31259] - $LOCALIZE[31319] ([COLOR=blue]$INFO[Container(450).CurrentPage]/$INFO[Container(450).NumPages][/COLOR])</label>
                <visible>!IsEmpty(Container(450).NumItems)</visible>
            </control>
        </control>
    </controls>
</window>