<?xml version="1.0" encoding="utf-8"?>
<includes>
    <include name="HomeMainMenuContent">
        <content>
            <item id="1">
                <description>Home Menu Item One</description>
                <label>$INFO[Skin.String(homeitem.1.label)]</label>
                <onclick>SetProperty(MenuItemActive,ItemOne,Home)</onclick>
                <onclick>SetProperty(MenuItemSelected,$INFO[Skin.String(homeitem.1.type)],Home)</onclick>
                <onclick>SetProperty(MenuItemAddon,$INFO[Skin.String(homeitem.1.addon)],Home)</onclick>
                <onclick>SetProperty(MenuItemSub,$INFO[Skin.String(homeitem.1.sub)],Home)</onclick>
                <onclick>SetProperty(MenuBackground,$INFO[Skin.String(homeitem.1.display)],Home)</onclick>
                <onclick condition="!Skin.String(homeitem.1.menu)">$INFO[Skin.String(homeitem.1.path)]</onclick>
                <onclick condition="Skin.String(homeitem.1.menu)">ActivateWindow(2129)</onclick>
                <icon>$INFO[Skin.CurrentTheme,special://skin/backgrounds/,.jpg]</icon>
                <thumb>$INFO[Skin.String(homeitem.1.fanart)]</thumb>
                <property name="SubMenu">$INFO[Skin.String(homeitem.1.sub)]</property>
                <property name="LibStats">$INFO[Skin.String(homeitem.1.stats)]</property>
                <property name="HiLiteItem">$INFO[Skin.String(homeitem.1.type)]</property>
                <property name="AddOnSet">$INFO[Skin.String(homeitem.1.addon)]</property>
                <property name="WidgetSet">$INFO[Skin.String(homeitem.1.widget)]</property>
                <property name="PlayListType">$INFO[Window(home).Property(HomePlayListOne.type)]</property>
                <property name="Background">$INFO[Skin.String(homeitem.1.display)]</property>
                <visible>
					[!IsEmpty(Skin.String(homeitem.1.path)) + !Skin.HasSetting(stickyhomemenuaction)]|
					[IsEmpty(Skin.String(homeitemlastaction)) + Skin.HasSetting(stickyhomemenuaction)]
				</visible>
            </item>
            <item id="1">
                <description>Home Menu Item One</description>
                <label>$INFO[Skin.String(homeitemlastlabel)]</label>
                <onclick>SetProperty(MenuItemActive,ItemOne,Home)</onclick>
                <onclick>SetProperty(MenuItemSelected,$INFO[Skin.String(homeitem.1.type)],Home)</onclick>
                <onclick>SetProperty(MenuItemAddon,None,Home)</onclick>
                <onclick>SetProperty(MenuItemSub,$INFO[Skin.String(homeitem.1.sub)],Home)</onclick>
                <onclick>SetProperty(MenuBackground,$INFO[Skin.String(homeitem.1.display)],Home)</onclick>
                <onclick>$INFO[Skin.String(homeitemlastaction)]</onclick>
                <icon>$INFO[Skin.CurrentTheme,special://skin/backgrounds/,.jpg]</icon>
                <thumb>$INFO[Skin.String(homeitem.1.fanart)]</thumb>
                <property name="SubMenu">$INFO[Skin.String(homeitem.1.sub)]</property>
                <property name="HiLiteItem">$INFO[Skin.String(homeitem.1.type)]</property>
                <property name="LibStats">$INFO[Skin.String(homeitem.1.stats)]</property>
                <property name="AddOnSet">$INFO[Skin.String(homeitem.1.addon)]</property>
                <property name="WidgetSet">$INFO[Skin.String(homeitem.1.widget)]</property>
                <property name="PlayListType">$INFO[Window(home).Property(HomePlayListOne.type)]</property>
                <property name="Background">$INFO[Skin.String(homeitem.1.display)]</property>
                <visible>!IsEmpty(Skin.String(homeitemlastaction)) + Skin.HasSetting(stickyhomemenuaction)</visible>
            </item>
            <item id="2">
                <description>Home Menu Item Two</description>
                <label>$INFO[Skin.String(homeitem.2.label)]</label>
                <onclick>SetProperty(MenuItemActive,ItemTwo,Home)</onclick>
                <onclick>SetProperty(MenuItemSelected,$INFO[Skin.String(homeitem.2.type)],Home)</onclick>
                <onclick>SetProperty(MenuItemAddon,$INFO[Skin.String(homeitem.2.addon)],Home)</onclick>
                <onclick>SetProperty(MenuItemSub,$INFO[Skin.String(homeitem.2.sub)],Home)</onclick>
                <onclick>SetProperty(MenuBackground,$INFO[Skin.String(homeitem.2.display)],Home)</onclick>
                <onclick condition="!Skin.String(homeitem.2.menu)">$INFO[Skin.String(homeitem.2.path)]</onclick>
                <onclick condition="Skin.String(homeitem.2.menu)">ActivateWindow(2129)</onclick>
                <icon>$INFO[Skin.CurrentTheme,special://skin/backgrounds/,.jpg]</icon>
                <thumb>$INFO[Skin.String(homeitem.2.fanart)]</thumb>
                <property name="SubMenu">$INFO[Skin.String(homeitem.2.sub)]</property>
                <property name="HiLiteItem">$INFO[Skin.String(homeitem.2.type)]</property>
                <property name="LibStats">$INFO[Skin.String(homeitem.2.stats)]</property>
                <property name="AddOnSet">$INFO[Skin.String(homeitem.2.addon)]</property>
                <property name="WidgetSet">$INFO[Skin.String(homeitem.2.widget)]</property>
                <property name="PlayListType">$INFO[Window(home).Property(HomePlayListTwo.type)]</property>
                <property name="Background">$INFO[Skin.String(homeitem.2.display)]</property>
                <visible>!IsEmpty(Skin.String(homeitem.2.path))</visible>
            </item>
            <item id="3">
                <description>Home Menu Item Three</description>
                <label>$INFO[Skin.String(homeitem.3.label)]</label>
                <onclick>SetProperty(MenuItemActive,ItemThree,Home)</onclick>
                <onclick>SetProperty(MenuItemSelected,$INFO[Skin.String(homeitem.3.type)],Home)</onclick>
                <onclick>SetProperty(MenuItemAddon,$INFO[Skin.String(homeitem.3.addon)],Home)</onclick>
                <onclick>SetProperty(MenuItemSub,$INFO[Skin.String(homeitem.3.sub)],Home)</onclick>
                <onclick>SetProperty(MenuBackground,$INFO[Skin.String(homeitem.3.display)],Home)</onclick>
                <onclick condition="!Skin.String(homeitem.3.menu)">$INFO[Skin.String(homeitem.3.path)]</onclick>
                <onclick condition="Skin.String(homeitem.3.menu)">ActivateWindow(2129)</onclick>
                <icon>$INFO[Skin.CurrentTheme,special://skin/backgrounds/,.jpg]</icon>
                <thumb>$INFO[Skin.String(homeitem.3.fanart)]</thumb>
                <property name="SubMenu">$INFO[Skin.String(homeitem.3.sub)]</property>
                <property name="HiLiteItem">$INFO[Skin.String(homeitem.3.type)]</property>
                <property name="LibStats">$INFO[Skin.String(homeitem.3.stats)]</property>
                <property name="AddOnSet">$INFO[Skin.String(homeitem.3.addon)]</property>
                <property name="WidgetSet">$INFO[Skin.String(homeitem.3.widget)]</property>
                <property name="PlayListType">$INFO[Window(home).Property(HomePlayListThree.type)]</property>
                <property name="Background">$INFO[Skin.String(homeitem.3.display)]</property>
                <visible>!IsEmpty(Skin.String(homeitem.3.path))</visible>
            </item>
            <item id="4">
                <description>Home Menu Item Four</description>
                <label>$INFO[Skin.String(homeitem.4.label)]</label>
                <onclick>SetProperty(MenuItemActive,ItemFour,Home)</onclick>
                <onclick>SetProperty(MenuItemSelected,$INFO[Skin.String(homeitem.4.type)],Home)</onclick>
                <onclick>SetProperty(MenuItemAddon,$INFO[Skin.String(homeitem.4.addon)],Home)</onclick>
                <onclick>SetProperty(MenuItemSub,$INFO[Skin.String(homeitem.4.sub)],Home)</onclick>
                <onclick>SetProperty(MenuBackground,$INFO[Skin.String(homeitem.4.display)],Home)</onclick>
                <onclick condition="!Skin.String(homeitem.4.menu)">$INFO[Skin.String(homeitem.4.path)]</onclick>
                <onclick condition="Skin.String(homeitem.4.menu)">ActivateWindow(2129)</onclick>
                <icon>$INFO[Skin.CurrentTheme,special://skin/backgrounds/,.jpg]</icon>
                <thumb>$INFO[Skin.String(homeitem.4.fanart)]</thumb>
                <property name="SubMenu">$INFO[Skin.String(homeitem.4.sub)]</property>
                <property name="HiLiteItem">$INFO[Skin.String(homeitem.4.type)]</property>
                <property name="LibStats">$INFO[Skin.String(homeitem.4.stats)]</property>
                <property name="AddOnSet">$INFO[Skin.String(homeitem.4.addon)]</property>
                <property name="WidgetSet">$INFO[Skin.String(homeitem.4.widget)]</property>
                <property name="PlayListType">$INFO[Window(home).Property(HomePlayListFour.type)]</property>
                <property name="Background">$INFO[Skin.String(homeitem.4.display)]</property>
                <visible>!IsEmpty(Skin.String(homeitem.4.path))</visible>
            </item>
            <item id="5">
                <description>Home Menu Item Five</description>
                <label>$INFO[Skin.String(homeitem.5.label)]</label>
                <onclick>SetProperty(MenuItemActive,ItemFive,Home)</onclick>
                <onclick>SetProperty(MenuItemSelected,$INFO[Skin.String(homeitem.5.type)],Home)</onclick>
                <onclick>SetProperty(MenuItemAddon,$INFO[Skin.String(homeitem.5.addon)],Home)</onclick>
                <onclick>SetProperty(MenuItemSub,$INFO[Skin.String(homeitem.5.sub)],Home)</onclick>
                <onclick>SetProperty(MenuBackground,$INFO[Skin.String(homeitem.5.display)],Home)</onclick>
                <onclick condition="!Skin.String(homeitem.5.menu)">$INFO[Skin.String(homeitem.5.path)]</onclick>
                <onclick condition="Skin.String(homeitem.5.menu)">ActivateWindow(2129)</onclick>
                <icon>$INFO[Skin.CurrentTheme,special://skin/backgrounds/,.jpg]</icon>
                <thumb>$INFO[Skin.String(homeitem.5.fanart)]</thumb>
                <property name="SubMenu">$INFO[Skin.String(homeitem.5.sub)]</property>
                <property name="HiLiteItem">$INFO[Skin.String(homeitem.5.type)]</property>
                <property name="LibStats">$INFO[Skin.String(homeitem.5.stats)]</property>
                <property name="AddOnSet">$INFO[Skin.String(homeitem.5.addon)]</property>
                <property name="WidgetSet">$INFO[Skin.String(homeitem.5.widget)]</property>
                <property name="PlayListType">$INFO[Window(home).Property(HomePlayListFive.type)]</property>
                <property name="Background">$INFO[Skin.String(homeitem.5.display)]</property>
                <visible>!IsEmpty(Skin.String(homeitem.5.path))</visible>
            </item>
            <item id="6">
                <description>Home Menu Item Six</description>
                <label>$INFO[Skin.String(homeitem.6.label)]</label>
                <onclick>SetProperty(MenuItemActive,ItemSix,Home)</onclick>
                <onclick>SetProperty(MenuItemSelected,$INFO[Skin.String(homeitem.6.type)],Home)</onclick>
                <onclick>SetProperty(MenuItemAddon,$INFO[Skin.String(homeitem.6.addon)],Home)</onclick>
                <onclick>SetProperty(MenuItemSub,$INFO[Skin.String(homeitem.6.sub)],Home)</onclick>
                <onclick>SetProperty(MenuBackground,$INFO[Skin.String(homeitem.6.display)],Home)</onclick>
                <onclick condition="!Skin.String(homeitem.6.menu)">$INFO[Skin.String(homeitem.6.path)]</onclick>
                <onclick condition="Skin.String(homeitem.6.menu)">ActivateWindow(2129)</onclick>
                <icon>$INFO[Skin.CurrentTheme,special://skin/backgrounds/,.jpg]</icon>
                <thumb>$INFO[Skin.String(homeitem.6.fanart)]</thumb>
                <property name="SubMenu">$INFO[Skin.String(homeitem.6.sub)]</property>
                <property name="HiLiteItem">$INFO[Skin.String(homeitem.6.type)]</property>
                <property name="LibStats">$INFO[Skin.String(homeitem.6.stats)]</property>
                <property name="AddOnSet">$INFO[Skin.String(homeitem.6.addon)]</property>
                <property name="WidgetSet">$INFO[Skin.String(homeitem.6.widget)]</property>
                <property name="PlayListType">$INFO[Window(home).Property(HomePlayListSix.type)]</property>
                <property name="Background">$INFO[Skin.String(homeitem.6.display)]</property>
                <visible>!IsEmpty(Skin.String(homeitem.6.path))</visible>
            </item>
            <item id="7">
                <description>Home Menu Item Seven</description>
                <label>$INFO[Skin.String(homeitem.7.label)]</label>
                <onclick>SetProperty(MenuItemActive,ItemSeven,Home)</onclick>
                <onclick>SetProperty(MenuItemSelected,$INFO[Skin.String(homeitem.7.type)],Home)</onclick>
                <onclick>SetProperty(MenuItemAddon,$INFO[Skin.String(homeitem.7.addon)],Home)</onclick>
                <onclick>SetProperty(MenuItemSub,$INFO[Skin.String(homeitem.7.sub)],Home)</onclick>
                <onclick>SetProperty(MenuBackground,$INFO[Skin.String(homeitem.7.display)],Home)</onclick>
                <onclick condition="!Skin.String(homeitem.7.menu)">$INFO[Skin.String(homeitem.7.path)]</onclick>
                <onclick condition="Skin.String(homeitem.7.menu)">ActivateWindow(2129)</onclick>
                <icon>$INFO[Skin.CurrentTheme,special://skin/backgrounds/,.jpg]</icon>
                <thumb>$INFO[Skin.String(homeitem.7.fanart)]</thumb>
                <property name="SubMenu">$INFO[Skin.String(homeitem.7.sub)]</property>
                <property name="HiLiteItem">$INFO[Skin.String(homeitem.7.type)]</property>
                <property name="LibStats">$INFO[Skin.String(homeitem.7.stats)]</property>
                <property name="AddOnSet">$INFO[Skin.String(homeitem.7.addon)]</property>
                <property name="WidgetSet">$INFO[Skin.String(homeitem.7.widget)]</property>
                <property name="PlayListType">$INFO[Window(home).Property(HomePlayListSeven.type)]</property>
                <property name="Background">$INFO[Skin.String(homeitem.7.display)]</property>
                <visible>!IsEmpty(Skin.String(homeitem.7.path))</visible>
            </item>
            <item id="8">
                <description>Home Menu Item Eight</description>
                <label>$INFO[Skin.String(homeitem.8.label)]</label>
                <onclick>SetProperty(MenuItemActive,ItemEight,Home)</onclick>
                <onclick>SetProperty(MenuItemSelected,$INFO[Skin.String(homeitem.8.type)],Home)</onclick>
                <onclick>SetProperty(MenuItemAddon,$INFO[Skin.String(homeitem.8.addon)],Home)</onclick>
                <onclick>SetProperty(MenuItemSub,$INFO[Skin.String(homeitem.8.sub)],Home)</onclick>
                <onclick>SetProperty(MenuBackground,$INFO[Skin.String(homeitem.8.display)],Home)</onclick>
                <onclick condition="!Skin.String(homeitem.8.menu)">$INFO[Skin.String(homeitem.8.path)]</onclick>
                <onclick condition="Skin.String(homeitem.8.menu)">ActivateWindow(2129)</onclick>
                <icon>$INFO[Skin.CurrentTheme,special://skin/backgrounds/,.jpg]</icon>
                <thumb>$INFO[Skin.String(homeitem.8.fanart)]</thumb>
                <property name="SubMenu">$INFO[Skin.String(homeitem.8.sub)]</property>
                <property name="HiLiteItem">$INFO[Skin.String(homeitem.8.type)]</property>
                <property name="LibStats">$INFO[Skin.String(homeitem.8.stats)]</property>
                <property name="AddOnSet">$INFO[Skin.String(homeitem.8.addon)]</property>
                <property name="WidgetSet">$INFO[Skin.String(homeitem.8.widget)]</property>
                <property name="PlayListType">$INFO[Window(home).Property(HomePlayListEight.type)]</property>
                <property name="Background">$INFO[Skin.String(homeitem.8.display)]</property>
                <visible>!IsEmpty(Skin.String(homeitem.8.path))</visible>
            </item>
            <item id="9">
                <description>Home Menu Item Nine</description>
                <label>$INFO[Skin.String(homeitem.9.label)]</label>
                <onclick>SetProperty(MenuItemActive,ItemNine,Home)</onclick>
                <onclick>SetProperty(MenuItemSelected,$INFO[Skin.String(homeitem.9.type)],Home)</onclick>
                <onclick>SetProperty(MenuItemAddon,$INFO[Skin.String(homeitem.9.addon)],Home)</onclick>
                <onclick>SetProperty(MenuItemSub,$INFO[Skin.String(homeitem.9.sub)],Home)</onclick>
                <onclick>SetProperty(MenuBackground,$INFO[Skin.String(homeitem.9.display)],Home)</onclick>
                <onclick condition="!Skin.String(homeitem.9.menu)">$INFO[Skin.String(homeitem.9.path)]</onclick>
                <onclick condition="Skin.String(homeitem.9.menu)">ActivateWindow(2129)</onclick>
                <icon>$INFO[Skin.CurrentTheme,special://skin/backgrounds/,.jpg]</icon>
                <thumb>$INFO[Skin.String(homeitem.9.fanart)]</thumb>
                <property name="SubMenu">$INFO[Skin.String(homeitem.9.sub)]</property>
                <property name="HiLiteItem">$INFO[Skin.String(homeitem.9.type)]</property>
                <property name="LibStats">$INFO[Skin.String(homeitem.9.stats)]</property>
                <property name="AddOnSet">$INFO[Skin.String(homeitem.9.addon)]</property>
                <property name="WidgetSet">$INFO[Skin.String(homeitem.9.widget)]</property>
                <property name="PlayListType">$INFO[Window(home).Property(HomePlayListNine.type)]</property>
                <property name="Background">$INFO[Skin.String(homeitem.9.display)]</property>
                <visible>!IsEmpty(Skin.String(homeitem.9.path))</visible>
            </item>
            <item id="10">
                <description>Home Menu Item Ten</description>
                <label>$INFO[Skin.String(homeitem.10.label)]</label>
                <onclick>SetProperty(MenuItemActive,ItemTen,Home)</onclick>
                <onclick>SetProperty(MenuItemSelected,$INFO[Skin.String(homeitem.10.type)],Home)</onclick>
                <onclick>SetProperty(MenuItemAddon,$INFO[Skin.String(homeitem.10.addon)],Home)</onclick>
                <onclick>SetProperty(MenuItemSub,$INFO[Skin.String(homeitem.10.sub)],Home)</onclick>
                <onclick>SetProperty(MenuBackground,$INFO[Skin.String(homeitem.10.display)],Home)</onclick>
                <onclick condition="!Skin.String(homeitem.10.menu)">$INFO[Skin.String(homeitem.10.path)]</onclick>
                <onclick condition="Skin.String(homeitem.10.menu)">ActivateWindow(2129)</onclick>
                <icon>$INFO[Skin.CurrentTheme,special://skin/backgrounds/,.jpg]</icon>
                <thumb>$INFO[Skin.String(homeitem.10.fanart)]</thumb>
                <property name="SubMenu">$INFO[Skin.String(homeitem.10.sub)]</property>
                <property name="HiLiteItem">$INFO[Skin.String(homeitem.10.type)]</property>
                <property name="LibStats">$INFO[Skin.String(homeitem.10.stats)]</property>
                <property name="AddOnSet">$INFO[Skin.String(homeitem.10.addon)]</property>
                <property name="WidgetSet">$INFO[Skin.String(homeitem.10.widget)]</property>
                <property name="PlayListType">$INFO[Window(home).Property(HomePlayListTen.type)]</property>
                <property name="Background">$INFO[Skin.String(homeitem.10.display)]</property>
                <visible>!IsEmpty(Skin.String(homeitem.10.path))</visible>
            </item>
            <item id="11">
                <description>FullScreen PlayBack</description>
                <label>$LOCALIZE[31008]</label>
                <onclick>SetProperty(MenuItemAddon,None,Home)</onclick>
                <onclick>SetProperty(MenuItemSub,None,Home)</onclick>
                <onclick>SetProperty(MenuBackground,None,Home)</onclick>
                <onclick>fullscreen</onclick>
                <icon>$INFO[Skin.CurrentTheme,special://skin/backgrounds/,.jpg]</icon>
                <thumb>$INFO[special://skin/backgrounds/homescreen/media-overlay.jpg]</thumb>
                <property name="SubMenu">FullScreen</property>
                <property name="HiLiteItem">FullScreen</property>
                <property name="LibStats">FullScreen</property>
                <property name="AddOnSet">None</property>
                <property name="WidgetSet">None</property>
                <visible>Player.HasMedia + !Skin.HasSetting(hidefullscreenitem)</visible>
            </item>
            <item id="12">
                <description>DVD Tray</description>
                <label>$LOCALIZE[31365]</label>
                <onclick>SetProperty(MenuItemActive,PlayDisc,Home)</onclick>
                <onclick>SetProperty(MenuItemSelected,PlayDisc,Home)</onclick>
                <onclick>SetProperty(MenuItemAddon,None,Home)</onclick>
                <onclick>SetProperty(MenuItemSub,None,Home)</onclick>
                <onclick>SetProperty(MenuBackground,None,Home)</onclick>
                <onclick>XBMC.PlayDVD()</onclick>
                <icon>$INFO[Skin.CurrentTheme,special://skin/backgrounds/,.jpg]</icon>
                <thumb>$INFO[Skin.String(homeitem.12.fanart)]</thumb>
                <property name="SubMenu">PlayDisc</property>
                <property name="HiLiteItem">PlayDisc</property>
                <property name="LibStats">PlayDisc</property>
                <property name="AddOnSet">None</property>
                <visible>!Skin.HasSetting(hidedvdmenuitem) + System.HasMediaDVD</visible>
            </item>
            <item id="13">
                <description>Home Menu Settings</description>
                <label>$LOCALIZE[13000]</label>
                <onclick>SetProperty(MenuItemActive,Settings,Home)</onclick>
                <onclick>SetProperty(MenuItemSelected,Settings,Home)</onclick>
                <onclick>SetProperty(MenuItemAddon,$INFO[Skin.String(homeitem.13.addon)],Home)</onclick>
                <onclick>SetProperty(MenuItemSub,$INFO[Skin.String(homeitem.13.sub)],Home)</onclick>
                <onclick>SetProperty(MenuBackground,$INFO[Skin.String(homeitem.13.display)],Home)</onclick>
                <onclick condition="!Skin.String(homeitem.13.menu)">ActivateWindow(Settings)</onclick>
                <onclick condition="Skin.String(homeitem.13.menu)">ActivateWindow(2129)</onclick>
                <icon>$INFO[Skin.CurrentTheme,special://skin/backgrounds/,.jpg]</icon>
                <thumb>$INFO[Skin.String(homeitem.13.fanart)]</thumb>
                <property name="SubMenu">$INFO[Skin.String(homeitem.13.sub)]</property>
                <property name="HiLiteItem">Settings</property>
                <property name="LibStats">Settings</property>
                <property name="AddOnSet">$INFO[Skin.String(homeitem.13.addon)]</property>
                <property name="WidgetSet">$INFO[Skin.String(homeitem.13.widget)]</property>
                <visible>!Skin.HasSetting(hidesytemmenuitem)</visible>
            </item>
        </content>
    </include>
    <include name="DefaultInitialSetup">
        <onload condition="System.Date(11-24,1-6)">Skin.Setbool(holidayeffects)</onload>
        <onload>Skin.SetString(mpaacertificate,UK)</onload>
        <onload>Skin.SetString(initialmenuitem,0)</onload>
        <onload>Skin.SetString(initialmenuposi,2)</onload>
        <onload condition="!IsEmpty(Weather.Plugin)">Skin.SetString(homeitem.1.path,ActivateWindow(VideoLibrary,"special://skin/extras/Playlists/GenreFamily.xsp",return))</onload>
        <onload condition="!IsEmpty(Weather.Plugin)">Skin.SetString(homeitem.1.label,$LOCALIZE[31610])</onload>
        <onload condition="!IsEmpty(Weather.Plugin)">Skin.SetString(homeitem.1.icon,DefaultVideoPlaylists.png)</onload>
        <onload condition="!IsEmpty(Weather.Plugin)">Skin.SetString(homeitem.1.display,Live)</onload>
        <onload condition="!IsEmpty(Weather.Plugin)">Skin.SetString(homeitem.1.playlist,special://skin/extras/Playlists/GenreFamily.xsp)</onload>
        <onload condition="!IsEmpty(Weather.Plugin)">Skin.SetString(homeitem.1.sub,Movies)</onload>
        <onload condition="!IsEmpty(Weather.Plugin)">Skin.SetString(homeitem.1.stats,VideoPlayList)</onload>
        <onload condition="!IsEmpty(Weather.Plugin)">Skin.SetString(homeitem.1.addon,None)</onload>
        <onload condition="!IsEmpty(Weather.Plugin)">Skin.SetString(homeitem.1.widget,VideoPlayList)</onload>
        <onload condition="!IsEmpty(Weather.Plugin)">Skin.SetString(homeitem.1.type,VideoPlayList)</onload>
        <onload condition="!IsEmpty(Weather.Plugin)">Skin.SetString(homeitem.1.fanart,special://skin/backgrounds/homescreen/playlist.jpg)</onload>
        <onload condition="IsEmpty(Weather.Plugin) + Library.HasContent(MusicVideos)">Skin.SetString(homeitem.1.label,$LOCALIZE[31206])</onload>
        <onload condition="IsEmpty(Weather.Plugin) + Library.HasContent(MusicVideos)">Skin.SetString(homeitem.1.path,PlayMedia("special://skin/extras/Streaming/Radio105NetworkTV.strm"))</onload>
        <onload condition="IsEmpty(Weather.Plugin) + Library.HasContent(MusicVideos)">Skin.SetString(homeitem.1.icon,special://skin/extras/Streaming/Radio105NetworkTV.png)</onload>
        <onload condition="IsEmpty(Weather.Plugin) + Library.HasContent(MusicVideos)">Skin.SetString(homeitem.1.display,Database)</onload>
        <onload condition="IsEmpty(Weather.Plugin) + Library.HasContent(MusicVideos)">Skin.SetString(homeitem.1.sub,None)</onload>
        <onload condition="IsEmpty(Weather.Plugin) + Library.HasContent(MusicVideos)">Skin.SetString(homeitem.1.stats,None)</onload>
        <onload condition="IsEmpty(Weather.Plugin) + Library.HasContent(MusicVideos)">Skin.SetString(homeitem.1.addon,None)</onload>
        <onload condition="IsEmpty(Weather.Plugin) + Library.HasContent(MusicVideos)">Skin.SetString(homeitem.1.widget,None)</onload>
        <onload condition="IsEmpty(Weather.Plugin) + Library.HasContent(MusicVideos)">Skin.SetString(homeitem.1.type,Streaming)</onload>
        <onload condition="IsEmpty(Weather.Plugin) + Library.HasContent(MusicVideos)">Skin.SetString(homeitem.1.fanart,special://skin/backgrounds/homescreen/musicvideos.jpg)</onload>
        <onload condition="IsEmpty(Weather.Plugin) + !Library.HasContent(MusicVideos)">Skin.SetString(homeitem.1.label,$LOCALIZE[13005])</onload>
        <onload condition="IsEmpty(Weather.Plugin) + !Library.HasContent(MusicVideos)">Skin.SetString(homeitem.1.path,XBMC.Shutdown())</onload>
        <onload condition="IsEmpty(Weather.Plugin) + !Library.HasContent(MusicVideos)">Skin.SetString(homeitem.1.icon,warning.png.png)</onload>
        <onload condition="IsEmpty(Weather.Plugin) + !Library.HasContent(MusicVideos)">Skin.SetString(homeitem.1.display,Default)</onload>
        <onload condition="IsEmpty(Weather.Plugin) + !Library.HasContent(MusicVideos)">Skin.SetString(homeitem.1.sub,Shutdown)</onload>
        <onload condition="IsEmpty(Weather.Plugin) + !Library.HasContent(MusicVideos)">Skin.SetString(homeitem.1.stats,Shutdown)</onload>
        <onload condition="IsEmpty(Weather.Plugin) + !Library.HasContent(MusicVideos)">Skin.SetString(homeitem.1.addon,None)</onload>
        <onload condition="IsEmpty(Weather.Plugin) + !Library.HasContent(MusicVideos)">Skin.SetString(homeitem.1.widget,None)</onload>
        <onload condition="IsEmpty(Weather.Plugin) + !Library.HasContent(MusicVideos)">Skin.SetString(homeitem.1.type,Shutdown)</onload>
        <onload condition="IsEmpty(Weather.Plugin) + !Library.HasContent(MusicVideos)">Skin.SetString(homeitem.1.fanart,special://skin/backgrounds/homescreen/shutdown.jpg)</onload>
        <onload>Skin.SetString(homeitem.2.label,$LOCALIZE[1])</onload>
        <onload>Skin.SetString(homeitem.2.path,ActivateWindow(Pictures))</onload>
        <onload>Skin.SetString(homeitem.2.sub,Pictures)</onload>
        <onload>Skin.SetString(homeitem.2.icon,DefaultPicture.png)</onload>
        <onload>Skin.SetString(homeitem.2.display,Default)</onload>
        <onload>Skin.SetString(homeitem.2.stats,None)</onload>
        <onload>Skin.SetString(homeitem.2.addon,None)</onload>
        <onload>Skin.SetString(homeitem.2.widget,None)</onload>
        <onload>Skin.SetString(homeitem.2.type,Pictures)</onload>
        <onload>Skin.SetString(homeitem.2.fanart,special://skin/backgrounds/homescreen/pictures.jpg)</onload>
        <onload condition="System.GetBool(pvrmanager.enabled)">Skin.SetString(homeitem.3.label,$LOCALIZE[31502])</onload>
        <onload condition="System.GetBool(pvrmanager.enabled)">Skin.SetString(homeitem.3.path,ActivateWindow(PVR))</onload>
        <onload condition="System.GetBool(pvrmanager.enabled)">Skin.SetString(homeitem.3.icon,DefaultTVShows.png.png)</onload>
        <onload condition="System.GetBool(pvrmanager.enabled)">Skin.SetString(homeitem.3.display,Default)</onload>
        <onload condition="System.GetBool(pvrmanager.enabled)">Skin.SetString(homeitem.3.sub,LiveTV)</onload>
        <onload condition="System.GetBool(pvrmanager.enabled)">Skin.SetString(homeitem.3.stats,LiveTV)</onload>
        <onload condition="System.GetBool(pvrmanager.enabled)">Skin.SetString(homeitem.3.addon,None)</onload>
        <onload condition="System.GetBool(pvrmanager.enabled)">Skin.SetString(homeitem.3.widget,None)</onload>
        <onload condition="System.GetBool(pvrmanager.enabled)">Skin.SetString(homeitem.3.type,LiveTV)</onload>
        <onload condition="System.GetBool(pvrmanager.enabled)">Skin.SetString(homeitem.3.fanart,special://skin/backgrounds/homescreen/tv.jpg)</onload>
        <onload condition="!System.GetBool(pvrmanager.enabled) + System.HasAddon(script.pseudotv)">Skin.SetString(homeitem.3.label,$LOCALIZE[31204])</onload>
        <onload condition="!System.GetBool(pvrmanager.enabled) + System.HasAddon(script.pseudotv)">Skin.SetString(homeitem.3.path,RunScript(script.pseudotv))</onload>
        <onload condition="!System.GetBool(pvrmanager.enabled) + System.HasAddon(script.pseudotv)">Skin.SetString(homeitem.3.icon,DefaultTVShows.png)</onload>
        <onload condition="!System.GetBool(pvrmanager.enabled) + System.HasAddon(script.pseudotv)">Skin.SetString(homeitem.3.display,Database)</onload>
        <onload condition="!System.GetBool(pvrmanager.enabled) + System.HasAddon(script.pseudotv)">Skin.SetString(homeitem.3.sub,TVShows)</onload>
        <onload condition="!System.GetBool(pvrmanager.enabled) + System.HasAddon(script.pseudotv)">Skin.SetString(homeitem.3.stats,TVShows)</onload>
        <onload condition="!System.GetBool(pvrmanager.enabled) + System.HasAddon(script.pseudotv)">Skin.SetString(homeitem.3.addon,None)</onload>
        <onload condition="!System.GetBool(pvrmanager.enabled) + System.HasAddon(script.pseudotv)">Skin.SetString(homeitem.3.widget,RecentEpisodes)</onload>
        <onload condition="!System.GetBool(pvrmanager.enabled) + System.HasAddon(script.pseudotv)">Skin.SetString(homeitem.3.type,TVShows)</onload>
        <onload condition="!System.GetBool(pvrmanager.enabled) + System.HasAddon(script.pseudotv)">Skin.SetString(homeitem.3.fanart,special://skin/backgrounds/homescreen/videos.jpg)</onload>
        <onload>Skin.SetString(homeitem.4.label,$LOCALIZE[3])</onload>
        <onload>Skin.SetString(homeitem.4.path,ActivateWindow(Videos,Files,return))</onload>
        <onload>Skin.SetString(homeitem.4.icon,DefaultMovies.png)</onload>
        <onload condition="Library.HasContent(Movies)">Skin.SetString(homeitem.4.display,Database)</onload>
        <onload condition="!Library.HasContent(Movies)">Skin.SetString(homeitem.4.display,Default)</onload>
        <onload>Skin.SetString(homeitem.4.sub,Videos)</onload>
        <onload>Skin.SetString(homeitem.4.stats,Videos)</onload>
        <onload>Skin.SetString(homeitem.4.addon,None)</onload>
        <onload>Skin.SetString(homeitem.4.widget,UnWatchedMovies)</onload>
        <onload>Skin.SetString(homeitem.4.type,Videos)</onload>
        <onload>Skin.SetString(homeitem.4.fanart,special://skin/backgrounds/homescreen/videos.jpg)</onload>
        <onload condition="Library.HasContent(Movies) + !System.HasAddon(script.cinema.experience)">Skin.SetString(homeitem.5.label,$LOCALIZE[20342])</onload>
        <onload condition="Library.HasContent(Movies) + !System.HasAddon(script.cinema.experience)">Skin.SetString(homeitem.5.path,ActivateWindow(Videos,MovieTitles,return))</onload>
        <onload condition="Library.HasContent(Movies) + System.HasAddon(script.cinema.experience)">Skin.SetString(homeitem.5.label,$LOCALIZE[31205])</onload>
        <onload condition="Library.HasContent(Movies) + System.HasAddon(script.cinema.experience)">Skin.SetString(homeitem.5.path,RunScript(script.cinema.experience,movietitles))</onload>
        <onload condition="Library.HasContent(Movies)">Skin.SetString(homeitem.5.icon,DefaultMovies.png)</onload>
        <onload condition="Library.HasContent(Movies)">Skin.SetString(homeitem.5.display,Live)</onload>
        <onload condition="Library.HasContent(Movies)">Skin.SetString(homeitem.5.sub,Movies)</onload>
        <onload condition="Library.HasContent(Movies)">Skin.SetString(homeitem.5.stats,Movies)</onload>
        <onload condition="Library.HasContent(Movies)">Skin.SetString(homeitem.5.addon,None)</onload>
        <onload condition="Library.HasContent(Movies)">Skin.SetString(homeitem.5.widget,RecentMovies)</onload>
        <onload condition="Library.HasContent(Movies)">Skin.SetString(homeitem.5.type,Movies)</onload>
        <onload condition="Library.HasContent(Movies)">Skin.SetString(homeitem.5.fanart,special://skin/backgrounds/homescreen/videos.jpg)</onload>
        <onload condition="Library.HasContent(TVShows)">Skin.SetString(homeitem.6.label,$LOCALIZE[20343])</onload>
        <onload condition="Library.HasContent(TVShows)">Skin.SetString(homeitem.6.path,ActivateWindow(Videos,TVShowTitles,return))</onload>
        <onload condition="Library.HasContent(TVShows)">Skin.SetString(homeitem.6.icon,DefaultTVShows.png)</onload>
        <onload condition="Library.HasContent(TVShows)">Skin.SetString(homeitem.6.display,Live)</onload>
        <onload condition="Library.HasContent(TVShows)">Skin.SetString(homeitem.6.sub,TVShows)</onload>
        <onload condition="Library.HasContent(TVShows)">Skin.SetString(homeitem.6.stats,TVShows)</onload>
        <onload condition="Library.HasContent(TVShows)">Skin.SetString(homeitem.6.addon,None)</onload>
        <onload condition="Library.HasContent(TVShows)">Skin.SetString(homeitem.6.widget,RecentEpisodes)</onload>
        <onload condition="Library.HasContent(TVShows)">Skin.SetString(homeitem.6.type,TVShows)</onload>
        <onload condition="Library.HasContent(TVShows)">Skin.SetString(homeitem.6.fanart,special://skin/backgrounds/homescreen/videos.jpg)</onload>
        <onload>Skin.SetString(homeitem.7.label,$LOCALIZE[2])</onload>
        <onload>Skin.SetString(homeitem.7.path,ActivateWindow(Music))</onload>
        <onload>Skin.SetString(homeitem.7.icon,DefaultMusicAlbums.png)</onload>
        <onload condition="Library.HasContent(Music)">Skin.SetString(homeitem.7.display,Live)</onload>
        <onload condition="!Library.HasContent(Music)">Skin.SetString(homeitem.7.display,Default)</onload>
        <onload>Skin.SetString(homeitem.7.sub,Music)</onload>
        <onload>Skin.SetString(homeitem.7.stats,Music)</onload>
        <onload>Skin.SetString(homeitem.7.addon,None)</onload>
        <onload>Skin.SetString(homeitem.7.widget,RecentAlbums)</onload>
        <onload>Skin.SetString(homeitem.7.type,Music)</onload>
        <onload>Skin.SetString(homeitem.7.fanart,special://skin/backgrounds/homescreen/music.jpg)</onload>
        <onload condition="!Library.HasContent(MusicVideos)">Skin.SetString(homeitem.8.label,$LOCALIZE[31206])</onload>
        <onload condition="!Library.HasContent(MusicVideos)">Skin.SetString(homeitem.8.path,PlayMedia("special://skin/extras/Streaming/Radio105NetworkTV.strm"))</onload>
        <onload condition="!Library.HasContent(MusicVideos)">Skin.SetString(homeitem.8.icon,special://skin/extras/Streaming/Radio105NetworkTV.png)</onload>
        <onload condition="!Library.HasContent(MusicVideos)">Skin.SetString(homeitem.8.display,Default)</onload>
        <onload condition="!Library.HasContent(MusicVideos)">Skin.SetString(homeitem.8.sub,None)</onload>
        <onload condition="!Library.HasContent(MusicVideos)">Skin.SetString(homeitem.8.stats,None)</onload>
        <onload condition="!Library.HasContent(MusicVideos)">Skin.SetString(homeitem.8.addon,None)</onload>
        <onload condition="!Library.HasContent(MusicVideos)">Skin.SetString(homeitem.8.widget,None)</onload>
        <onload condition="!Library.HasContent(MusicVideos)">Skin.SetString(homeitem.8.type,Streaming)</onload>
        <onload condition="Library.HasContent(MusicVideos)">Skin.SetString(homeitem.8.label,$LOCALIZE[31203])</onload>
        <onload condition="Library.HasContent(MusicVideos)">Skin.SetString(homeitem.8.path,ActivateWindow(Videos,MusicVideos,return))</onload>
        <onload condition="Library.HasContent(MusicVideos)">Skin.SetString(homeitem.8.icon,DefaultMusicVideos.png)</onload>
        <onload condition="Library.HasContent(MusicVideos)">Skin.SetString(homeitem.8.display,Database)</onload>
        <onload condition="Library.HasContent(MusicVideos)">Skin.SetString(homeitem.8.sub,Concerts)</onload>
        <onload condition="Library.HasContent(MusicVideos)">Skin.SetString(homeitem.8.stats,Concerts)</onload>
        <onload condition="Library.HasContent(MusicVideos)">Skin.SetString(homeitem.8.addon,None)</onload>
        <onload condition="Library.HasContent(MusicVideos)">Skin.SetString(homeitem.8.widget,RecentConcerts)</onload>
        <onload condition="Library.HasContent(MusicVideos)">Skin.SetString(homeitem.8.type,Concerts)</onload>
        <onload>Skin.SetString(homeitem.8.fanart,special://skin/backgrounds/homescreen/musicvideos.jpg)</onload>
        <onload condition="!IsEmpty(Weather.Plugin)">Skin.SetString(homeitem.9.label,$LOCALIZE[8])</onload>
        <onload condition="!IsEmpty(Weather.Plugin)">Skin.SetString(homeitem.9.path,ActivateWindow(Weather))</onload>
        <onload condition="!IsEmpty(Weather.Plugin)">Skin.SetString(homeitem.9.icon,DefaultWeather.png)</onload>
        <onload condition="!IsEmpty(Weather.Plugin)">Skin.SetString(homeitem.9.display,Live)</onload>
        <onload condition="!IsEmpty(Weather.Plugin)">Skin.SetString(homeitem.9.sub,None)</onload>
        <onload condition="!IsEmpty(Weather.Plugin)">Skin.SetString(homeitem.9.stats,Weather)</onload>
        <onload condition="!IsEmpty(Weather.Plugin)">Skin.SetString(homeitem.9.addon,None)</onload>
        <onload condition="!IsEmpty(Weather.Plugin)">Skin.SetString(homeitem.9.widget,Weather)</onload>
        <onload condition="!IsEmpty(Weather.Plugin)">Skin.SetString(homeitem.9.type,Weather)</onload>
        <onload condition="!IsEmpty(Weather.Plugin)">Skin.SetString(homeitem.9.fanart,special://skin/backgrounds/homescreen/weather.jpg)</onload>
        <onload condition="IsEmpty(Weather.Plugin)">Skin.SetString(homeitem.9.label,$LOCALIZE[31610])</onload>
        <onload condition="IsEmpty(Weather.Plugin)">Skin.SetString(homeitem.9.path,ActivateWindow(VideoLibrary,"special://skin/extras/Playlists/GenreFamily.xsp",return))</onload>
        <onload condition="IsEmpty(Weather.Plugin)">Skin.SetString(homeitem.9.playlist,special://skin/extras/Playlists/GenreFamily.xsp)</onload>
        <onload condition="IsEmpty(Weather.Plugin)">Skin.SetString(homeitem.9.icon,DefaultVideoPlaylists.png)</onload>
        <onload condition="IsEmpty(Weather.Plugin)">Skin.SetString(homeitem.9.display,Live)</onload>
        <onload condition="IsEmpty(Weather.Plugin)">Skin.SetString(homeitem.9.sub,Movies)</onload>
        <onload condition="IsEmpty(Weather.Plugin)">Skin.SetString(homeitem.9.stats,Playlists)</onload>
        <onload condition="IsEmpty(Weather.Plugin)">Skin.SetString(homeitem.9.addon,None)</onload>
        <onload condition="IsEmpty(Weather.Plugin)">Skin.SetString(homeitem.9.widget,VideoPlayList)</onload>
        <onload condition="IsEmpty(Weather.Plugin)">Skin.SetString(homeitem.9.type,VideoPlayList)</onload>
        <onload condition="IsEmpty(Weather.Plugin)">Skin.SetString(homeitem.9.fanart,special://skin/backgrounds/homescreen/playlist.jpg)</onload>
        <onload condition="!System.HasAddon(plugin.program.advanced.launcher)">Skin.SetString(homeitem.10.label,$LOCALIZE[0])</onload>
        <onload condition="!System.HasAddon(plugin.program.advanced.launcher) + !System.Platform.Android">Skin.SetString(homeitem.10.path,ActivateWindow(Programs,Addons,return))</onload>
        <onload condition="!System.HasAddon(plugin.program.advanced.launcher) + System.Platform.Android">Skin.SetString(homeitem.10.path,ActivateWindow(Programs))</onload>
        <onload condition="!System.HasAddon(plugin.program.advanced.launcher)">Skin.SetString(homeitem.10.icon,DefaultAddon.png)</onload>
        <onload condition="!System.HasAddon(plugin.program.advanced.launcher)">Skin.SetString(homeitem.10.display,Default)</onload>
        <onload condition="!System.HasAddon(plugin.program.advanced.launcher)">Skin.SetString(homeitem.10.sub,Programs)</onload>
        <onload condition="!System.HasAddon(plugin.program.advanced.launcher)">Skin.SetString(homeitem.10.stats,None)</onload>
        <onload condition="!System.HasAddon(plugin.program.advanced.launcher)">Skin.SetString(homeitem.10.addon,None)</onload>
        <onload condition="!System.HasAddon(plugin.program.advanced.launcher)">Skin.SetString(homeitem.10.widget,None)</onload>
        <onload condition="!System.HasAddon(plugin.program.advanced.launcher)">Skin.SetString(homeitem.10.type,Programs)</onload>
        <onload condition="!System.HasAddon(plugin.program.advanced.launcher)">Skin.SetString(homeitem.10.fanart,special://skin/backgrounds/homescreen/programs.jpg)</onload>
        <onload condition="System.HasAddon(plugin.program.advanced.launcher)">Skin.SetString(homeitem.10.label,$LOCALIZE[31208])</onload>
        <onload condition="System.HasAddon(plugin.program.advanced.launcher)">Skin.SetString(homeitem.10.path,RunAddon(plugin.program.advanced.launcher))</onload>
        <onload condition="System.HasAddon(plugin.program.advanced.launcher)">Skin.SetString(homeitem.10.icon,$INFO[system.addonicon(plugin.program.advanced.launcher)])</onload>
        <onload condition="System.HasAddon(plugin.program.advanced.launcher)">Skin.SetString(homeitem.10.display,Default)</onload>
        <onload condition="System.HasAddon(plugin.program.advanced.launcher)">Skin.SetString(homeitem.10.sub,Programs)</onload>
        <onload condition="System.HasAddon(plugin.program.advanced.launcher)">Skin.SetString(homeitem.10.stats,None)</onload>
        <onload condition="System.HasAddon(plugin.program.advanced.launcher)">Skin.SetString(homeitem.10.addon,None)</onload>
        <onload condition="System.HasAddon(plugin.program.advanced.launcher)">Skin.SetString(homeitem.10.widget,None)</onload>
        <onload condition="System.HasAddon(plugin.program.advanced.launcher)">Skin.SetString(homeitem.10.type,AddOns)</onload>
        <onload condition="System.HasAddon(plugin.program.advanced.launcher)">Skin.SetString(homeitem.10.fanart,special://skin/backgrounds/homescreen/launcher.jpg)</onload>
        <onload>Skin.SetString(homeitem.12.fanart,special://skin/backgrounds/homescreen/playdisc.jpg)</onload>
        <onload>Skin.SetString(homeitem.12.display,Default)</onload>
        <onload>Skin.SetString(homeitem.12.addon,None)</onload>
        <onload>Skin.SetString(homeitem.12.widget,None)</onload>
        <onload>Skin.SetString(homeitem.13.icon,DefaultShortcut.png)</onload>
        <onload>Skin.SetString(homeitem.13.display,Default)</onload>
        <onload>Skin.SetString(homeitem.13.sub,Settings)</onload>
        <onload>Skin.SetString(homeitem.13.fanart,special://skin/backgrounds/homescreen/settings.jpg)</onload>
        <onload>Skin.SetString(homeitem.13.addon,None)</onload>
        <onload>Skin.SetString(homeitem.13.widget,None)</onload>
        <onload>Skin.SetString(startupbackgroundpath,special://skin/backgrounds/homescreen/startup.jpg)</onload>
        <onload>Skin.SetString(searchbtnbackground,special://skin/backgrounds/homescreen/search.jpg)</onload>
        <onload>Skin.SetString(holidaythemepath,special://skin/extras/holiday/xmastree.jpg)</onload>
        <onload>Skin.SetString(globalbackgroundpath,special://skin/backgrounds/SKINDEFAULT.jpg)</onload>
        <onload>Skin.SetBool(initialsetuprun)</onload>
    </include>
    <include name="WrapHomeMainMenu">
        <control type="wraplist" id="9000">
            <include>HomeMainMenuSys</include>
            <include>HomeMainMenuContent</include>
            <visible>Skin.HasSetting(wraparoundhomemenu)</visible>
        </control>
    </include>
    <include name="FixedHomeMainMenu">
        <control type="fixedlist" id="9000">
            <include>HomeMainMenuSys</include>
            <include>HomeMainMenuContent</include>
            <visible>!Skin.HasSetting(wraparoundhomemenu)</visible>
        </control>
    </include>
    <include name="HomeMainMenuSys">
        <left>-210</left>
        <top>5</top>
        <width>1700</width>
        <height>60</height>
        <onleft condition="!Skin.HasSetting(fixedendingmenu)">9000</onleft>
        <onright condition="!Skin.HasSetting(fixedendingmenu)">9000</onright>
        <onleft condition="Skin.HasSetting(fixedendingmenu)">noop</onleft>
        <onright condition="Skin.HasSetting(fixedendingmenu)">noop</onright>
        <onup condition="Control.IsVisible(601)">9004</onup>
        <onup condition="!Control.IsVisible(601) + Control.IsVisible(510)">510</onup>
        <ondown>9001</ondown>
        <pagecontrol>-</pagecontrol>
        <scrolltime>300</scrolltime>
        <focusposition>2</focusposition>
        <movement>1</movement>
        <orientation>Horizontal</orientation>
        <itemlayout height="60" width="340">
            <control type="image">
                <left>0</left>
                <top>4</top>
                <width>1</width>
                <height>52</height>
                <texture>Home/Seperator.png</texture>
            </control>
            <control type="image">
                <left>339</left>
                <top>4</top>
                <width>1</width>
                <height>52</height>
                <texture>Home/Seperator.png</texture>
            </control>
            <control type="label">
                <left>0</left>
                <top>0</top>
                <width>340</width>
                <height>60</height>
                <font>font_MainMenu</font>
                <textcolor>grey3</textcolor>
                <align>center</align>
                <aligny>center</aligny>
                <label>$INFO[ListItem.Label]</label>
            </control>
        </itemlayout>
        <focusedlayout height="60" width="340">
            <include condition="!Skin.HasSetting(hidesubmenuadvise)">HomeSubMenuImage</include>
            <control type="image">
                <left>0</left>
                <top>4</top>
                <width>1</width>
                <height>52</height>
                <texture>Home/Seperator.png</texture>
            </control>
            <control type="image">
                <left>339</left>
                <top>4</top>
                <width>1</width>
                <height>52</height>
                <texture>Home/Seperator.png</texture>
            </control>
            <control type="label">
                <left>5</left>
                <top>0</top>
                <width>330</width>
                <height>60</height>
                <font>font_MainMenu</font>
                <textcolor>grey3</textcolor>
                <align>center</align>
                <aligny>center</aligny>
                <label>$INFO[ListItem.Label]</label>
                <visible>!Control.HasFocus(9000)</visible>
            </control>
            <control type="label">
                <left>5</left>
                <top>0</top>
                <width>330</width>
                <height>60</height>
                <font>font_MainMenu</font>
                <textcolor>blue</textcolor>
                <align>center</align>
                <aligny>center</aligny>
                <label>$INFO[ListItem.Label]</label>
                <visible>Control.HasFocus(9000)</visible>
            </control>
        </focusedlayout>
    </include>
    <include name="HomeSubMenuImage">
        <control type="image">
            <left>312</left>
            <top>34</top>
            <width>26</width>
            <height>26</height>
            <texture>HasSub.png</texture>
            <animation effect="fade" start="0" end="100" time="200">Focus</animation>
            <animation effect="fade" start="100" end="0" time="0">UnFocus</animation>
            <visible>Skin.HasSetting(autovisablesubmenu)</visible>
            <visible>
				[StringCompare(Container(9000).ListItem.Property(SubMenu),Videos) + IntegerGreaterThan(Container(9010).NumItems,0)]|
				[StringCompare(Container(9000).ListItem.Property(SubMenu),Music) + IntegerGreaterThan(Container(9011).NumItems,0)]|
				[StringCompare(Container(9000).ListItem.Property(SubMenu),Settings) + IntegerGreaterThan(Container(9012).NumItems,0)]|
				[StringCompare(Container(9000).ListItem.Property(SubMenu),PlayDisc) + IntegerGreaterThan(Container(9013).NumItems,0)]|
				[StringCompare(Container(9000).ListItem.Property(SubMenu),LiveTV) + IntegerGreaterThan(Container(9014).NumItems,0)]|
				[StringCompare(Container(9000).ListItem.Property(SubMenu),Pictures) + IntegerGreaterThan(Container(9015).NumItems,0)]|
				[StringCompare(Container(9000).ListItem.Property(SubMenu),Movies) + IntegerGreaterThan(Container(9016).NumItems,0)]|
				[StringCompare(Container(9000).ListItem.Property(SubMenu),TVShows) + IntegerGreaterThan(Container(9017).NumItems,0)]|
				[StringCompare(Container(9000).ListItem.Property(SubMenu),Shutdown) + IntegerGreaterThan(Container(9018).NumItems,0)]|
				[StringCompare(Container(9000).ListItem.Property(SubMenu),Concerts) + IntegerGreaterThan(Container(9019).NumItems,0)]|
				[StringCompare(Container(9000).ListItem.Property(SubMenu),Favourites) + IntegerGreaterThan(Container(9020).NumItems,0)]|
				[StringCompare(Container(9000).ListItem.Property(SubMenu),UserOne) + IntegerGreaterThan(Container(9021).NumItems,0)]|
				[StringCompare(Container(9000).ListItem.Property(SubMenu),UserTwo) + IntegerGreaterThan(Container(9022).NumItems,0)]|
				[StringCompare(Container(9000).ListItem.Property(SubMenu),Programs) + IntegerGreaterThan(Container(9023).NumItems,0)]|
				[StringCompare(Container(9000).ListItem.Property(SubMenu),UserThree) + IntegerGreaterThan(Container(9024).NumItems,0)]|
				[StringCompare(Container(9000).ListItem.Property(SubMenu),FullScreen) + IntegerGreaterThan(Container(9025).NumItems,0)]
			</visible>
        </control>
        <control type="image">
            <left>5</left>
            <top>5</top>
            <width>26</width>
            <height>26</height>
            <texture>UserPreSet.png</texture>
            <animation effect="fade" start="0" end="100" time="200">Focus</animation>
            <animation effect="fade" start="100" end="0" time="0">UnFocus</animation>
            <visible>Container(9000).Hasfocus(1) + Skin.HasSetting(stickyhomemenuaction) + !IsEmpty(Skin.String(homeitemlastaction))</visible>
        </control>
        <control type="image">
            <left>312</left>
            <top>5</top>
            <width>26</width>
            <height>26</height>
            <texture flipy="true">HasSub.png</texture>
            <animation effect="fade" start="0" end="100" time="200">Focus</animation>
            <animation effect="fade" start="100" end="0" time="0">UnFocus</animation>
            <visible>Skin.HasSetting(enablecleanhome)</visible>
            <include>WidgetPanelVizability</include>
        </control>
    </include>
</includes>