<?xml version="1.0" encoding="UTF-8"?>
<includes>
    <include file="Defaults.xml" />
    <include file="IncludesVariables.xml" />
    <include file="IncludesHomeMenuSys.xml" />
    <include file="IncludesSubMenuSys.xml" />
    <include file="IncludesBackgroundEffect.xml" />
    <include file="IncludesCommonMedia.xml" />
    <include file="IncludesInfoWidget.xml" />
    <include file="IncludesHomeAddOnSystem.xml" />
    <include file="IncludesMenuContentItems.xml" />
    <include file="IncludesCDWall.xml" />
    <include file="IncludesListItemCount.xml" />
    <include file="IncludesGenreFlagging.xml" />
    <include file="IncludesOnScreenDisplay.xml" />
    <include file="ViewsInfoFanart.xml" />
    <include file="ViewsFanArt.xml" />
    <include file="ViewsPosterWrap.xml" />
    <include file="ViewsMediaInfo.xml" />
    <include file="ViewsBannerInfo.xml" />
    <include file="ViewsFullWidthList.xml" />
    <include file="ViewsWideIcon.xml" />
    <include file="ViewsCoverFlow.xml" />
    <include file="ViewsLogoVertical.xml" />
    <include file="ViewsFullWall.xml" />
    <include file="ViewsThumbnailList.xml" />
    <include file="ViewsFileMode.xml" />
    <include file="ViewsMusicLibrary.xml" />
    <include file="ViewsLogoWall.xml" />
    <include file="ViewsWideList.xml" />
    <include file="ViewsEpisodes.xml" />
    <include file="ViewsAddonBrowser.xml" />
    <include file="ViewsLiveTV.xml" />
    <include file="ViewsPVR.xml" />
    <include file="ViewsPictures.xml" />
    <include file="IncludesCodecFlagging.xml" />
    <include file="IncludesAltMenuIcons.xml" />
    <constant name="FanartCrossfadeTime">600</constant>
    <constant name="IconCrossfadeTime">500</constant>
	
	<include name="KeyboardButton">
		<width>50</width>
		<height>50</height>
		<texturenofocus border="3">Keyboard/KeyboardKeyNF.png</texturenofocus>
		<texturefocus border="5">Keyboard/KeyboardKey.png</texturefocus>
		<align>center</align>
		<aligny>center</aligny>
		<font>font13</font>
		<focusedcolor>black</focusedcolor>
	</include>
	
	
    <include name="TransparentEffect">
        <animation effect="fade" start="100" end="15" time="0" condition="SubString(skin.string(mediapaneltrans),85)">Conditional</animation>
        <animation effect="fade" start="100" end="30" time="0" condition="SubString(skin.string(mediapaneltrans),70)">Conditional</animation>
        <animation effect="fade" start="100" end="45" time="0" condition="SubString(skin.string(mediapaneltrans),55)">Conditional</animation>
        <animation effect="fade" start="100" end="60" time="0" condition="SubString(skin.string(mediapaneltrans),40)">Conditional</animation>
        <animation effect="fade" start="100" end="75" time="0" condition="SubString(skin.string(mediapaneltrans),25)">Conditional</animation>
        <animation effect="fade" start="100" end="90" time="0" condition="SubString(skin.string(mediapaneltrans),10)">Conditional</animation>
    </include>
    <include name="WidgetTransparency">
        <animation effect="fade" start="100" end="60" time="0" condition="SubString(skin.string(mediapaneltrans),85) | SubString(skin.string(mediapaneltrans),70)">Conditional</animation>
        <animation effect="fade" start="100" end="75" time="0" condition="SubString(skin.string(mediapaneltrans),55) | SubString(skin.string(mediapaneltrans),40)">Conditional</animation>
        <animation effect="fade" start="100" end="90" time="0" condition="SubString(skin.string(mediapaneltrans),25) | SubString(skin.string(mediapaneltrans),10)">Conditional</animation>
    </include>
    <include name="KBurnsAnimateFanart">
        <animation effect="zoom" start="110" end="130" center="auto" time="16000" tween="cubic" easing="inout" pulse="true" condition="!Skin.HasSetting(noanimatefanart)">Conditional</animation>
        <animation effect="slide" start="-10,-10" end="20,20" time="8000" tween="cubic" easing="inout" pulse="true" condition="!Skin.HasSetting(noanimatefanart)">Conditional</animation>
    </include>
    <include name="Dimensions_Fullscreen">
        <left>0</left>
        <top>0</top>
        <width>1280</width>
        <height>720</height>
    </include>
    <include name="ClearButtonChoice">
        <onclick>Skin.Reset($INFO[Window(home).Property(UsrSelectBtn)].label)</onclick>
        <onclick>Skin.Reset($INFO[Window(home).Property(UsrSelectBtn)].path)</onclick>
        <onclick>Skin.Reset($INFO[Window(home).Property(UsrSelectBtn)].icon)</onclick>
        <onclick>Skin.Reset($INFO[Window(home).Property(UsrSelectBtn)].fanart)</onclick>
        <onclick condition="Window.IsVisible(2114) + stringcompare(Skin.String(UsrSelectBtn),homeitem.1)">Skin.Reset(homeitemlastaction)</onclick>
        <onclick condition="Window.IsVisible(2114) + stringcompare(Skin.String(UsrSelectBtn),homeitem.1)">Skin.Reset(homeitemlastlabel)</onclick>
        <onclick condition="Window.IsVisible(2114)">Skin.Reset($INFO[Window(home).Property(UsrSelectBtn)].playlist)</onclick>
        <onclick condition="Window.IsVisible(2114)">Skin.Reset($INFO[Window(home).Property(UsrSelectBtn)].sub)</onclick>
        <onclick condition="Window.IsVisible(2114)">Skin.Reset($INFO[Window(home).Property(UsrSelectBtn)].stats)</onclick>
        <onclick condition="Window.IsVisible(2114)">Skin.Reset($INFO[Window(home).Property(UsrSelectBtn)].addon)</onclick>
        <onclick condition="Window.IsVisible(2114)">Skin.Reset($INFO[Window(home).Property(UsrSelectBtn)].type)</onclick>
        <onclick condition="Window.IsVisible(2114)">Skin.Reset($INFO[Window(home).Property(UsrSelectBtn)].widget)</onclick>
        <onclick condition="Window.IsVisible(2114)">Skin.Reset($INFO[Window(home).Property(UsrSelectBtn)].display)</onclick>
        <onclick condition="Window.IsVisible(2114)">Skin.Reset($INFO[Window(home).Property(UsrSelectBtn)].menu)</onclick>
    </include>
    <include name="CloseMenuChoice">
        <onclick condition="Window.IsVisible(2114)">Dialog.Close(2114)</onclick>
        <onclick condition="Window.IsVisible(2115)">Dialog.Close(2115)</onclick>
        <onclick>Skin.Reset(UsrSelectAddon)</onclick>
        <onclick>ClearProperty(UsrSelectBtn,Home)</onclick>
    </include>
    <include name="InvisibleButton">
        <left>1480</left>
        <top>920</top>
        <width>1</width>
        <height>1</height>
        <texturenofocus>-</texturenofocus>
        <texturefocus>-</texturefocus>
    </include>
    <include name="BackgroundFade">
        <animation effect="fade" time="600">Visible</animation>
        <animation effect="fade" time="600">Hidden</animation>
    </include>
    <include name="Animation_Fade">
        <animation effect="fade" time="500">WindowOpen</animation>
        <animation effect="fade" time="200">Visible</animation>
        <animation effect="fade" time="200">WindowClose</animation>
        <animation effect="fade" time="200">Hidden</animation>
    </include>
    <include name="Window_OpenClose_Animation">
        <animation effect="fade" time="250">WindowOpen</animation>
        <animation effect="fade" time="250">WindowClose</animation>
    </include>
    <include name="DialogEffect">
        <animation effect="fade" time="250">WindowOpen</animation>
        <animation effect="fade" time="250">WindowClose</animation>
    </include>
    <include name="VisibleFadeEffect">
        <animation effect="fade" time="300">Visible</animation>
        <animation effect="fade" time="300">Hidden</animation>
    </include>
    <include name="ButtonCommonValues">
        <height>40</height>
        <width>250</width>
        <textoffsetx>10</textoffsetx>
        <textwidth>200</textwidth>
        <aligny>center</aligny>
        <font>font13</font>
        <texturefocus border="5">button-focus.png</texturefocus>
        <texturenofocus>-</texturenofocus>
        <pulseonselect>false</pulseonselect>
    </include>
    <include name="ButtonMediaSubCommonValues">
        <height>40</height>
        <width>221</width>
        <textoffsetx>20</textoffsetx>
        <textwidth>195</textwidth>
        <aligny>center</aligny>
        <font>font12_title</font>
        <texturefocus border="5">button-focus.png</texturefocus>
        <texturenofocus border="5">button-nofocus.png</texturenofocus>
        <pulseonselect>false</pulseonselect>
    </include>
    <include name="ButtonHomeSubCommonValues">
        <height>35</height>
        <width>180</width>
        <textwidth>195</textwidth>
        <align>center</align>
        <aligny>center</aligny>
        <font>font12</font>
        <textcolor>grey2</textcolor>
        <focusedcolor>white</focusedcolor>
        <texturefocus border="5">Home/HomeSubFO.png</texturefocus>
        <texturenofocus border="5">Home/HomeSubNF.png</texturenofocus>
        <pulseonselect>false</pulseonselect>
    </include>
    <include name="BehindDialogFadeOut">
        <control type="image">
            <left>0</left>
            <top>0</top>
            <width>1280</width>
            <height>720</height>
            <texture>black-back.png</texture>
            <animation effect="fade" time="400">Visible</animation>
            <animation effect="fade" time="200">Hidden</animation>
            <visible>Window.IsActive(MovieInformation) | Window.IsActive(MusicInformation) | Window.IsActive(SongInformation) | Window.IsActive(FileBrowser) | Window.IsActive(TextViewer) | Window.IsActive(AddonSettings) | Window.IsActive(ContentSettings) | Window.IsActive(SelectDialog) | Window.IsActive(FileStackingDialog) | Window.IsActive(MediaSource) | Window.IsActive(PictureInfo) | Window.IsActive(PlayerControls) | Window.IsActive(VirtualKeyboard) | Window.IsActive(NumericInput) | Window.IsActive(ProfileSettings) | Window.IsActive(LockSettings) | Window.IsActive(SmartPlaylistEditor) | Window.IsActive(SmartPlaylistRule) | Window.IsActive(script-RSS_Editor-rssEditor.xml) | Window.IsActive(script-RSS_Editor-setEditor.xml) | Window.IsActive(AddonInformation) | Window.IsActive(Peripherals) | Window.IsActive(PeripheralSettings) | Window.IsActive(script-XBMC_Lyrics-main.xml) | Window.IsActive(PVRChannelManager) | Window.IsActive(MediaFilter)</visible>
        </control>
    </include>
    <include name="ButtonInfoDialogsCommonValues">
        <height>40</height>
        <width>170</width>
        <textoffsetx>20</textoffsetx>
        <align>center</align>
        <aligny>center</aligny>
        <font>font12_title</font>
        <texturefocus border="5">button-focus.png</texturefocus>
        <texturenofocus border="5">button-nofocus.png</texturenofocus>
        <pulseonselect>false</pulseonselect>
    </include>
    <include name="ButtonVideoInfoDialogsValues">
        <height>40</height>
        <width>160</width>
        <textoffsetx>20</textoffsetx>
        <align>center</align>
        <aligny>center</aligny>
        <font>font12_title</font>
        <texturefocus border="5">button-focus.png</texturefocus>
        <texturenofocus border="5">button-nofocus.png</texturenofocus>
        <pulseonselect>false</pulseonselect>
    </include>
    <include name="HomeFlagSeparator">
        <width>15</width>
        <height>40</height>
        <align>center</align>
        <aligny>center</aligny>
        <label> | </label>
        <font>font10</font>
        <textcolor>50101010</textcolor>
    </include>
    <include name="HomeFlagLabel">
        <height>41</height>
        <align>center</align>
        <aligny>center</aligny>
        <font>font10</font>
        <textcolor>E4101010</textcolor>
        <fadetime>FanartCrossFadeTime</fadetime>
    </include>
    <include name="WidgetPanelVizability">
        <visible>
		StringCompare(Container(9000).ListItem.Property(WidgetSet),Weather) |
		[SubString(Window(home).Property(SkinWidgets_RecentItems),true) +
		[StringCompare(Container(9000).ListItem.Property(WidgetSet),RecentMovies) |
		StringCompare(Container(9000).ListItem.Property(WidgetSet),RecentEpisodes) |
		StringCompare(Container(9000).ListItem.Property(WidgetSet),RecentConcerts) |
		StringCompare(Container(9000).ListItem.Property(WidgetSet),RecentSongs) |
		StringCompare(Container(9000).ListItem.Property(WidgetSet),RecentAlbums)]] |
		[SubString(Window(home).Property(SkinWidgets_RandomItems),true) +
		[StringCompare(Container(9000).ListItem.Property(WidgetSet),RandomMovies) |
		StringCompare(Container(9000).ListItem.Property(WidgetSet),RandomEpisodes) |
		StringCompare(Container(9000).ListItem.Property(WidgetSet),RandomConcerts) |
		StringCompare(Container(9000).ListItem.Property(WidgetSet),RandomSongs) |
		StringCompare(Container(9000).ListItem.Property(WidgetSet),RandomAlbums)]] |
		[SubString(Window(home).Property(SkinWidgets_Recommended),true) +
		[StringCompare(Container(9000).ListItem.Property(WidgetSet),SuggestedMovies) |
		StringCompare(Container(9000).ListItem.Property(WidgetSet),SuggestedEpisodes) |
		StringCompare(Container(9000).ListItem.Property(WidgetSet),SuggestedConcerts) |
		StringCompare(Container(9000).ListItem.Property(WidgetSet),SuggestedAlbums) |
		StringCompare(Container(9000).ListItem.Property(WidgetSet),RandomArtists)]] |
		[StringCompare(Container(9000).ListItem.Property(WidgetSet),Favourites) + IntegerGreaterThan(Window(home).Property(favourite.count),0)] |
		[StringCompare(Container(9000).ListItem.Property(WidgetSet),UnWatchedMovies) + !Skin.HasSetting(disablescriptplaylist)] |
		[StringCompare(Container(9000).ListItem.Property(WidgetSet),VideoPlayList) + !Skin.HasSetting(disablescriptplaylist)] |
		[StringCompare(Container(9000).ListItem.Property(WidgetSet),MusicPlayList) + !Skin.HasSetting(disablescriptplaylist)] |
		[StringCompare(Container(9000).ListItem.Property(WidgetSet),RomGames) + !IsEmpty(Window(home).Property(MostPlayedROM.1.Title))] |
		[StringCompare(Container(9000).ListItem.Property(WidgetSet),NextAired) + !IsEmpty(Window(home).Property(NextAired.1.NextTitle))] |
		[Player.HasMedia + !Skin.HasSetting(hidehomenowplaying)]
		</visible>
    </include>
    <include name="SideBladeLeft">
        <animation effect="slide" start="0,0" end="250,0" time="400" tween="quadratic" easing="out" condition="ControlGroup(9000).HasFocus | Control.HasFocus(9001) | Control.HasFocus(8999)">Conditional</animation>
        <animation effect="slide" start="0,0" end="-300,0" time="400" tween="quadratic" easing="out" condition="ControlGroup(9000).HasFocus | Control.HasFocus(9001)">WindowClose</animation>
        <animation effect="slide" start="0,0" end="-50,0" time="300" tween="quadratic" easing="out" condition="![ControlGroup(9000).HasFocus | Control.HasFocus(9001)]">WindowClose</animation>
        <animation effect="slide" start="-50,0" end="0,0" time="300" tween="quadratic" easing="out">WindowOpen</animation>
        <control type="button" id="8999">
            <description>Fake button for mouse control</description>
            <left>0</left>
            <top>0</top>
            <width>250</width>
            <height>720</height>
            <texturenofocus>-</texturenofocus>
            <texturefocus>-</texturefocus>
            <visible>true</visible>
        </control>
        <control type="button" id="9001">
            <left>250</left>
            <top>260</top>
            <width>42</width>
            <height>128</height>
            <texturefocus>Home/HasSub.png</texturefocus>
            <texturenofocus>Home/HasSub.png</texturenofocus>
        </control>
        <control type="image">
            <left>0</left>
            <top>0</top>
            <width>260</width>
            <height>720</height>
            <texture border="0,0,10,0">Home/MediaBladeSub.png</texture>
        </control>
        <include>BottonLogoImage</include>
    </include>
    <include name="MainHeaderLabel">
        <control type="label">
            <left>55</left>
            <top>5</top>
            <width>1170</width>
            <height>30</height>
            <font>font30_title</font>
            <textcolor>blue</textcolor>
            <scroll>true</scroll>
            <align>center</align>
            <aligny>center</aligny>
            <include>Window_OpenClose_Animation</include>
            <label>[UPPERCASE]$VAR[ContentHeaderLabel][/UPPERCASE]</label>
            <visible>!Control.IsVisible(510)</visible>
        </control>
        <control type="label">
            <left>10</left>
            <top>45</top>
            <width>1260</width>
            <height>20</height>
            <font>font12_title</font>
            <textcolor>grey2</textcolor>
            <wrapmultiline>true</wrapmultiline>
            <scroll>false</scroll>
            <align>center</align>
            <aligny>center</aligny>
            <include>Window_OpenClose_Animation</include>
            <label>$INFO[ListItem.Tagline]</label>
            <visible>!Skin.HasSetting(enablefullmpaa)</visible>
            <visible>!IsEmpty(ListItem.Tagline) + Container.Content(Movies)</visible>
        </control>
        <control type="label">
            <left>10</left>
            <top>45</top>
            <width>1260</width>
            <height>20</height>
            <font>font12_title</font>
            <textcolor>grey2</textcolor>
            <wrapmultiline>true</wrapmultiline>
            <scroll>false</scroll>
            <align>center</align>
            <aligny>center</aligny>
            <include>Window_OpenClose_Animation</include>
            <label>$INFO[Listitem.mpaa]</label>
            <visible>Skin.HasSetting(enablefullmpaa)</visible>
            <visible>!IsEmpty(Listitem.mpaa) + Container.Content(Movies)</visible>
        </control>
        <control type="group">
            <include>Window_OpenClose_Animation</include>
            <visible>!StringCompare(ListItem.label,..) + [Container.Content(Seasons) | Container.Content(TVShows)]</visible>
            <control type="label">
                <description>Episodes Value</description>
                <left>10</left>
                <top>45</top>
                <width>1260</width>
                <height>20</height>
                <label>[B][COLOR=blue]$LOCALIZE[20360]$LOCALIZE[31000][/COLOR][/B] $INFO[listitem.episode] [COLOR=grey] ($INFO[ListItem.Property(WatchedEpisodes),, $LOCALIZE[16102]] - $INFO[ListItem.Property(UnWatchedEpisodes), , $LOCALIZE[16101]])[/COLOR]</label>
                <align>center</align>
                <aligny>center</aligny>
                <font>font12_title</font>
                <scroll>true</scroll>
                <visible>IntegerGreaterThan(ListItem.Property(TotalEpisodes),0)</visible>
            </control>
        </control>
        <control type="group">
            <include>Window_OpenClose_Animation</include>
            <visible>Container.Content(Episodes)</visible>
            <control type="label">
                <description>First Aired txt</description>
                <left>10</left>
                <top>45</top>
                <width>1260</width>
                <height>20</height>
                <label>[B][COLOR=blue]$LOCALIZE[20416]$LOCALIZE[31000][/COLOR][/B][COLOR=grey] $INFO[ListItem.Premiered][/COLOR]</label>
                <align>center</align>
                <aligny>center</aligny>
                <font>font12_title</font>
                <scroll>true</scroll>
                <visible>!IsEmpty(ListItem.Premiered)</visible>
            </control>
        </control>
        <control type="group">
            <include>Window_OpenClose_Animation</include>
            <visible>Window.IsVisible(MyPVR)</visible>
            <control type="label">
                <left>10</left>
                <top>45</top>
                <width>1260</width>
                <height>20</height>
                <font>font12_title</font>
                <textcolor>grey2</textcolor>
                <wrapmultiline>true</wrapmultiline>
                <scroll>false</scroll>
                <align>center</align>
                <aligny>center</aligny>
                <include>Window_OpenClose_Animation</include>
                <label>$INFO[ListItem.Title]</label>
                <visible>!Control.IsVisible(17) + !Control.IsVisible(14)</visible>
            </control>
            <control type="label">
                <left>10</left>
                <top>45</top>
                <width>1260</width>
                <height>20</height>
                <font>font12_title</font>
                <textcolor>grey2</textcolor>
                <scroll>false</scroll>
                <align>center</align>
                <aligny>center</aligny>
                <label>$INFO[PVR.NextTimer,[B]$LOCALIZE[31512]$LOCALIZE[31000] [/B]]</label>
                <visible>Control.IsVisible(14) + PVR.HasTimer</visible>
            </control>
        </control>
        <control type="group">
            <include>Window_OpenClose_Animation</include>
            <visible>SubString(Container.FolderPath,program.advanced.launcher)</visible>
            <control type="label">
                <left>10</left>
                <top>45</top>
                <width>1260</width>
                <height>20</height>
                <font>font12_title</font>
                <textcolor>grey2</textcolor>
                <wrapmultiline>true</wrapmultiline>
                <scroll>false</scroll>
                <align>center</align>
                <aligny>center</aligny>
                <include>Window_OpenClose_Animation</include>
                <label>$INFO[ListItem.studio]</label>
                <visible>!IsEmpty(ListItem.studio)</visible>
            </control>
        </control>
        <control type="group">
            <include>Window_OpenClose_Animation</include>
            <visible>Container.Content(Artists)</visible>
            <control type="label">
                <left>10</left>
                <top>45</top>
                <width>1260</width>
                <height>20</height>
                <font>font12_title</font>
                <textcolor>grey2</textcolor>
                <wrapmultiline>true</wrapmultiline>
                <scroll>false</scroll>
                <align>center</align>
                <aligny>center</aligny>
                <include>Window_OpenClose_Animation</include>
                <label>$INFO[ListItem.Property(Artist_Born), $LOCALIZE[21893]$LOCALIZE[31000] ]</label>
                <visible>!IsEmpty(ListItem.Property(Artist_Born))</visible>
            </control>
            <control type="label">
                <left>10</left>
                <top>45</top>
                <width>1260</width>
                <height>20</height>
                <font>font12_title</font>
                <textcolor>grey2</textcolor>
                <wrapmultiline>true</wrapmultiline>
                <scroll>false</scroll>
                <align>center</align>
                <aligny>center</aligny>
                <include>Window_OpenClose_Animation</include>
                <label>$INFO[ListItem.Property(Artist_Formed), $LOCALIZE[21894]$LOCALIZE[31000] ]</label>
                <visible>!IsEmpty(ListItem.Property(Artist_Formed))</visible>
            </control>
        </control>
        <control type="group">
            <include>Window_OpenClose_Animation</include>
            <visible>Container.Content(Songs) | Container.Content(Albums)</visible>
            <control type="label">
                <left>10</left>
                <top>45</top>
                <width>1260</width>
                <height>20</height>
                <font>font12_title</font>
                <textcolor>grey2</textcolor>
                <wrapmultiline>true</wrapmultiline>
                <scroll>false</scroll>
                <align>center</align>
                <aligny>center</aligny>
                <include>Window_OpenClose_Animation</include>
                <label>$INFO[ListItem.Artist, $LOCALIZE[31047]$LOCALIZE[31000] ]</label>
                <visible>!IsEmpty(ListItem.Artist)</visible>
            </control>
        </control>
        <control type="group">
            <include>Window_OpenClose_Animation</include>
            <visible>Window.IsVisible(AddonBrowser) | Container.Content(Addons)</visible>
            <control type="label">
                <left>10</left>
                <top>45</top>
                <width>1260</width>
                <height>20</height>
                <font>font12_title</font>
                <textcolor>grey2</textcolor>
                <scroll>false</scroll>
                <align>center</align>
                <aligny>center</aligny>
                <label fallback="416">$INFO[ListItem.Property(Addon.Creator),[B]$LOCALIZE[21863]$LOCALIZE[31000] [/B]]</label>
            </control>
        </control>
        <control type="group">
            <include>Window_OpenClose_Animation</include>
            <visible>Window.IsActive(script-globalsearch-main.xml)</visible>
            <control type="label">
                <left>10</left>
                <top>45</top>
                <width>1260</width>
                <height>20</height>
                <font>font12_title</font>
                <textcolor>grey2</textcolor>
                <scroll>false</scroll>
                <align>center</align>
                <aligny>center</aligny>
                <label>$VAR[GlobalSearchTag]</label>
            </control>
        </control>
    </include>
    <include name="FloorReturnButtons">
        <control type="group">
            <left>190r</left>
            <top>55r</top>
            <animation effect="fade" time="250" condition="Window.Previous(home)">WindowOpen</animation>
            <animation effect="fade" time="250" condition="Window.Next(home)">WindowClose</animation>
            <control type="button" id="801">
                <description>Now Playing</description>
                <left>45</left>
                <top>0</top>
                <width>45</width>
                <height>45</height>
                <onclick>ActivateWindow(PlayerControls)</onclick>
                <texturefocus border="5">FloorButtons/FloorPlayFO.png</texturefocus>
                <texturenofocus border="5">FloorButtons/FloorPlayNF.png</texturenofocus>
                <onleft>804</onleft>
                <onright>802</onright>
                <onup>800</onup>
                <ondown>800</ondown>
                <visible>Player.HasMedia + !SubString(Window(videolibrary).Property(TvTunesIsAlive),TRUE)</visible>
                <animation effect="slide" start="0,0" end="-45,00" time="0" condition="!Skin.HasSetting(disableglobalsearch) + [Window.IsVisible(musiclibrary) | Window.IsVisible(videolibrary)] | [Window.IsVisible(script-globalsearch-main.xml) + Control.IsVisible(198)] ">conditional</animation>
            </control>
            <control type="button" id="801">
                <description>Trailer Button</description>
                <left>45</left>
                <top>0</top>
                <width>45</width>
                <height>45</height>
                <onclick>PlayMedia("$INFO[ListItem.Trailer]")</onclick>
                <texturefocus border="5">FloorButtons/FloorTrailerFO.png</texturefocus>
                <texturenofocus border="5">FloorButtons/FloorTrailerNF.png</texturenofocus>
                <onleft>804</onleft>
                <onright>802</onright>
                <onup>800</onup>
                <ondown>800</ondown>
                <visible>!Skin.HasSetting(hidetrailerbtn)</visible>
                <visible>!Player.HasMedia + !IsEmpty(ListItem.Trailer)</visible>
                <visible>![Control.IsVisible(500) | Control.IsVisible(529) | Control.IsVisible(594) | Control.IsVisible(732)]</visible>
                <animation effect="slide" start="0,0" end="-45,00" time="0" condition="!Skin.HasSetting(disableglobalsearch) + [Window.IsVisible(musiclibrary) | Window.IsVisible(videolibrary)] | [Window.IsVisible(script-globalsearch-main.xml) + Control.IsVisible(198)] ">conditional</animation>
            </control>
            <control type="button" id="802">
                <description>Search Button</description>
                <left>45</left>
                <top>0</top>
                <width>45</width>
                <height>45</height>
                <texturefocus border="5">FloorButtons/FloorSearchFO.png</texturefocus>
                <texturenofocus border="5">FloorButtons/FloorSearchNF.png</texturenofocus>
                <onleft>801</onleft>
                <onright>803</onright>
                <onup>800</onup>
                <ondown>800</ondown>
                <onclick>Control.Setfocus(9000,0)</onclick>
                <onclick>SendClick(198)</onclick>
                <visible>!Skin.HasSetting(disableglobalsearch)</visible>
                <visible>Window.IsVisible(script-globalsearch-main.xml) + Control.IsVisible(198)</visible>
            </control>
            <control type="button" id="802">
                <description>Search Button</description>
                <left>45</left>
                <top>0</top>
                <width>45</width>
                <height>45</height>
                <texturefocus border="5">FloorButtons/FloorSearchFO.png</texturefocus>
                <texturenofocus border="5">FloorButtons/FloorSearchNF.png</texturenofocus>
                <onleft>801</onleft>
                <onright>803</onright>
                <onup>800</onup>
                <ondown>800</ondown>
                <onclick>RunScript(script.globalsearch)</onclick>
                <visible>!Skin.HasSetting(disableglobalsearch)</visible>
                <visible>!Window.IsVisible(script-globalsearch-main.xml)</visible>
                <visible>Window.IsVisible(musiclibrary) | Window.IsVisible(videolibrary)</visible>
            </control>
            <control type="button" id="803">
                <description>Back push button</description>
                <left>90</left>
                <top>0</top>
                <width>45</width>
                <height>45</height>
                <onclick>back</onclick>
                <texturefocus border="5">FloorButtons/FloorBackFO.png</texturefocus>
                <texturenofocus border="5">FloorButtons/FloorBackNF.png</texturenofocus>
                <onleft>802</onleft>
                <onright>804</onright>
                <onup>800</onup>
                <ondown>800</ondown>
            </control>
            <control type="button" id="804">
                <description>Home push button</description>
                <left>135</left>
                <top>0</top>
                <width>45</width>
                <height>45</height>
                <onclick>Dialog.Close(all,true)</onclick>
                <onclick>ActivateWindow(home)</onclick>
                <texturefocus border="5">FloorButtons/FloorHomeFO.png</texturefocus>
                <texturenofocus border="5">FloorButtons/FloorHomeNF.png</texturenofocus>
                <onleft>803</onleft>
                <onright>801</onright>
                <onup>800</onup>
                <ondown>800</ondown>
            </control>
        </control>
    </include>
    <include name="CommonNowPlaying">
        <control type="group">
            <left>605r</left>
            <top>55r</top>
            <visible>Player.HasMedia + !SubString(Window(videolibrary).Property(TvTunesIsAlive),TRUE)</visible>
            <visible>!Window.IsVisible(loginscreen)</visible>
            <include>VisibleFadeEffect</include>
            <animation effect="fade" time="250" condition="Window.Previous(Home)">WindowOpen</animation>
            <animation effect="fade" time="250" condition="Window.Next(Home)">WindowClose</animation>
            <animation effect="slide" start="0,0" end="-45,00" time="0" condition="!Skin.HasSetting(disableglobalsearch) + [Window.IsVisible(musiclibrary) | Window.IsVisible(videolibrary)] | [Window.IsVisible(script-globalsearch-main.xml) + Control.IsVisible(198)] ">conditional</animation>
            <control type="label">
                <left>0</left>
                <top>2</top>
                <width>450</width>
                <height>20</height>
                <label>$VAR[CommonMediaPlaying]</label>
                <align>right</align>
                <aligny>center</aligny>
                <font>font12</font>
                <textcolor>grey</textcolor>
                <shadowcolor>black</shadowcolor>
            </control>
            <control type="label">
                <left>0</left>
                <top>23</top>
                <width>450</width>
                <height>20</height>
                <label>$INFO[MusicPlayer.Artist]$INFO[MusicPlayer.Album, - ]</label>
                <align>right</align>
                <aligny>center</aligny>
                <font>font10</font>
                <textcolor>grey</textcolor>
                <shadowcolor>black</shadowcolor>
                <visible>Player.HasAudio</visible>
            </control>
            <control type="label">
                <left>0</left>
                <top>25</top>
                <width>450</width>
                <height>20</height>
                <label>$INFO[VideoPlayer.Studio]</label>
                <align>right</align>
                <aligny>center</aligny>
                <font>font10</font>
                <textcolor>grey</textcolor>
                <shadowcolor>black</shadowcolor>
                <visible>Player.HasVideo + VideoPlayer.Content(Movies)</visible>
            </control>
            <control type="label">
                <left>0</left>
                <top>25</top>
                <width>450</width>
                <height>20</height>
                <label>$INFO[VideoPlayer.TVShowTitle]</label>
                <align>right</align>
                <aligny>center</aligny>
                <font>font10</font>
                <textcolor>grey</textcolor>
                <shadowcolor>black</shadowcolor>
                <visible>Player.HasVideo + VideoPlayer.Content(Episodes)</visible>
            </control>
            <control type="label">
                <left>0</left>
                <top>25</top>
                <width>450</width>
                <height>20</height>
                <label>$INFO[VideoPlayer.Artist]</label>
                <align>right</align>
                <aligny>center</aligny>
                <font>font10</font>
                <textcolor>grey</textcolor>
                <shadowcolor>black</shadowcolor>
                <visible>Player.HasVideo + VideoPlayer.Content(MusicVideos)</visible>
            </control>
            <control type="label">
                <left>0</left>
                <top>25</top>
                <width>450</width>
                <height>20</height>
                <label>$INFO[VideoPlayer.ChannelName]$INFO[VideoPlayer.ChannelNumber, - ([COLOR=blue],[/COLOR])]</label>
                <align>right</align>
                <aligny>center</aligny>
                <font>font12</font>
                <textcolor>grey</textcolor>
                <shadowcolor>black</shadowcolor>
                <visible>Player.HasVideo + VideoPlayer.Content(LiveTV)</visible>
            </control>
        </control>
    </include>
    <include name="SmallMusicInfo">
        <control type="image">
            <description>gradient</description>
            <left>0</left>
            <top>0</top>
            <width>500</width>
            <height>165</height>
            <colordiffuse>DDFFFFFF</colordiffuse>
            <texture border="20">OverlayDialogBackground.png</texture>
        </control>
        <control type="image">
            <description>Cover image</description>
            <left>20</left>
            <top>17</top>
            <width>130</width>
            <height>130</height>
            <texture>$INFO[MusicPlayer.Cover]</texture>
        </control>
        <control type="label">
            <description>Artist label</description>
            <left>160</left>
            <top>20</top>
            <height>30</height>
            <width>325</width>
            <label>$INFO[MusicPlayer.Artist]</label>
            <align>left</align>
            <aligny>center</aligny>
            <font>font12_title</font>
            <textcolor>grey2</textcolor>
            <shadowcolor>black</shadowcolor>
        </control>
        <control type="fadelabel">
            <description>Title label</description>
            <left>160</left>
            <top>43</top>
            <height>30</height>
            <width>325</width>
            <label>$INFO[Player.Title]</label>
            <align>left</align>
            <aligny>center</aligny>
            <font>font13_title</font>
            <textcolor>white</textcolor>
            <shadowcolor>black</shadowcolor>
            <scrollout>false</scrollout>
            <pauseatend>2000</pauseatend>
        </control>
        <control type="label">
            <description>Album Label</description>
            <left>160</left>
            <top>70</top>
            <height>30</height>
            <width>325</width>
            <label>$INFO[MusicPlayer.Album]$INFO[musicplayer.discnumber, - $LOCALIZE[427]$LOCALIZE[31000]]</label>
            <align>left</align>
            <aligny>center</aligny>
            <font>font12</font>
            <textcolor>white</textcolor>
            <shadowcolor>black</shadowcolor>
        </control>
        <control type="label">
            <description>Time Label</description>
            <left>160</left>
            <top>95</top>
            <height>30</height>
            <width>325</width>
            <label>$INFO[MusicPlayer.Time]$INFO[MusicPlayer.Duration, / ]</label>
            <align>left</align>
            <aligny>center</aligny>
            <font>font12</font>
            <textcolor>white</textcolor>
            <shadowcolor>black</shadowcolor>
        </control>
        <control type="label">
            <description>Next Label</description>
            <left>160</left>
            <top>120</top>
            <height>30</height>
            <width>325</width>
            <label>[COLOR=blue]$LOCALIZE[209] $LOCALIZE[31000][/COLOR] $INFO[MusicPlayer.offset(1).Title]</label>
            <align>right</align>
            <aligny>center</aligny>
            <font>font12</font>
            <textcolor>grey</textcolor>
            <shadowcolor>black</shadowcolor>
        </control>
    </include>
    <include name="SmallVideoInfo">
        <control type="image">
            <description>gradient</description>
            <left>0</left>
            <top>0</top>
            <width>500</width>
            <height>165</height>
            <colordiffuse>DDFFFFFF</colordiffuse>
            <texture border="20">OverlayDialogBackground.png</texture>
        </control>
        <control type="image">
            <description>Cover image</description>
            <left>20</left>
            <top>17</top>
            <width>130</width>
            <height>130</height>
            <aspectratio>keep</aspectratio>
            <texture>$INFO[VideoPlayer.cover]</texture>
            <visible>!Player.IsInternetStream</visible>
        </control>
        <control type="image">
            <description>Streaming image</description>
            <left>20</left>
            <top>17</top>
            <width>130</width>
            <height>130</height>
            <aspectratio>keep</aspectratio>
            <texture>$VAR[StreamingVideoIcon]</texture>
            <visible>Player.IsInternetStream</visible>
        </control>
        <control type="label">
            <description>Streaming label</description>
            <left>160</left>
            <top>20</top>
            <height>30</height>
            <width>325</width>
            <label>$LOCALIZE[31212]</label>
            <align>left</align>
            <aligny>center</aligny>
            <font>font12_title</font>
            <textcolor>grey2</textcolor>
            <shadowcolor>black</shadowcolor>
            <visible>Player.IsInternetStream</visible>
        </control>
        <control type="label">
            <description>Studio label</description>
            <left>160</left>
            <top>20</top>
            <height>30</height>
            <width>325</width>
            <label>$INFO[VideoPlayer.Studio]</label>
            <align>left</align>
            <aligny>center</aligny>
            <font>font12_title</font>
            <textcolor>grey2</textcolor>
            <shadowcolor>black</shadowcolor>
            <visible>!Player.IsInternetStream + !videoplayer.content(episodes) + !videoplayer.content(musicvideos)</visible>
        </control>
        <control type="label">
            <description>TV Show Title label</description>
            <left>160</left>
            <top>20</top>
            <height>30</height>
            <width>325</width>
            <label>$INFO[VideoPlayer.tvshowtitle]</label>
            <align>left</align>
            <aligny>center</aligny>
            <font>font12_title</font>
            <textcolor>white</textcolor>
            <shadowcolor>black</shadowcolor>
            <visible>videoplayer.content(episodes)</visible>
        </control>
        <control type="fadelabel">
            <description>Music Video Artist label</description>
            <left>160</left>
            <top>20</top>
            <height>30</height>
            <width>325</width>
            <label>$INFO[VideoPlayer.Artist]</label>
            <align>left</align>
            <aligny>center</aligny>
            <font>font12_title</font>
            <textcolor>white</textcolor>
            <shadowcolor>black</shadowcolor>
            <visible>videoplayer.content(musicvideos)</visible>
            <scrollout>false</scrollout>
            <pauseatend>2000</pauseatend>
        </control>
        <control type="fadelabel">
            <description>Title label</description>
            <left>160</left>
            <top>43</top>
            <height>30</height>
            <width>325</width>
            <label>$VAR[VideoNowPlaying]</label>
            <align>left</align>
            <aligny>center</aligny>
            <font>font13_title</font>
            <textcolor>white</textcolor>
            <shadowcolor>black</shadowcolor>
            <scrollout>false</scrollout>
            <pauseatend>2000</pauseatend>
        </control>
        <control type="label">
            <description>Genre label</description>
            <left>160</left>
            <top>70</top>
            <height>30</height>
            <width>325</width>
            <label>$INFO[VideoPlayer.Genre]</label>
            <align>left</align>
            <aligny>center</aligny>
            <font>font12</font>
            <textcolor>white</textcolor>
            <shadowcolor>black</shadowcolor>
            <visible>!videoplayer.content(episodes) + !videoplayer.content(musicvideos)</visible>
        </control>
        <control type="label">
            <left>160</left>
            <top>70</top>
            <height>30</height>
            <width>325</width>
            <label>$INFO[VideoPlayer.Album]</label>
            <align>left</align>
            <aligny>center</aligny>
            <font>font12</font>
            <textcolor>white</textcolor>
            <shadowcolor>black</shadowcolor>
            <visible>videoplayer.content(musicvideos)</visible>
        </control>
        <control type="label">
            <description>Season and Episode label</description>
            <left>160</left>
            <top>70</top>
            <height>30</height>
            <width>325</width>
            <label>$LOCALIZE[20373] $INFO[VideoPlayer.Season] - $LOCALIZE[20359] $INFO[VideoPlayer.episode]</label>
            <align>left</align>
            <aligny>center</aligny>
            <font>font12</font>
            <textcolor>white</textcolor>
            <shadowcolor>black</shadowcolor>
            <visible>videoplayer.content(episodes)</visible>
        </control>
        <control type="label">
            <description>Time Label</description>
            <left>160</left>
            <top>95</top>
            <height>30</height>
            <width>325</width>
            <label>$INFO[VideoPlayer.Time]$INFO[VideoPlayer.Duration, / ]</label>
            <align>left</align>
            <aligny>center</aligny>
            <font>font12</font>
            <textcolor>white</textcolor>
            <shadowcolor>black</shadowcolor>
        </control>
    </include>
    <include name="CDArtSpinner">
        <animation effect="slide" start="0,0" end="70,0" time="1200" delay="500" condition="Player.Playing | Player.Forwarding | Player.Rewinding">Conditional</animation>
        <animation effect="rotate" end="-360" center="auto" time="2400" loop="true" reversible="false" condition="Player.Playing">Conditional</animation>
        <animation effect="rotate" end="-360" center="auto" time="2000" loop="true" reversible="false" condition="Player.Forwarding2x">Conditional</animation>
        <animation effect="rotate" end="-360" center="auto" time="1600" loop="true" reversible="false" condition="Player.Forwarding4x">Conditional</animation>
        <animation effect="rotate" end="-360" center="auto" time="1200" loop="true" reversible="false" condition="Player.Forwarding8x">Conditional</animation>
        <animation effect="rotate" end="-360" center="auto" time="800" loop="true" reversible="false" condition="Player.Forwarding16x">Conditional</animation>
        <animation effect="rotate" end="-360" center="auto" time="400" loop="true" reversible="false" condition="Player.Forwarding32x">Conditional</animation>
        <animation effect="rotate" end="720" center="auto" time="2000" loop="true" reversible="false" condition="Player.Rewinding2x">Conditional</animation>
        <animation effect="rotate" end="720" center="auto" time="1600" loop="true" reversible="false" condition="Player.Rewinding4x">Conditional</animation>
        <animation effect="rotate" end="720" center="auto" time="1200" loop="true" reversible="false" condition="Player.Rewinding8x">Conditional</animation>
        <animation effect="rotate" end="720" center="auto" time="800" loop="true" reversible="false" condition="Player.Rewinding16x">Conditional</animation>
        <animation effect="rotate" end="720" center="auto" time="400" loop="true" reversible="false" condition="Player.Rewinding32x">Conditional</animation>
    </include>
    <include name="MediaInfoPopup">
        <animation effect="fade" start="0" end="100" time="1600" delay="2000" condition="IsEmpty(Skin.String(mediapopupcontrol))">Visible</animation>
        <animation effect="fade" start="0" end="100" time="300" delay="300" condition="Skin.String(mediapopupcontrol,Instant)">Visible</animation>
        <animation effect="fade" start="0" end="100" time="1600" delay="3000" condition="Skin.String(mediapopupcontrol,Delayed)">Visible</animation>
        <animation effect="fade" start="100" end="0" time="0">Hidden</animation>
    </include>
    <include name="VideoBoxDimensions">
        <left>26</left>
        <top>6</top>
        <width>149</width>
        <height>223</height>
        <include>BackgroundFade</include>
        <fadetime>FanartCrossfadeTime</fadetime>
        <include>Window_OpenClose_Animation</include>
        <align>center</align>
        <aspectratio scalediffuse="false">scale</aspectratio>
    </include>
    <include name="VideoBoxGlass">
        <control type="image">
            <left>0</left>
            <top>0</top>
            <width>184</width>
            <height>240</height>
            <include>BackgroundFade</include>
            <fadetime>FanartCrossfadeTime</fadetime>
            <include>Window_OpenClose_Animation</include>
            <texture background="true">ClearCase/ClearCase.png</texture>
        </control>
    </include>
    <include name="CDBoxDimensions">
        <left>36</left>
        <top>11</top>
        <width>201</width>
        <height>201</height>
        <aspectratio scalediffuse="false">scale</aspectratio>
        <include>BackgroundFade</include>
        <fadetime>FanartCrossfadeTime</fadetime>
        <include>Window_OpenClose_Animation</include>
    </include>
    <include name="CDBoxGlass">
        <control type="image">
            <width>250</width>
            <height>228</height>
            <include>BackgroundFade</include>
            <fadetime>FanartCrossfadeTime</fadetime>
            <include>Window_OpenClose_Animation</include>
            <bordertexture>CDCase/cdshadow.png</bordertexture>
            <texture background="true">CDCase/cdglass.png</texture>
        </control>
    </include>
    <include name="LiveContentBackgrounds">
        <control type="group">
            <animation effect="fade" time="600">VisibleChange</animation>
            <include>Window_OpenClose_Animation</include>
            <control type="image">
                <include>Dimensions_Fullscreen</include>
                <aspectratio>scale</aspectratio>
                <texture fallback="special://skin/backgrounds/SKINDEFAULT.jpg">$INFO[Skin.String(globalbackgroundpath)]</texture>
            </control>
            <control type="group">
                <left>-133</left>
                <control type="group">
                    <left>746</left>
                    <top>356</top>
                    <animation effect="zoom" start="150" end="150" center="auto" time="0" condition="true">Conditional</animation>
                    <animation effect="rotate" center="auto" start="9" end="9" time="0" condition="true">Conditional</animation>
                    <control type="image">
                        <include>CDBoxDimensions</include>
                        <texture background="true" diffuse="CDCase/cdmask.png" fallback="DefaultAlbumCover.png">$VAR[LiveContentOne]</texture>
                    </control>
                    <include>CDBoxGlass</include>
                </control>
                <control type="group">
                    <left>466</left>
                    <top>-106</top>
                    <animation effect="zoom" start="150" end="150" center="auto" time="0" condition="true">Conditional</animation>
                    <animation effect="rotate" center="auto" start="65" end="65" time="0" condition="true">Conditional</animation>
                    <control type="image">
                        <include>CDBoxDimensions</include>
                        <texture background="true" diffuse="CDCase/cdmask.png" fallback="DefaultAlbumCover.png">$VAR[LiveContentTwo]</texture>
                    </control>
                    <include>CDBoxGlass</include>
                </control>
                <control type="group">
                    <left>336</left>
                    <top>110</top>
                    <animation effect="zoom" start="150" end="150" center="auto" time="0" condition="true">Conditional</animation>
                    <animation effect="rotate" center="auto" start="10" end="10" time="0" condition="true">Conditional</animation>
                    <control type="image">
                        <include>CDBoxDimensions</include>
                        <texture background="true" diffuse="CDCase/cdmask.png" fallback="DefaultAlbumCover.png">$VAR[LiveContentThree]</texture>
                    </control>
                    <include>CDBoxGlass</include>
                </control>
                <control type="group">
                    <left>1026</left>
                    <top>188</top>
                    <animation effect="zoom" start="150" end="150" center="auto" time="0" condition="true">Conditional</animation>
                    <animation effect="rotate" center="auto" start="-20" end="-20" time="0" condition="true">Conditional</animation>
                    <control type="image">
                        <include>CDBoxDimensions</include>
                        <texture background="true" diffuse="CDCase/cdmask.png" fallback="DefaultAlbumCover.png">$VAR[LiveContentFour]</texture>
                    </control>
                    <include>CDBoxGlass</include>
                </control>
                <control type="group">
                    <left>606</left>
                    <top>26</top>
                    <animation effect="zoom" start="150" end="150" center="auto" time="0" condition="true">Conditional</animation>
                    <animation effect="rotate" center="auto" start="25" end="25" time="0" condition="true">Conditional</animation>
                    <control type="image">
                        <include>CDBoxDimensions</include>
                        <texture background="true" diffuse="CDCase/cdmask.png" fallback="DefaultAlbumCover.png">$VAR[LiveContentFive]</texture>
                    </control>
                    <include>CDBoxGlass</include>
                </control>
                <control type="group">
                    <left>1200</left>
                    <top>51</top>
                    <animation effect="zoom" start="150" end="150" center="auto" time="0" condition="true">Conditional</animation>
                    <animation effect="rotate" center="auto" start="75" end="75" time="0" condition="true">Conditional</animation>
                    <control type="image">
                        <include>CDBoxDimensions</include>
                        <texture background="true" diffuse="CDCase/cdmask.png" fallback="DefaultAlbumCover.png">$VAR[LiveContentSix]</texture>
                    </control>
                    <include>CDBoxGlass</include>
                </control>
                <control type="group">
                    <left>1113</left>
                    <top>423</top>
                    <animation effect="zoom" start="150" end="150" center="auto" time="0" condition="true">Conditional</animation>
                    <animation effect="rotate" center="auto" start="45" end="45" time="0" condition="true">Conditional</animation>
                    <control type="image">
                        <include>CDBoxDimensions</include>
                        <texture background="true" diffuse="CDCase/cdmask.png" fallback="DefaultAlbumCover.png">$VAR[LiveContentSeven]</texture>
                    </control>
                    <include>CDBoxGlass</include>
                </control>
                <control type="group">
                    <left>1130</left>
                    <top>340</top>
                    <animation effect="zoom" start="150" end="150" center="auto" time="0" condition="true">Conditional</animation>
                    <animation effect="rotate" center="auto" start="-15" end="-15" time="0" condition="true">Conditional</animation>
                    <control type="image">
                        <include>CDBoxDimensions</include>
                        <texture background="true" diffuse="CDCase/cdmask.png" fallback="DefaultAlbumCover.png">$VAR[LiveContentEight]</texture>
                    </control>
                    <include>CDBoxGlass</include>
                </control>
                <control type="group">
                    <left>700</left>
                    <top>186</top>
                    <animation effect="zoom" start="150" end="150" center="auto" time="0" condition="true">Conditional</animation>
                    <animation effect="rotate" center="auto" start="-10" end="-10" time="0" condition="true">Conditional</animation>
                    <control type="image">
                        <include>CDBoxDimensions</include>
                        <texture background="true" diffuse="CDCase/cdmask.png" fallback="DefaultAlbumCover.png">$VAR[LiveContentNine]</texture>
                    </control>
                    <include>CDBoxGlass</include>
                </control>
                <control type="group">
                    <left>500</left>
                    <top>366</top>
                    <animation effect="zoom" start="150" end="150" center="auto" time="0" condition="true">Conditional</animation>
                    <animation effect="rotate" center="auto" start="3" end="3" time="0" condition="true">Conditional</animation>
                    <control type="image">
                        <left>36</left>
                        <top>11</top>
                        <width>201</width>
                        <height>201</height>
                        <texture background="true" diffuse="CDCase/cdmask.png" fallback="DefaultAlbumCover.png">$VAR[LiveContentTen]</texture>
                        <fadetime>600</fadetime>
                        <aspectratio scalediffuse="false">scale</aspectratio>
                    </control>
                    <include>CDBoxGlass</include>
                </control>
                <visible>Library.HasContent(Music) + [StringCompare(Container(9000).ListItem.Property(HiLiteItem),Music) | StringCompare(Container(9000).ListItem.Property(HiLiteItem),MusicPlayList)]</visible>
            </control>
            <control type="group">
                <left>-133</left>
                <control type="group">
                    <description>Case 1</description>
                    <left>747</left>
                    <top>422</top>
                    <animation effect="zoom" start="180" end="180" center="auto" time="0" tween="linear" condition="true">Conditional</animation>
                    <animation effect="rotate" center="auto" start="-65" end="-65" time="0" condition="true">Conditional</animation>
                    <control type="image">
                        <include>VideoBoxDimensions</include>
                        <texture background="true" diffuse="ClearCase/EmptyCaseMask.png" fallback="DefaultVideoCover.png">$VAR[LiveContentOne]</texture>
                    </control>
                    <include>VideoBoxGlass</include>
                </control>
                <control type="group">
                    <description>Case 2</description>
                    <left>623</left>
                    <top>0</top>
                    <animation effect="zoom" start="180" end="180" center="auto" time="0" tween="linear" condition="true">Conditional</animation>
                    <animation effect="rotate" center="auto" start="65" end="65" time="0" condition="true">Conditional</animation>
                    <control type="image">
                        <include>VideoBoxDimensions</include>
                        <texture background="true" diffuse="ClearCase/EmptyCaseMask.png" fallback="DefaultVideoCover.png">$VAR[LiveContentTwo]</texture>
                    </control>
                    <include>VideoBoxGlass</include>
                </control>
                <control type="group">
                    <description>Case 3</description>
                    <left>453</left>
                    <top>150</top>
                    <animation effect="zoom" start="180" end="180" center="auto" time="0" tween="linear" condition="true">Conditional</animation>
                    <animation effect="rotate" center="auto" start="10" end="10" time="0" condition="true">Conditional</animation>
                    <control type="image">
                        <include>VideoBoxDimensions</include>
                        <texture background="true" diffuse="ClearCase/EmptyCaseMask.png" fallback="DefaultVideoCover.png">$VAR[LiveContentThree]</texture>
                    </control>
                    <include>VideoBoxGlass</include>
                </control>
                <control type="group">
                    <description>Case 4</description>
                    <left>1033</left>
                    <top>250</top>
                    <animation effect="zoom" start="180" end="180" center="auto" time="0" tween="linear" condition="true">Conditional</animation>
                    <animation effect="rotate" center="auto" start="-20" end="-20" time="0" condition="true">Conditional</animation>
                    <control type="image">
                        <include>VideoBoxDimensions</include>
                        <texture background="true" diffuse="ClearCase/EmptyCaseMask.png" fallback="DefaultVideoCover.png">$VAR[LiveContentFour]</texture>
                    </control>
                    <include>VideoBoxGlass</include>
                </control>
                <control type="group">
                    <description>Case 5</description>
                    <left>667</left>
                    <top>113</top>
                    <animation effect="zoom" start="180" end="180" center="auto" time="0" tween="linear" condition="true">Conditional</animation>
                    <animation effect="rotate" center="auto" start="25" end="25" time="0" condition="true">Conditional</animation>
                    <control type="image">
                        <include>VideoBoxDimensions</include>
                        <texture background="true" diffuse="ClearCase/EmptyCaseMask.png" fallback="DefaultVideoCover.png">$VAR[LiveContentFive]</texture>
                    </control>
                    <include>VideoBoxGlass</include>
                </control>
                <control type="group">
                    <description>Case 6</description>
                    <left>870</left>
                    <top>65</top>
                    <animation effect="zoom" start="180" end="180" center="auto" time="0" tween="linear" condition="true">Conditional</animation>
                    <animation effect="rotate" center="auto" start="75" end="75" time="0" condition="true">Conditional</animation>
                    <control type="image">
                        <include>VideoBoxDimensions</include>
                        <texture background="true" diffuse="ClearCase/EmptyCaseMask.png" fallback="DefaultVideoCover.png">$VAR[LiveContentSix]</texture>
                    </control>
                    <include>VideoBoxGlass</include>
                </control>
                <control type="group">
                    <description>Case 7</description>
                    <left>1000</left>
                    <top>293</top>
                    <animation effect="zoom" start="180" end="180" center="auto" time="0" tween="linear" condition="true">Conditional</animation>
                    <animation effect="rotate" center="auto" start="45" end="45" time="0" condition="true">Conditional</animation>
                    <control type="image">
                        <include>VideoBoxDimensions</include>
                        <texture background="true" diffuse="ClearCase/EmptyCaseMask.png" fallback="DefaultVideoCover.png">$VAR[LiveContentSeven]</texture>
                    </control>
                    <include>VideoBoxGlass</include>
                </control>
                <control type="group">
                    <description>Case 8</description>
                    <left>1137</left>
                    <top>373</top>
                    <animation effect="zoom" start="180" end="180" center="auto" time="0" tween="linear" condition="true">Conditional</animation>
                    <animation effect="rotate" center="auto" start="-35" end="-35" time="0" condition="true">Conditional</animation>
                    <control type="image">
                        <include>VideoBoxDimensions</include>
                        <texture background="true" diffuse="ClearCase/EmptyCaseMask.png" fallback="DefaultVideoCover.png">$VAR[LiveContentEight]</texture>
                    </control>
                    <include>VideoBoxGlass</include>
                </control>
                <control type="group">
                    <description>Case 9</description>
                    <left>733</left>
                    <top>262</top>
                    <animation effect="zoom" start="180" end="180" center="auto" time="0" tween="linear" condition="true">Conditional</animation>
                    <animation effect="rotate" center="auto" start="-10" end="-10" time="0" condition="true">Conditional</animation>
                    <control type="image">
                        <include>VideoBoxDimensions</include>
                        <texture background="true" diffuse="ClearCase/EmptyCaseMask.png" fallback="DefaultVideoCover.png">$VAR[LiveContentNine]</texture>
                    </control>
                    <include>VideoBoxGlass</include>
                </control>
                <control type="group">
                    <description>Case 10</description>
                    <left>407</left>
                    <top>297</top>
                    <animation effect="zoom" start="180" end="180" center="auto" time="0" tween="linear" condition="true">Conditional</animation>
                    <animation effect="rotate" center="auto" start="3" end="3" time="0" condition="true">Conditional</animation>
                    <control type="image">
                        <include>VideoBoxDimensions</include>
                        <texture background="true" diffuse="ClearCase/EmptyCaseMask.png" fallback="DefaultVideoCover.png">$VAR[LiveContentTen]</texture>
                    </control>
                    <include>VideoBoxGlass</include>
                </control>
                <visible>StringCompare(Container(9000).ListItem.Property(HiLiteItem),Movies) | StringCompare(Container(9000).ListItem.Property(HiLiteItem),TVShows) | StringCompare(Container(9000).ListItem.Property(HiLiteItem),Videos) | StringCompare(Container(9000).ListItem.Property(HiLiteItem),Concerts) | StringCompare(Container(9000).ListItem.Property(HiLiteItem),VideoPlayList)</visible>
            </control>
        </control>
    </include>
    <include name="TVNextAiredListCommonLayout">
        <itemlayout height="150" width="280">
            <control type="image">
                <left>0</left>
                <top>0</top>
                <width>280</width>
                <height>145</height>
                <texture border="10">button-nofocus.png</texture>
            </control>
            <control type="image">
                <description>Thumb</description>
                <left>5</left>
                <top>5</top>
                <width>270</width>
                <height>55</height>
                <aspectratio>keep</aspectratio>
                <texture background="true">$INFO[ListItem.Property(Art(poster))]</texture>
                <animation effect="fade" start="60" end="60" time="0" condition="true">conditional</animation>
                <visible>StringCompare(Window(Home).Property(TVGuide.ThumbType),0)</visible>
            </control>
            <control type="image">
                <description>Banner</description>
                <left>5</left>
                <top>5</top>
                <width>270</width>
                <height>55</height>
                <aspectratio>keep</aspectratio>
                <texture background="true">$INFO[ListItem.Property(Art(banner))]</texture>
                <animation effect="fade" start="60" end="60" time="0" condition="true">conditional</animation>
                <visible>StringCompare(Window(Home).Property(TVGuide.ThumbType),1)</visible>
            </control>
            <control type="image">
                <description>Logo</description>
                <left>5</left>
                <top>5</top>
                <width>270</width>
                <height>55</height>
                <aspectratio>keep</aspectratio>
                <texture background="true">$INFO[ListItem.Property(Path),,logo.png]</texture>
                <animation effect="fade" start="60" end="60" time="0" condition="true">conditional</animation>
                <visible>StringCompare(Window(Home).Property(TVGuide.ThumbType),2)</visible>
            </control>
            <control type="label">
                <description>Episode Number</description>
                <left>140</left>
                <top>60</top>
                <width>260</width>
                <height>15</height>
                <label>$INFO[ListItem.Property(NextNumber),$LOCALIZE[20359] [COLOR=blue]-[/COLOR] ]</label>
                <textcolor>white</textcolor>
                <font>font12</font>
                <align>center</align>
            </control>
            <control type="label">
                <description>Episode Name</description>
                <left>140</left>
                <top>80</top>
                <width>260</width>
                <height>15</height>
                <label>$INFO[ListItem.Property(NextTitle)]</label>
                <textcolor>white</textcolor>
                <font>font12</font>
                <align>center</align>
            </control>
            <control type="label">
                <description>Next air date/time</description>
                <left>140</left>
                <top>100</top>
                <width>260</width>
                <height>15</height>
                <label>$INFO[ListItem.Property(ShortTime)]$INFO[ListItem.Property(NextDate), [COLOR=blue]-[/COLOR] ]</label>
                <textcolor>grey2</textcolor>
                <font>font12</font>
                <align>center</align>
            </control>
            <control type="label">
                <description>Duration</description>
                <left>140</left>
                <top>120</top>
                <width>260</width>
                <height>15</height>
                <label>$INFO[ListItem.Property(Runtime),, $LOCALIZE[12391]]$INFO[ListItem.Property(Network), [COLOR=blue]-[/COLOR] (,)]</label>
                <textcolor>grey2</textcolor>
                <font>font12</font>
                <align>center</align>
            </control>
        </itemlayout>
        <focusedlayout height="150" width="280">
            <control type="image">
                <left>0</left>
                <top>0</top>
                <width>280</width>
                <height>145</height>
                <texture border="10">button-focus2.png</texture>
            </control>
            <control type="image">
                <description>Thumb</description>
                <left>5</left>
                <top>5</top>
                <width>270</width>
                <height>55</height>
                <aspectratio>keep</aspectratio>
                <texture background="true">$INFO[ListItem.Property(Art(poster))]</texture>
                <visible>StringCompare(Window(Home).Property(TVGuide.ThumbType),0)</visible>
            </control>
            <control type="image">
                <description>Banner</description>
                <left>5</left>
                <top>5</top>
                <width>270</width>
                <height>55</height>
                <aspectratio>keep</aspectratio>
                <texture background="true">$INFO[ListItem.Property(Art(banner))]</texture>
                <visible>StringCompare(Window(Home).Property(TVGuide.ThumbType),1)</visible>
            </control>
            <control type="image">
                <description>Logo</description>
                <left>5</left>
                <top>5</top>
                <width>270</width>
                <height>55</height>
                <aspectratio>keep</aspectratio>
                <texture background="true">$INFO[ListItem.Property(Path),,logo.png]</texture>
                <visible>StringCompare(Window(Home).Property(TVGuide.ThumbType),2)</visible>
            </control>
            <control type="label">
                <description>Episode Number</description>
                <left>140</left>
                <top>60</top>
                <width>260</width>
                <height>15</height>
                <label>$INFO[ListItem.Property(NextNumber),$LOCALIZE[20359] [COLOR=blue]-[/COLOR] ]</label>
                <textcolor>selected</textcolor>
                <font>font12</font>
                <align>center</align>
            </control>
            <control type="label">
                <description>Episode Name</description>
                <left>140</left>
                <top>80</top>
                <width>260</width>
                <height>15</height>
                <label>$INFO[ListItem.Property(NextTitle)]</label>
                <textcolor>selected</textcolor>
                <font>font12</font>
                <align>center</align>
            </control>
            <control type="label">
                <description>Next air date/time</description>
                <left>140</left>
                <top>100</top>
                <width>260</width>
                <height>15</height>
                <label>$INFO[ListItem.Property(ShortTime)]$INFO[ListItem.Property(NextDate), [COLOR=blue]-[/COLOR] ]</label>
                <textcolor>white</textcolor>
                <font>font12</font>
                <align>center</align>
            </control>
            <control type="label">
                <description>Duration</description>
                <left>140</left>
                <top>120</top>
                <width>260</width>
                <height>15</height>
                <label>$INFO[ListItem.Property(Runtime),, $LOCALIZE[12391]]$INFO[ListItem.Property(Network), [COLOR=blue]-[/COLOR] (,)]</label>
                <textcolor>white</textcolor>
                <font>font12</font>
                <align>center</align>
            </control>
        </focusedlayout>
    </include>
    <include name="BottomClock">
        <control type="label" id="1">
            <description>time label</description>
            <left>360r</left>
            <top>55r</top>
            <width>250</width>
            <height>30</height>
            <align>right</align>
            <aligny>center</aligny>
            <font>font28_title</font>
            <textcolor>C0FFFFFF</textcolor>
            <shadowcolor>black</shadowcolor>
            <label>$INFO[System.Time]</label>
            <include>Window_OpenClose_Animation</include>
            <animation effect="fade" start="100" end="0" time="100" condition="Window.IsVisible(movieinformation)">Conditional</animation>
            <animation effect="slide" start="0,0" end="-45,00" time="0" condition="!Window.IsVisible(loginscreen) + !Skin.HasSetting(disableglobalsearch) + [Window.IsVisible(musiclibrary) | Window.IsVisible(videolibrary)] | [Window.IsVisible(script-globalsearch-main.xml) + Control.IsVisible(198)] ">conditional</animation>
            <animation effect="slide" start="0,0" end="-45,00" time="0" condition="!Skin.HasSetting(hidetrailerbtn) + !IsEmpty(ListItem.Trailer) + ![Control.IsVisible(500) | Control.IsVisible(529) | Control.IsVisible(594) | Control.IsVisible(732)]">conditional</animation>
            <visible>!Player.HasMedia | SubString(Window(videolibrary).Property(TvTunesIsAlive),TRUE)</visible>
        </control>
        <control type="label" id="1">
            <description>Date label</description>
            <left>360r</left>
            <top>25r</top>
            <width>250</width>
            <height>15</height>
            <align>right</align>
            <aligny>center</aligny>
            <font>font10</font>
            <textcolor>C0FFFFFF</textcolor>
            <shadowcolor>black</shadowcolor>
            <label>$INFO[System.Date]</label>
            <include>Window_OpenClose_Animation</include>
            <animation effect="fade" start="100" end="0" time="100" condition="Window.IsVisible(movieinformation)">Conditional</animation>
            <animation effect="slide" start="0,0" end="-45,00" time="0" condition="!Window.IsVisible(loginscreen) + !Skin.HasSetting(disableglobalsearch) + [Window.IsVisible(musiclibrary) | Window.IsVisible(videolibrary)] | [Window.IsVisible(script-globalsearch-main.xml) + Control.IsVisible(198)] ">conditional</animation>
            <animation effect="slide" start="0,0" end="-45,00" time="0" condition="!Skin.HasSetting(hidetrailerbtn) + !IsEmpty(ListItem.Trailer) + ![Control.IsVisible(500) | Control.IsVisible(529) | Control.IsVisible(594) | Control.IsVisible(732)]">conditional</animation>
            <visible>!Player.HasMedia | SubString(Window(videolibrary).Property(TvTunesIsAlive),TRUE)</visible>
        </control>
    </include>
    <include name="BottonLogoImage">
        <control type="image">
            <description>LOGO</description>
            <left>10</left>
            <top>80r</top>
            <width>220</width>
            <height>80</height>
            <aspectratio>keep</aspectratio>
            <texture>Hybrid_Logo.png</texture>
            <animation effect="slide" start="0,10" end="0,0" time="200" condition="Window.Previous(Home)">WindowOpen</animation>
            <animation effect="slide" start="0,0" end="0,10" time="200" condition="Window.Next(Home)">WindowClose</animation>
        </control>
    </include>
    <include name="CheckMenuAltPage">
        <visible>
			[Container(9000).HasFocus(1) + !Skin.String(homeitem.1.menu)] |
			[Container(9000).HasFocus(2) + !Skin.String(homeitem.2.menu)] |
			[Container(9000).HasFocus(3) + !Skin.String(homeitem.3.menu)] |
			[Container(9000).HasFocus(4) + !Skin.String(homeitem.4.menu)] |
			[Container(9000).HasFocus(5) + !Skin.String(homeitem.5.menu)] |
			[Container(9000).HasFocus(6) + !Skin.String(homeitem.6.menu)] |
			[Container(9000).HasFocus(7) + !Skin.String(homeitem.7.menu)] |
			[Container(9000).HasFocus(8) + !Skin.String(homeitem.8.menu)] |
			[Container(9000).HasFocus(9) + !Skin.String(homeitem.9.menu)] |
			[Container(9000).HasFocus(10) + !Skin.String(homeitem.10.menu)] |
			[Container(9000).HasFocus(13) + !Skin.String(homeitem.13.menu)] |
			Container(9000).HasFocus(11) | Container(9000).HasFocus(12)
		</visible>
    </include>
    <include name="MenuMoviePlayListCheck">
        <visible>
			!IsEmpty(Skin.String(homeitem.1.playlist)) + Skin.String(homeitem.1.type,VideoPlayList) + StringCompare(Window(home).Property(UsrSelectBtn),homeitem.1) |
			!IsEmpty(Skin.String(homeitem.2.playlist)) + Skin.String(homeitem.2.type,VideoPlayList) + StringCompare(Window(home).Property(UsrSelectBtn),homeitem.2) |
			!IsEmpty(Skin.String(homeitem.3.playlist)) + Skin.String(homeitem.3.type,VideoPlayList) + StringCompare(Window(home).Property(UsrSelectBtn),homeitem.3) |
			!IsEmpty(Skin.String(homeitem.4.playlist)) + Skin.String(homeitem.4.type,VideoPlayList) + StringCompare(Window(home).Property(UsrSelectBtn),homeitem.4) |
			!IsEmpty(Skin.String(homeitem.5.playlist)) + Skin.String(homeitem.5.type,VideoPlayList) + StringCompare(Window(home).Property(UsrSelectBtn),homeitem.5) |
			!IsEmpty(Skin.String(homeitem.6.playlist)) + Skin.String(homeitem.6.type,VideoPlayList) + StringCompare(Window(home).Property(UsrSelectBtn),homeitem.6) |
			!IsEmpty(Skin.String(homeitem.7.playlist)) + Skin.String(homeitem.7.type,VideoPlayList) + StringCompare(Window(home).Property(UsrSelectBtn),homeitem.7) |
			!IsEmpty(Skin.String(homeitem.8.playlist)) + Skin.String(homeitem.8.type,VideoPlayList) + StringCompare(Window(home).Property(UsrSelectBtn),homeitem.8) |
			!IsEmpty(Skin.String(homeitem.9.playlist)) + Skin.String(homeitem.9.type,VideoPlayList) + StringCompare(Window(home).Property(UsrSelectBtn),homeitem.9) |
			!IsEmpty(Skin.String(homeitem.10.playlist)) + Skin.String(homeitem.10.type,VideoPlayList) + StringCompare(Window(home).Property(UsrSelectBtn),homeitem.10)
		</visible>
    </include>
    <include name="MenuMusicPlayListCheck">
        <visible>
			!IsEmpty(Skin.String(homeitem.1.playlist)) + Skin.String(homeitem.1.type,MusicPlaylist) + StringCompare(Window(home).Property(UsrSelectBtn),homeitem.1) |
			!IsEmpty(Skin.String(homeitem.2.playlist)) + Skin.String(homeitem.2.type,MusicPlaylist) + StringCompare(Window(home).Property(UsrSelectBtn),homeitem.2) |
			!IsEmpty(Skin.String(homeitem.3.playlist)) + Skin.String(homeitem.3.type,MusicPlaylist) + StringCompare(Window(home).Property(UsrSelectBtn),homeitem.3) |
			!IsEmpty(Skin.String(homeitem.4.playlist)) + Skin.String(homeitem.4.type,MusicPlaylist) + StringCompare(Window(home).Property(UsrSelectBtn),homeitem.4) |
			!IsEmpty(Skin.String(homeitem.5.playlist)) + Skin.String(homeitem.5.type,MusicPlaylist) + StringCompare(Window(home).Property(UsrSelectBtn),homeitem.5) |
			!IsEmpty(Skin.String(homeitem.6.playlist)) + Skin.String(homeitem.6.type,MusicPlaylist) + StringCompare(Window(home).Property(UsrSelectBtn),homeitem.6) |
			!IsEmpty(Skin.String(homeitem.7.playlist)) + Skin.String(homeitem.7.type,MusicPlaylist) + StringCompare(Window(home).Property(UsrSelectBtn),homeitem.7) |
			!IsEmpty(Skin.String(homeitem.8.playlist)) + Skin.String(homeitem.8.type,MusicPlaylist) + StringCompare(Window(home).Property(UsrSelectBtn),homeitem.8) |
			!IsEmpty(Skin.String(homeitem.9.playlist)) + Skin.String(homeitem.9.type,MusicPlaylist) + StringCompare(Window(home).Property(UsrSelectBtn),homeitem.9) |
			!IsEmpty(Skin.String(homeitem.10.playlist)) + Skin.String(homeitem.10.type,MusicPlaylist) + StringCompare(Window(home).Property(UsrSelectBtn),homeitem.10)
		</visible>
    </include>
</includes>