<?xml version="1.0" encoding="utf-8"?>
<includes>
    <include name="CommonBackground">
        <control type="group">
            <visible>[Skin.HasSetting(singleglobalbackground) | StringCompare(Window(home).Property(MenuBackground),Theme) | StringCompare(Container(9000).ListItem.Property(Background),Theme)] + !Skin.HasSetting(holidayeffects)</visible>
            <control type="multiimage">
                <include>Dimensions_Fullscreen</include>
                <imagepath background="true">$INFO[Skin.String(globalbackgroundpath)]</imagepath>
                <timeperimage>8000</timeperimage>
                <randomize>true</randomize>
                <fadetime>FanartCrossfadeTime</fadetime>
                <visible>!IsEmpty(Skin.String(globalbackgroundpath))</visible>
            </control>
            <control type="image">
                <include>Dimensions_Fullscreen</include>
                <aspectratio>scale</aspectratio>
                <texture background="true" fallback="special://skin/backgrounds/SKINDEFAULT.jpg">$INFO[Skin.CurrentTheme,special://skin/backgrounds/,.jpg]</texture>
                <include>BackgroundFade</include>
                <fadetime>FanartCrossfadeTime</fadetime>
                <include>Window_OpenClose_Animation</include>
                <visible>IsEmpty(Skin.String(globalbackgroundpath))</visible>
            </control>
        </control>
        <control type="group">
            <visible>Skin.HasSetting(holidayeffects)</visible>
            <control type="image">
                <description>holiday Theme Default Image</description>
                <include>Dimensions_Fullscreen</include>
                <aspectratio>scale</aspectratio>
                <include>BackgroundFade</include>
                <fadetime>FanartCrossfadeTime</fadetime>
                <include>Window_OpenClose_Animation</include>
                <texture>special://skin/extras/holiday/xmastree.jpg</texture>
                <visible>IsEmpty(Skin.String(holidaythemepath)) | !Window.IsVisible(Home) + !IsEmpty(Skin.String(holidaythemepath))</visible>
            </control>
            <control type="multiimage">
                <description>holiday Theme Images</description>
                <include>Dimensions_Fullscreen</include>
                <imagepath background="true" fallback="special://skin/extras/holiday/xmastree.jpg">$INFO[Skin.String(holidaythemepath)]</imagepath>
                <timeperimage>8000</timeperimage>
                <randomize>true</randomize>
                <fadetime>1000</fadetime>
                <visible>Window.IsVisible(Home)</visible>
                <visible>!IsEmpty(Skin.String(holidaythemepath))</visible>
            </control>
        </control>
        <control type="group">
            <visible>Skin.HasSetting(hidenowplayingfanart) | !Player.HasAudio | Player.Paused | SubString(Window(videolibrary).Property(TvTunesIsAlive),TRUE)</visible>
            <visible>!Skin.HasSetting(singleglobalbackground) + !StringCompare(Window(home).Property(MenuBackground),Theme) + !StringCompare(Container(9000).ListItem.Property(Background),Theme) + !Skin.HasSetting(holidayeffects)</visible>
            <control type="group">
                <include>BackgroundFade</include>
                <fadetime>FanartCrossfadeTime</fadetime>
                <include>Window_OpenClose_Animation</include>
                <include>LiveContentBackgrounds</include>
                <visible>Window.IsVisible(Home) + StringCompare(Container(9000).ListItem.Property(Background),Live) + !StringCompare(Container(9000).ListItem.Property(HiLiteItem),Weather)</visible>
            </control>
            <control type="multiimage">
                <include>Dimensions_Fullscreen</include>
                <imagepath background="true">special://skin/backgrounds/weather/$INFO[Window(Weather).Property(Current.fanartCode)]</imagepath>
                <timeperimage>8000</timeperimage>
                <randomize>true</randomize>
                <include>BackgroundFade</include>
                <fadetime>FanartCrossfadeTime</fadetime>
                <include>Window_OpenClose_Animation</include>
                <visible>Window.IsVisible(Home) + StringCompare(Container(9000).ListItem.Property(Background),Live)  + StringCompare(Container(9000).ListItem.Property(HiLiteItem),Weather)</visible>
            </control>
            <control type="multiimage">
                <include>Dimensions_Fullscreen</include>
                <aspectratio>scale</aspectratio>
                <imagepath background="true">$VAR[HomeMenuItemBackground]</imagepath>
                <timeperimage>8000</timeperimage>
                <randomize>true</randomize>
                <fadetime>1000</fadetime>
                <visible>Window.IsVisible(Home)</visible>
                <visible>StringCompare(Container(9000).ListItem.Property(Background),Database) | StringCompare(Container(9000).ListItem.Property(Background),Default) | IsEmpty(Container(9000).ListItem.Property(Background))</visible>
            </control>
            <control type="multiimage">
                <include>Dimensions_Fullscreen</include>
                <aspectratio>scale</aspectratio>
                <imagepath background="true">$VAR[AltMenuItemBackground]</imagepath>
                <timeperimage>8000</timeperimage>
                <randomize>true</randomize>
                <fadetime>1000</fadetime>
                <visible>Window.IsVisible(2129) + StringCompare(Window(home).Property(MenuBackground),Database)</visible>
            </control>
            <control type="multiimage">
                <include>Dimensions_Fullscreen</include>
                <imagepath background="true">$VAR[WeatherBackground]</imagepath>
                <timeperimage>8000</timeperimage>
                <randomize>true</randomize>
                <fadetime>FanartCrossfadeTime</fadetime>
                <visible>StringCompare(Window(home).Property(MenuItemSelected),Weather)</visible>
                <visible>Window.IsVisible(weather) | Window.IsVisible(2129)</visible>
            </control>
            <control type="multiimage">
                <include>Dimensions_Fullscreen</include>
                <aspectratio>scale</aspectratio>
                <imagepath background="true">$VAR[CommonMenuItemBackground]</imagepath>
                <timeperimage>8000</timeperimage>
                <randomize>true</randomize>
                <fadetime>1000</fadetime>
                <visible>!StringCompare(Window(home).Property(MenuBackground),Database) | !Window.IsVisible(2129)</visible>
                <visible>!Window.IsVisible(Home) + !StringCompare(Window(home).Property(MenuItemSelected),Weather) + !Container.Content(Seasons) + !Container.Content(Episodes)</visible>
            </control>
        </control>
        <control type="group">
            <visible>!Window.IsVisible(Home) + !Player.HasVideo + !Skin.HasSetting(hidebackgroundfanart)</visible>
            <control type="image">
                <include>Dimensions_Fullscreen</include>
                <aspectratio>scale</aspectratio>
                <texture background="true" fallback="special://skin/backgrounds/homescreen/videos.jpg">$INFO[Fanart.Image]</texture>
                <include>BackgroundFade</include>
                <fadetime>FanartCrossfadeTime</fadetime>
                <include>Window_OpenClose_Animation</include>
                <visible>!IsEmpty(Fanart.Image)</visible>
                <visible>StringCompare(ListItem.label,..) + [Container.Content(Seasons) | Container.Content(Episodes)]</visible>
            </control>
            <control type="image">
                <include>Dimensions_Fullscreen</include>
                <aspectratio>scale</aspectratio>
                <texture background="true">$INFO[ListItem.Art(fanart)]</texture>
                <include>BackgroundFade</include>
                <fadetime>FanartCrossfadeTime</fadetime>
                <include>Window_OpenClose_Animation</include>
                <visible>!IsEmpty(ListItem.Property(Fanart_Image))</visible>
            </control>
            <control type="image">
                <include>Dimensions_Fullscreen</include>
                <aspectratio>scale</aspectratio>
                <texture background="true">$VAR[GenreLabelFanart,special://skin/backgrounds/genres/,.jpg]</texture>
                <include>BackgroundFade</include>
                <fadetime>FanartCrossfadeTime</fadetime>
                <include>Window_OpenClose_Animation</include>
                <visible>!StringCompare(ListItem.label,..) + Container.Content(genres)</visible>
            </control>
            <control type="image">
                <include>Dimensions_Fullscreen</include>
                <aspectratio>scale</aspectratio>
                <texture background="true">$VAR[GenreFolderFanart,special://skin/backgrounds/genres/,.jpg]</texture>
                <include>BackgroundFade</include>
                <fadetime>FanartCrossfadeTime</fadetime>
                <include>Window_OpenClose_Animation</include>
                <visible>StringCompare(ListItem.label,..)</visible>
                <visible>SubString(ListItem.FilenameAndPath,videodb://movies/genres) | SubString(ListItem.FilenameAndPath,videodb://tvshows/genres) | SubString(ListItem.FilenameAndPath,videodb://musicvideos/genres) | SubString(ListItem.FilenameAndPath,musicdb://genres)</visible>
            </control>
        </control>
        <control type="group">
            <visible>[!Skin.HasSetting(hidenowplayingfanart) | StringCompare(Container(9000).ListItem.Property(HiLiteItem),FullScreen)] + Player.HasAudio + !SubString(Window(videolibrary).Property(TvTunesIsAlive),TRUE) + !Player.Paused + ![Window.IsVisible(PVR) + [Control.IsVisible(11) | Control.IsVisible(12)]]</visible>
            <include>AlbumArtMusicVizWall</include>
            <control type="multiimage">
                <include>Dimensions_Fullscreen</include>
                <timeperimage>10000</timeperimage>
                <randomize>true</randomize>
                <fadetime>1000</fadetime>
                <aspectratio>keep</aspectratio>
                <include condition="!Skin.HasSetting(noanimatevizfanart)">KBurnsAnimateFanart</include>
                <imagepath background="true">$INFO[Player.FolderPath,,../extrafanart/]</imagepath>
                <visible>Skin.HasSetting(disableslideshowart) + !IsEmpty(Control.GetLabel(5043))</visible>
            </control>
            <control type="multiimage">
                <include>Dimensions_Fullscreen</include>
                <timeperimage>10000</timeperimage>
                <randomize>true</randomize>
                <fadetime>1000</fadetime>
                <aspectratio>keep</aspectratio>
                <include condition="!Skin.HasSetting(noanimatevizfanart)">KBurnsAnimateFanart</include>
                <imagepath background="true">$INFO[Skin.String(physicalmusicfolder)]$INFO[MusicPlayer.Artist,,/extrafanart/]</imagepath>
                <visible>Skin.HasSetting(disableslideshowart) + IsEmpty(Control.GetLabel(5043))</visible>
            </control>
            <control type="image">
                <description>Fanart Image for Artist</description>
                <include>Dimensions_Fullscreen</include>
                <include condition="!Skin.HasSetting(noanimatevizfanart)">KBurnsAnimateFanart</include>
                <texture background="true">$INFO[Player.Art(fanart)]</texture>
                <visible>!IsEmpty(Player.Art(fanart)) + [IsEmpty(Control.GetLabel(5043)) + IsEmpty(Control.GetLabel(5044))] | !Skin.HasSetting(disableslideshowart)</visible>
                <fadetime>600</fadetime>
            </control>
            <control type="multiimage">
                <include>Dimensions_Fullscreen</include>
                <timeperimage>10000</timeperimage>
                <randomize>true</randomize>
                <fadetime>1000</fadetime>
                <aspectratio>keep</aspectratio>
                <include condition="!Skin.HasSetting(noanimatevizfanart)">KBurnsAnimateFanart</include>
                <imagepath background="true">$INFO[Window(Visualisation).Property(ArtistSlideshow)]</imagepath>
                <visible>!Skin.HasSetting(hideartistartosd)</visible>
            </control>
            <control type="visualisation">
                <include>Dimensions_Fullscreen</include>
                <visible>Window.IsVisible(Home)</visible>
                <visible>!Player.IsInternetStream</visible>
                <visible>!IsEmpty(Visualisation.Name) + stringcompare(Visualisation.Name,Waveform) | stringcompare(Visualisation.Name,DirectX Spectrum) | stringcompare(Visualisation.Name,OpenGL Spectrum)</visible>
            </control>
        </control>
        <control type="group">
            <visible>!IsEmpty(Window(home).Property(TVGuide.BackgroundFanart))</visible>
            <visible>Window.IsActive(script-NextAired-TVGuide.xml)</visible>
            <control type="image">
                <include>Dimensions_Fullscreen</include>
                <aspectratio>scale</aspectratio>
                <texture background="true">$INFO[Container(200).ListItem.Property(Fanart)]</texture>
                <visible>Control.HasFocus(200)</visible>
                <fadetime>FanartCrossfadeTime</fadetime>
                <include>VisibleFadeEffect</include>
            </control>
            <control type="image">
                <include>Dimensions_Fullscreen</include>
                <aspectratio>scale</aspectratio>
                <texture background="true">$INFO[Container(201).ListItem.Property(Fanart)]</texture>
                <visible>Control.HasFocus(201)</visible>
                <fadetime>FanartCrossfadeTime</fadetime>
                <include>VisibleFadeEffect</include>
            </control>
            <control type="image">
                <include>Dimensions_Fullscreen</include>
                <aspectratio>scale</aspectratio>
                <texture background="true">$INFO[Container(202).ListItem.Property(Fanart)]</texture>
                <visible>Control.HasFocus(202)</visible>
                <fadetime>FanartCrossfadeTime</fadetime>
                <include>VisibleFadeEffect</include>
            </control>
            <control type="image">
                <include>Dimensions_Fullscreen</include>
                <aspectratio>scale</aspectratio>
                <texture background="true">$INFO[Container(203).ListItem.Property(Fanart)]</texture>
                <visible>Control.HasFocus(203)</visible>
                <fadetime>FanartCrossfadeTime</fadetime>
                <include>VisibleFadeEffect</include>
            </control>
            <control type="image">
                <include>Dimensions_Fullscreen</include>
                <aspectratio>scale</aspectratio>
                <texture background="true">$INFO[Container(204).ListItem.Property(Fanart)]</texture>
                <visible>Control.HasFocus(204)</visible>
                <fadetime>FanartCrossfadeTime</fadetime>
                <include>VisibleFadeEffect</include>
            </control>
            <control type="image">
                <include>Dimensions_Fullscreen</include>
                <aspectratio>scale</aspectratio>
                <texture background="true">$INFO[Container(205).ListItem.Property(Fanart)]</texture>
                <visible>Control.HasFocus(205)</visible>
                <fadetime>FanartCrossfadeTime</fadetime>
                <include>VisibleFadeEffect</include>
            </control>
            <control type="image">
                <include>Dimensions_Fullscreen</include>
                <aspectratio>scale</aspectratio>
                <texture background="true">$INFO[Container(206).ListItem.Property(Fanart)]</texture>
                <visible>Control.HasFocus(206)</visible>
                <fadetime>FanartCrossfadeTime</fadetime>
                <include>VisibleFadeEffect</include>
            </control>
        </control>
        <control type="group">
            <visible>!Skin.HasSetting(hidebackgroundfanart)</visible>
            <visible>Window.IsActive(script-globalsearch-main.xml)</visible>
            <include>VisibleFadeEffect</include>
            <control type="image">
                <include>Dimensions_Fullscreen</include>
                <texture background="true">$VAR[SearchBackground]</texture>
                <aspectratio>scale</aspectratio>
                <fadetime>FanartCrossfadeTime</fadetime>
                <include>VisibleFadeEffect</include>
                <visible>!IsEmpty(Skin.String(searchbtnbackground))</visible>
            </control>
        </control>
        <control type="image">
            <include>Dimensions_Fullscreen</include>
            <texture>special://skin/backgrounds/homescreen/media-overlay.jpg</texture>
            <visible>Player.HasVideo + [StringCompare(Container(9000).ListItem.Property(HiLiteItem),FullScreen) | Skin.HasSetting(hidehomenowplaying)] + ![Window.IsVisible(PVR) + [Control.IsVisible(11) | Control.IsVisible(12)]]</visible>
            <include>VisibleFadeEffect</include>
        </control>
        <control type="videowindow">
            <include>Dimensions_Fullscreen</include>
            <visible>Player.HasVideo + [StringCompare(Container(9000).ListItem.Property(HiLiteItem),FullScreen) | Skin.HasSetting(hidehomenowplaying)] + ![Window.IsVisible(PVR) + [Control.IsVisible(11) | Control.IsVisible(12)]]</visible>
        </control>
    </include>
    <include name="HomeScreenFloor">
        <control type="image" id="1">
            <left>0</left>
            <top>90r</top>
            <width>1780</width>
            <height>90</height>
            <texture>floor.png</texture>
            <animation effect="fade" time="250" condition="Window.Previous(Home)">WindowOpen</animation>
            <animation effect="fade" time="250" condition="Window.Next(Home)">WindowClose</animation>
            <visible>!Window.IsVisible(Home)</visible>
            <visible>!Window.IsVisible(fullscreenvideo)</visible>
        </control>
        <control type="image" id="1">
            <left>0</left>
            <top>0</top>
            <width>1780</width>
            <height>55</height>
            <texture flipy="true">floor.png</texture>
            <animation effect="fade" time="250" condition="Window.Previous(Home)">WindowOpen</animation>
            <animation effect="fade" time="250" condition="Window.Next(Home)">WindowClose</animation>
            <visible>!Skin.HasSetting(hideosdprofileclock)</visible>
            <visible>!Window.IsVisible(fullscreenvideo)</visible>
        </control>
        <control type="image" id="1">
            <description>LOGO</description>
            <left>0</left>
            <top>5</top>
            <width>170</width>
            <height>100</height>
            <aspectratio aligny="top" align="left">keep</aspectratio>
            <texture>xbmc-logo.png</texture>
            <include>VisibleFadeEffect</include>
            <include>Window_OpenClose_Animation</include>
            <visible>StringCompare(System.ProfileName,Master user)</visible>
            <visible>!Skin.HasSetting(hideosdprofileclock)</visible>
            <visible>!Window.IsVisible(fullscreenvideo) | [!Skin.HasSetting(hideseekbarosd) + Window.IsActive(VideoOSD) | Player.ShowInfo]</visible>
        </control>
        <control type="label" id="1">
            <description>Logged User</description>
            <left>20</left>
            <top>5</top>
            <height>45</height>
            <width>350</width>
            <align>left</align>
            <aligny>center</aligny>
            <font>font28_title</font>
            <textcolor>C0FFFFFF</textcolor>
            <shadowcolor>black</shadowcolor>
            <info>System.ProfileName</info>
            <include>VisibleFadeEffect</include>
            <include>Window_OpenClose_Animation</include>
            <visible>!StringCompare(System.ProfileName,Master user)</visible>
            <visible>!Skin.HasSetting(hideosdprofileclock)</visible>
            <visible>!Window.IsVisible(fullscreenvideo) | [!Skin.HasSetting(hideseekbarosd) + Window.IsActive(VideoOSD) | Player.ShowInfo]</visible>
        </control>
        <control type="label" id="1">
            <description>Top Right Time Label</description>
            <left>270r</left>
            <top>5</top>
            <width>250</width>
            <height>30</height>
            <align>right</align>
            <aligny>center</aligny>
            <font>font28_title</font>
            <textcolor>C0FFFFFF</textcolor>
            <shadowcolor>black</shadowcolor>
            <label>$INFO[System.Time]</label>
            <include>Window_OpenClose_Animation</include>
            <animation effect="slide" start="0,0" end="-40,0" time="100" condition="Window.IsVisible(Mutebug)">conditional</animation>
            <animation effect="slide" start="0,0" end="0,-50" time="100" condition="Window.IsVisible(busydialog)">conditional</animation>
            <visible>!Window.IsVisible(fullscreenvideo) | [!Skin.HasSetting(hideseekbarosd) + Window.IsActive(VideoOSD) | Player.ShowInfo]</visible>
            <visible>!Skin.HasSetting(hideosdprofileclock)</visible>
            <visible>!Window.IsActive(script.pseudotv.TVOverlay.xml)</visible>
        </control>
        <control type="label" id="1">
            <description>Top Right Date Label</description>
            <left>270r</left>
            <top>35</top>
            <width>250</width>
            <height>15</height>
            <align>right</align>
            <aligny>center</aligny>
            <font>font10</font>
            <textcolor>C0FFFFFF</textcolor>
            <shadowcolor>black</shadowcolor>
            <label>$INFO[System.Date]</label>
            <include>Window_OpenClose_Animation</include>
            <animation effect="slide" start="0,0" end="-40,0" time="100" condition="Window.IsVisible(Mutebug)">conditional</animation>
            <animation effect="slide" start="0,0" end="0,-50" time="100" condition="Window.IsVisible(busydialog)">conditional</animation>
            <visible>!Window.IsVisible(fullscreenvideo) | [!Skin.HasSetting(hideseekbarosd) + Window.IsActive(VideoOSD) | Player.ShowInfo]</visible>
            <visible>!Skin.HasSetting(hideosdprofileclock)</visible>
            <visible>!Window.IsActive(script.pseudotv.TVOverlay.xml)</visible>
        </control>
    </include>
    <include name="MediaViewBackgrounds">
        <control type="group">
            <control type="image">
                <left>-350</left>
                <top>440r</top>
                <width>720</width>
                <height>720</height>
                <include>BackgroundFade</include>
                <fadetime>FanartCrossfadeTime</fadetime>
                <aspectratio>stretch</aspectratio>
                <texture background="true">$INFO[ListItem.Art(discart)]</texture>
                <animation effect="rotate" end="-45" center="auto" time="0" condition="true">Conditional</animation>
                <visible>!IsEmpty(ListItem.Art(discart))</visible>
            </control>
            <control type="image">
                <left>-5</left>
                <top>570r</top>
                <width>512</width>
                <height>512</height>
                <include>BackgroundFade</include>
                <fadetime>FanartCrossfadeTime</fadetime>
                <aspectratio align="left" aligny="bottom">keep</aspectratio>
                <texture background="true">$INFO[ListItem.Art(characterart)]</texture>
                <visible>IsEmpty(ListItem.Art(discart)) + !IsEmpty(ListItem.Art(characterart)) + !Container.Content(Episodes)</visible>
            </control>
            <control type="image">
                <left>-5</left>
                <top>570r</top>
                <width>512</width>
                <height>512</height>
                <include>BackgroundFade</include>
                <fadetime>FanartCrossfadeTime</fadetime>
                <aspectratio align="left" aligny="bottom">keep</aspectratio>
                <texture background="true">$INFO[ListItem.Art(tvshow.characterart)]</texture>
                <visible>IsEmpty(ListItem.Art(discart)) + !IsEmpty(ListItem.Art(tvshow.characterart)) + Container.Content(Episodes)</visible>
            </control>
            <visible>!IsEmpty(ListItem.Title) + !Player.HasVideo + !Skin.HasSetting(hidebackgroundfanart)</visible>
        </control>
        <control type="image">
            <left>0</left>
            <top>0</top>
            <width>650</width>
            <height>780</height>
            <texture>SideFade.png</texture>
            <visible>Control.IsVisible(50) | Control.IsVisible(51) | Control.IsVisible(503) | Control.IsVisible(504) | Control.IsVisible(506) | Control.IsVisible(512) | Control.IsVisible(515) | Control.IsVisible(513) | Control.IsVisible(550) | Control.IsVisible(728)</visible>
        </control>
        <control type="image">
            <include>Window_OpenClose_Animation</include>
            <include>Dimensions_Fullscreen</include>
            <include>VisibleFadeEffect</include>
            <aspectratio>stretch</aspectratio>
            <include>TransparentEffect</include>
            <texture>black_content.png</texture>
        </control>
    </include>
    <include name="ArtistExtraFanArt">
        <control type="multiimage" id="5043">
            <include>InvisibleButton</include>
            <imagepath background="true">$INFO[Player.FolderPath,,../extrafanart/]</imagepath>
            <visible>Player.HasAudio + !Player.IsInternetStream</visible>
        </control>
        <control type="multiimage" id="5044">
            <include>InvisibleButton</include>
            <imagepath background="true">$INFO[Skin.String(physicalmusicfolder)]$INFO[MusicPlayer.Artist,,/extrafanart/]</imagepath>
            <visible>Player.HasAudio + IsEmpty(Control.GetLabel(5043))</visible>
        </control>
    </include>
    <include name="FanArtExtraThumbs">
        <control type="multiimage" id="5045">
            <include>InvisibleButton</include>
            <imagepath background="true">$INFO[ListItem.path,,extrathumbs/]</imagepath>
            <visible>!IsEmpty(ListItem.Title)</visible>
            <visible>Container.Content(Movies) | Container.Content(MusicVideos)</visible>
        </control>
    </include>
    <include name="ListedStudioIcon">
        <control type="image" id="5047">
            <include>InvisibleButton</include>
            <texture background="true">$INFO[ListItem.Studio,flagging/studio/,.png]</texture>
            <visible>!IsEmpty(ListItem.Studio)</visible>
        </control>
    </include>
    <include name="VideoExtrasIcon">
        <control type="image" id="5048">
            <include>InvisibleButton</include>
            <texture>$INFO[ListItem.DBID,special://profile/addon_data/script.videoextras/movies/,.png]</texture>
            <visible>!Skin.HasSetting(disablevideoextras) + Window.IsVisible(Videos) + Container.Content(Movies)</visible>
        </control>
        <control type="image" id="5049">
            <include>InvisibleButton</include>
            <texture>$INFO[ListItem.DBID,special://profile/addon_data/script.videoextras/tvshows/,.png]</texture>
            <visible>!Skin.HasSetting(disablevideoextras) + Window.IsVisible(Videos) + Container.Content(TVShows)</visible>
        </control>
        <control type="image" id="5050">
            <include>InvisibleButton</include>
            <texture>$INFO[ListItem.DBID,special://profile/addon_data/script.videoextras/musicvideos/,.png]</texture>
            <visible>!Skin.HasSetting(disablevideoextras) + Window.IsVisible(Videos) + Container.Content(MusicVideos)</visible>
        </control>
    </include>
</includes>