<?xml version="1.0" encoding="utf-8"?>
<includes>
    <include name="SubMenuVideoIcons">
        <item>
            <label>$VAR[SubMenuVideosOne]</label>
            <icon>DefaultMovieTitle.png</icon>
            <thumb>$INFO[Skin.String(subvideos.1.icon)]</thumb>
            <onclick>Skin.Reset(subvideos.1.icon)</onclick>
            <onclick>Skin.SetImage(subvideos.1.icon)</onclick>
            <visible>Library.HasContent(Movies) | !IsEmpty(Skin.String(subvideos.1.path))</visible>
            <visible>!stringcompare(Skin.String(subvideos.1.path),Hidden)</visible>
            <visible>StringCompare(Container(9006).ListItem.Property(Submenu),Videos)</visible>
        </item>
        <item>
            <label>$VAR[SubMenuVideosTwo]</label>
            <icon>DefaultTVShowTitle.png</icon>
            <thumb>$INFO[Skin.String(subvideos.2.icon)]</thumb>
            <onclick>Skin.Reset(subvideos.2.icon)</onclick>
            <onclick>Skin.SetImage(subvideos.2.icon)</onclick>
            <visible>Library.HasContent(TVShows) | !IsEmpty(Skin.String(subvideos.2.path))</visible>
            <visible>!stringcompare(Skin.String(subvideos.2.path),Hidden)</visible>
            <visible>StringCompare(Container(9006).ListItem.Property(Submenu),Videos)</visible>
        </item>
        <item>
            <label>$VAR[SubMenuVideosThree]</label>
            <icon>DefaultMusicVideoTitle.png</icon>
            <thumb>$INFO[Skin.String(subvideos.3.icon)]</thumb>
            <onclick>Skin.Reset(subvideos.3.icon)</onclick>
            <onclick>Skin.SetImage(subvideos.3.icon)</onclick>
            <visible>Library.HasContent(MusicVideos) | !IsEmpty(Skin.String(subvideos.3.path))</visible>
            <visible>!stringcompare(Skin.String(subvideos.3.path),Hidden)</visible>
            <visible>StringCompare(Container(9006).ListItem.Property(Submenu),Videos)</visible>
        </item>
        <item>
            <label>$VAR[SubMenuVideosFour]</label>
            <icon>DefaultFolder.png</icon>
            <thumb>$INFO[Skin.String(subvideos.4.icon)]</thumb>
            <onclick>Skin.Reset(subvideos.4.icon)</onclick>
            <onclick>Skin.SetImage(subvideos.4.icon)</onclick>
            <visible>!stringcompare(Skin.String(subvideos.4.path),Hidden)</visible>
            <visible>StringCompare(Container(9006).ListItem.Property(Submenu),Videos)</visible>
        </item>
        <item>
            <label>$VAR[SubMenuVideosFive]</label>
            <icon>DefaultFolder.png</icon>
            <thumb>$INFO[Skin.String(subvideos.5.icon)]</thumb>
            <onclick>Skin.Reset(subvideos.5.icon)</onclick>
            <onclick>Skin.SetImage(subvideos.5.icon)</onclick>
            <visible>Library.HasContent(Video) | !IsEmpty(Skin.String(subvideos.5.path))</visible>
            <visible>!stringcompare(Skin.String(subvideos.5.path),Hidden)</visible>
            <visible>StringCompare(Container(9006).ListItem.Property(Submenu),Videos)</visible>
        </item>
        <item>
            <label>$VAR[SubMenuVideosSix]</label>
            <icon>DefaultAddonVideo.png</icon>
            <thumb>$INFO[Skin.String(subvideos.6.icon)]</thumb>
            <onclick>Skin.Reset(subvideos.6.icon)</onclick>
            <onclick>Skin.SetImage(subvideos.6.icon)</onclick>
            <visible>!stringcompare(Skin.String(subvideos.6.path),Hidden)</visible>
            <visible>StringCompare(Container(9006).ListItem.Property(Submenu),Videos)</visible>
        </item>
    </include>
    <include name="SubMenuMovieIcons">
        <item>
            <label>$VAR[SubMenuMoviesOne]</label>
            <icon>DefaultVideoPlaylists.png</icon>
            <thumb>$INFO[Skin.String(submovies.1.icon)]</thumb>
            <onclick>Skin.Reset(submovies.1.icon)</onclick>
            <onclick>Skin.SetImage(submovies.1.icon)</onclick>
            <visible>!stringcompare(Skin.String(submovies.1.path),Hidden)</visible>
            <visible>StringCompare(Container(9006).ListItem.Property(Submenu),Movies)</visible>
        </item>
        <item>
            <label>$VAR[SubMenuMoviesTwo]</label>
            <icon>DefaultSets.png</icon>
            <thumb>$INFO[Skin.String(submovies.2.icon)]</thumb>
            <onclick>Skin.Reset(submovies.2.icon)</onclick>
            <onclick>Skin.SetImage(submovies.2.icon)</onclick>
            <visible>Library.HasContent(MovieSets) | !IsEmpty(Skin.String(submovies.2.path))</visible>
            <visible>!stringcompare(Skin.String(submovies.2.path),Hidden)</visible>
            <visible>StringCompare(Container(9006).ListItem.Property(Submenu),Movies)</visible>
        </item>
        <item>
            <label>$VAR[SubMenuMoviesThree]</label>
            <icon>DefaultMovieTitle.png</icon>
            <thumb>$INFO[Skin.String(submovies.3.icon)]</thumb>
            <onclick>Skin.Reset(submovies.3.icon)</onclick>
            <onclick>Skin.SetImage(submovies.3.icon)</onclick>
            <visible>!stringcompare(Skin.String(submovies.3.path),Hidden)</visible>
            <visible>StringCompare(Container(9006).ListItem.Property(Submenu),Movies)</visible>
        </item>
        <item>
            <label>$VAR[SubMenuMoviesFour]</label>
            <icon>DefaultGenre.png</icon>
            <thumb>$INFO[Skin.String(submovies.4.icon)]</thumb>
            <onclick>Skin.Reset(submovies.4.icon)</onclick>
            <onclick>Skin.SetImage(submovies.4.icon)</onclick>
            <visible>!stringcompare(Skin.String(submovies.4.path),Hidden)</visible>
            <visible>StringCompare(Container(9006).ListItem.Property(Submenu),Movies)</visible>
        </item>
        <item>
            <label>$VAR[SubMenuMoviesFive]</label>
            <icon>DefaultTags.png</icon>
            <thumb>$INFO[Skin.String(submovies.5.icon)]</thumb>
            <onclick>Skin.Reset(submovies.5.icon)</onclick>
            <onclick>Skin.SetImage(submovies.5.icon)</onclick>
            <visible>!stringcompare(Skin.String(submovies.5.path),Hidden)</visible>
            <visible>StringCompare(Container(9006).ListItem.Property(Submenu),Movies)</visible>
        </item>
        <item>
            <label>$VAR[SubMenuMoviesSix]</label>
            <icon>DefaultVideoPlaylists.png</icon>
            <thumb>$INFO[Skin.String(submovies.6.icon)]</thumb>
            <onclick>Skin.Reset(submovies.6.icon)</onclick>
            <onclick>Skin.SetImage(submovies.6.icon)</onclick>
            <visible>!stringcompare(Skin.String(submovies.6.path),Hidden)</visible>
            <visible>StringCompare(Container(9006).ListItem.Property(Submenu),Movies)</visible>
        </item>
    </include>
    <include name="SubMenuTVShowsIcons">
        <item>
            <label>$VAR[SubMenuTVShowsOne]</label>
            <icon>DefaultVideoPlaylists.png</icon>
            <thumb>$INFO[Skin.String(subtvshows.1.icon)]</thumb>
            <onclick>Skin.Reset(subtvshows.1.icon)</onclick>
            <onclick>Skin.SetImage(subtvshows.1.icon)</onclick>
            <visible>!stringcompare(Skin.String(subtvshows.1.path),Hidden)</visible>
            <visible>StringCompare(Container(9006).ListItem.Property(Submenu),TVShows)</visible>
        </item>
        <item>
            <label>$VAR[SubMenuTVShowsTwo]</label>
            <icon>DefaultRecentlyAddedEpisodes.png</icon>
            <thumb>$INFO[Skin.String(subtvshows.2.icon)]</thumb>
            <onclick>Skin.Reset(subtvshows.2.icon)</onclick>
            <onclick>Skin.SetImage(subtvshows.2.icon)</onclick>
            <visible>!stringcompare(Skin.String(subtvshows.2.path),Hidden)</visible>
            <visible>StringCompare(Container(9006).ListItem.Property(Submenu),TVShows)</visible>
        </item>
        <item>
            <label>$VAR[SubMenuTVShowsThree]</label>
            <icon>DefaultTVShowTitle.png</icon>
            <thumb>$INFO[Skin.String(subtvshows.3.icon)]</thumb>
            <onclick>Skin.Reset(subtvshows.3.icon)</onclick>
            <onclick>Skin.SetImage(subtvshows.3.icon)</onclick>
            <visible>!stringcompare(Skin.String(subtvshows.3.path),Hidden)</visible>
            <visible>StringCompare(Container(9006).ListItem.Property(Submenu),TVShows)</visible>
        </item>
        <item>
            <label>$VAR[SubMenuTVShowsFour]</label>
            <icon>DefaultGenre.png</icon>
            <thumb>$INFO[Skin.String(subtvshows.4.icon)]</thumb>
            <onclick>Skin.Reset(subtvshows.4.icon)</onclick>
            <onclick>Skin.SetImage(subtvshows.4.icon)</onclick>
            <visible>!stringcompare(Skin.String(subtvshows.4.path),Hidden)</visible>
            <visible>StringCompare(Container(9006).ListItem.Property(Submenu),TVShows)</visible>
        </item>
        <item>
            <label>$VAR[SubMenuTVShowsFive]</label>
            <icon>DefaultTags.png</icon>
            <thumb>$INFO[Skin.String(subtvshows.5.icon)]</thumb>
            <onclick>Skin.Reset(subtvshows.5.icon)</onclick>
            <onclick>Skin.SetImage(subtvshows.5.icon)</onclick>
            <visible>!stringcompare(Skin.String(subtvshows.5.path),Hidden)</visible>
            <visible>StringCompare(Container(9006).ListItem.Property(Submenu),TVShows)</visible>
        </item>
        <item>
            <label>$VAR[SubMenuTVShowsSix]</label>
            <icon>DefaultYear.png</icon>
            <thumb>$INFO[Skin.String(subtvshows.6.icon)]</thumb>
            <onclick>Skin.Reset(subtvshows.6.icon)</onclick>
            <onclick>Skin.SetImage(subtvshows.6.icon)</onclick>
            <visible>!stringcompare(Skin.String(subtvshows.6.path),Hidden)</visible>
            <visible>StringCompare(Container(9006).ListItem.Property(Submenu),TVShows)</visible>
        </item>
    </include>
    <include name="SubMenuMusicIcons">
        <item>
            <label>$VAR[SubMenuMusicOne]</label>
            <icon>DefaultMusicArtists.png</icon>
            <thumb>$INFO[Skin.String(submusic.1.icon)]</thumb>
            <onclick>Skin.Reset(submusic.1.icon)</onclick>
            <onclick>Skin.SetImage(submusic.1.icon)</onclick>
            <visible>Library.HasContent(Music) | !IsEmpty(Skin.String(submusic.1.path))</visible>
            <visible>!stringcompare(Skin.String(submusic.1.path),Hidden)</visible>
            <visible>StringCompare(Container(9006).ListItem.Property(Submenu),Music)</visible>
        </item>
        <item>
            <label>$VAR[SubMenuMusicTwo]</label>
            <icon>DefaultMusicAlbums.png</icon>
            <thumb>$INFO[Skin.String(submusic.2.icon)]</thumb>
            <onclick>Skin.Reset(submusic.2.icon)</onclick>
            <onclick>Skin.SetImage(submusic.2.icon)</onclick>
            <visible>Library.HasContent(Music) | !IsEmpty(Skin.String(submusic.2.path))</visible>
            <visible>!stringcompare(Skin.String(submusic.2.path),Hidden)</visible>
            <visible>StringCompare(Container(9006).ListItem.Property(Submenu),Music)</visible>
        </item>
        <item>
            <label>$VAR[SubMenuMusicThree]</label>
            <icon>DefaultPlaylist.png</icon>
            <thumb>$INFO[Skin.String(submusic.3.icon)]</thumb>
            <onclick>Skin.Reset(submusic.3.icon)</onclick>
            <onclick>Skin.SetImage(submusic.3.icon)</onclick>
            <visible>Library.HasContent(Music) | !IsEmpty(Skin.String(submusic.3.path))</visible>
            <visible>!stringcompare(Skin.String(submusic.3.path),Hidden)</visible>
            <visible>StringCompare(Container(9006).ListItem.Property(Submenu),Music)</visible>
        </item>
        <item>
            <label>$VAR[SubMenuMusicFour]</label>
            <icon>DefaultMusicCompilations.png</icon>
            <thumb>$INFO[Skin.String(submusic.4.icon)]</thumb>
            <onclick>Skin.Reset(submusic.4.icon)</onclick>
            <onclick>Skin.SetImage(submusic.4.icon)</onclick>
            <visible>!stringcompare(Skin.String(submusic.4.path),Hidden)</visible>
            <visible>StringCompare(Container(9006).ListItem.Property(Submenu),Music)</visible>
        </item>
        <item>
            <label>$VAR[SubMenuMusicFive]</label>
            <icon>DefaultMusicAlbums.png</icon>
            <thumb>$INFO[Skin.String(submusic.5.icon)]</thumb>
            <onclick>Skin.Reset(submusic.5.icon)</onclick>
            <onclick>Skin.SetImage(submusic.5.icon)</onclick>
            <visible>Library.HasContent(Music) | !IsEmpty(Skin.String(submusic.5.path))</visible>
            <visible>!stringcompare(Skin.String(submusic.5.path),Hidden)</visible>
            <visible>StringCompare(Container(9006).ListItem.Property(Submenu),Music)</visible>
        </item>
        <item>
            <label>$VAR[SubMenuMusicSix]</label>
            <icon>DefaultAddonMusic.png</icon>
            <thumb>$INFO[Skin.String(submusic.6.icon)]</thumb>
            <onclick>Skin.Reset(submusic.6.icon)</onclick>
            <onclick>Skin.SetImage(submusic.6.icon)</onclick>
            <visible>Library.HasContent(Music) | !IsEmpty(Skin.String(submusic.6.path))</visible>
            <visible>!stringcompare(Skin.String(submusic.6.path),Hidden)</visible>
            <visible>StringCompare(Container(9006).ListItem.Property(Submenu),Music)</visible>
        </item>
        <item>
            <label>$LOCALIZE[24001]</label>
            <icon>DefaultAddonMusic.png</icon>
            <thumb>$INFO[Skin.String(submusic.6.icon)]</thumb>
            <onclick>Skin.Reset(submusic.6.icon)</onclick>
            <onclick>Skin.SetImage(submusic.6.icon)</onclick>
            <visible>!Library.HasContent(Music) + IsEmpty(Skin.String(submusic.6.path))</visible>
            <visible>StringCompare(Container(9006).ListItem.Property(Submenu),Music)</visible>
        </item>
    </include>
    <include name="SubMenuSystemIcons">
        <item>
            <label>$VAR[SubMenuSystemOne]</label>
            <icon>DefaultAddonSkin.png</icon>
            <thumb>$INFO[Skin.String(subsystem.1.icon)]</thumb>
            <onclick>Skin.Reset(subsystem.1.icon)</onclick>
            <onclick>Skin.SetImage(subsystem.1.icon)</onclick>
            <visible>!stringcompare(Skin.String(subsystem.1.path),Hidden)</visible>
            <visible>StringCompare(Container(9006).ListItem.Property(Submenu),Settings)</visible>
        </item>
        <item>
            <label>$VAR[SubMenuSystemTwo]</label>
            <icon>DefaultScript.png</icon>
            <thumb>$INFO[Skin.String(subsystem.2.icon)]</thumb>
            <onclick>Skin.Reset(subsystem.2.icon)</onclick>
            <onclick>Skin.SetImage(subsystem.2.icon)</onclick>
            <visible>!IsEmpty(Skin.String(subsystem.2.path)) | System.HasAddon(os.openelec.settings) | System.HasAddon(service.openelec.settings) | System.HasAddon(script.raspbmc.settings)</visible>
            <visible>!stringcompare(Skin.String(subsystem.2.path),Hidden)</visible>
            <visible>StringCompare(Container(9006).ListItem.Property(Submenu),Settings)</visible>
        </item>
        <item>
            <label>$VAR[SubMenuSystemThree]</label>
            <icon>DefaultHardDisk.png</icon>
            <thumb>$INFO[Skin.String(subsystem.3.icon)]</thumb>
            <onclick>Skin.Reset(subsystem.3.icon)</onclick>
            <onclick>Skin.SetImage(subsystem.3.icon)</onclick>
            <visible>!stringcompare(Skin.String(subsystem.3.path),Hidden)</visible>
            <visible>StringCompare(Container(9006).ListItem.Property(Submenu),Settings)</visible>
        </item>
        <item>
            <label>$VAR[SubMenuSystemFour]</label>
            <icon>DefaultAddon.png</icon>
            <thumb>$INFO[Skin.String(subsystem.4.icon)]</thumb>
            <onclick>Skin.Reset(subsystem.4.icon)</onclick>
            <onclick>Skin.SetImage(subsystem.4.icon)</onclick>
            <visible>!stringcompare(Skin.String(subsystem.4.path),Hidden)</visible>
            <visible>StringCompare(Container(9006).ListItem.Property(Submenu),Settings)</visible>
        </item>
        <item>
            <label>$VAR[SubMenuSystemFive]</label>
            <icon>unknown-user.png</icon>
            <thumb>$INFO[Skin.String(subsystem.5.icon)]</thumb>
            <onclick>Skin.Reset(subsystem.5.icon)</onclick>
            <onclick>Skin.SetImage(subsystem.5.icon)</onclick>
            <visible>!stringcompare(Skin.String(subsystem.5.path),Hidden)</visible>
            <visible>StringCompare(Container(9006).ListItem.Property(Submenu),Settings)</visible>
        </item>
        <item>
            <label>$VAR[SubMenuSystemSix]</label>
            <icon>warning.png</icon>
            <thumb>$INFO[Skin.String(subsystem.6.icon)]</thumb>
            <onclick>Skin.Reset(subsystem.6.icon)</onclick>
            <onclick>Skin.SetImage(subsystem.6.icon)</onclick>
            <visible>!stringcompare(Skin.String(subsystem.6.path),Hidden)</visible>
            <visible>StringCompare(Container(9006).ListItem.Property(Submenu),Settings)</visible>
        </item>
    </include>
    <include name="SubMenuPicturesIcons">
        <item>
            <label>$VAR[SubMenuPicturesOne]</label>
            <icon>DefaultAddonPicture.png</icon>
            <thumb>$INFO[Skin.String(subpictures.1.icon)]</thumb>
            <onclick>Skin.Reset(subpictures.1.icon)</onclick>
            <onclick>Skin.SetImage(subpictures.1.icon)</onclick>
            <visible>!stringcompare(Skin.String(subpictures.1.path),Hidden)</visible>
            <visible>StringCompare(Container(9006).ListItem.Property(Submenu),Pictures)</visible>
        </item>
        <item>
            <label>$INFO[Skin.String(subpictures.2.label)]</label>
            <icon>DefaultShortcut.png</icon>
            <thumb>$INFO[Skin.String(subpictures.2.icon)]</thumb>
            <onclick>Skin.Reset(subpictures.2.icon)</onclick>
            <onclick>Skin.SetImage(subpictures.2.icon)</onclick>
            <visible>!IsEmpty(Skin.String(subpictures.2.path))</visible>
            <visible>StringCompare(Container(9006).ListItem.Property(Submenu),Pictures)</visible>
        </item>
        <item>
            <label>$INFO[Skin.String(subpictures.3.label)]</label>
            <icon>DefaultShortcut.png</icon>
            <thumb>$INFO[Skin.String(subpictures.3.icon)]</thumb>
            <onclick>Skin.Reset(subpictures.3.icon)</onclick>
            <onclick>Skin.SetImage(subpictures.3.icon)</onclick>
            <visible>!IsEmpty(Skin.String(subpictures.3.path))</visible>
            <visible>StringCompare(Container(9006).ListItem.Property(Submenu),Pictures)</visible>
        </item>
        <item>
            <label>$INFO[Skin.String(subpictures.4.label)]</label>
            <icon>DefaultShortcut.png</icon>
            <thumb>$INFO[Skin.String(subpictures.4.icon)]</thumb>
            <onclick>Skin.Reset(subpictures.4.icon)</onclick>
            <onclick>Skin.SetImage(subpictures.4.icon)</onclick>
            <visible>!IsEmpty(Skin.String(subpictures.4.path))</visible>
            <visible>StringCompare(Container(9006).ListItem.Property(Submenu),Pictures)</visible>
        </item>
        <item>
            <label>$INFO[Skin.String(subpictures.5.label)]</label>
            <icon>DefaultShortcut.png</icon>
            <thumb>$INFO[Skin.String(subpictures.5.icon)]</thumb>
            <onclick>Skin.Reset(subpictures.5.icon)</onclick>
            <onclick>Skin.SetImage(subpictures.5.icon)</onclick>
            <visible>!IsEmpty(Skin.String(subpictures.5.path))</visible>
            <visible>StringCompare(Container(9006).ListItem.Property(Submenu),Pictures)</visible>
        </item>
        <item>
            <label>$INFO[Skin.String(subpictures.6.label)]</label>
            <icon>DefaultShortcut.png</icon>
            <thumb>$INFO[Skin.String(subpictures.6.icon)]</thumb>
            <onclick>Skin.Reset(subpictures.6.icon)</onclick>
            <onclick>Skin.SetImage(subpictures.6.icon)</onclick>
            <visible>!IsEmpty(Skin.String(subpictures.6.path))</visible>
            <visible>StringCompare(Container(9006).ListItem.Property(Submenu),Pictures)</visible>
        </item>
    </include>
    <include name="SubMenuLiveTVIcons">LiveTV
		<item><label>$VAR[SubMenuLiveTVOne]</label><icon>DefaultShortcut.png</icon><thumb>$INFO[Skin.String(sublivetv.1.icon)]</thumb><onclick>Skin.Reset(sublivetv.1.icon)</onclick><onclick>Skin.SetImage(sublivetv.1.icon)</onclick><visible>System.GetBool(pvrmanager.enabled) | !IsEmpty(Skin.String(sublivetv.1.path))</visible><visible>!stringcompare(Skin.String(sublivetv.1.path),Hidden)</visible><visible>StringCompare(Container(9006).ListItem.Property(Submenu),LiveTV)</visible></item><item><label>$VAR[SubMenuLiveTVTwo]</label><icon>DefaultShortcut.png</icon><thumb>$INFO[Skin.String(sublivetv.2.icon)]</thumb><onclick>Skin.Reset(sublivetv.2.icon)</onclick><onclick>Skin.SetImage(sublivetv.2.icon)</onclick><visible>System.GetBool(pvrmanager.enabled) | !IsEmpty(Skin.String(sublivetv.2.path))</visible><visible>!stringcompare(Skin.String(sublivetv.2.path),Hidden)</visible><visible>StringCompare(Container(9006).ListItem.Property(Submenu),LiveTV)</visible></item><item><label>$VAR[SubMenuLiveTVThree]</label><icon>DefaultShortcut.png</icon><thumb>$INFO[Skin.String(sublivetv.3.icon)]</thumb><onclick>Skin.Reset(sublivetv.3.icon)</onclick><onclick>Skin.SetImage(sublivetv.3.icon)</onclick><visible>System.GetBool(pvrmanager.enabled) | !IsEmpty(Skin.String(sublivetv.3.path))</visible><visible>!stringcompare(Skin.String(sublivetv.3.path),Hidden)</visible><visible>StringCompare(Container(9006).ListItem.Property(Submenu),LiveTV)</visible></item><item><label>$VAR[SubMenuLiveTVFour]</label><icon>DefaultShortcut.png</icon><thumb>$INFO[Skin.String(sublivetv.4.icon)]</thumb><onclick>Skin.Reset(sublivetv.4.icon)</onclick><onclick>Skin.SetImage(sublivetv.4.icon)</onclick><visible>System.GetBool(pvrmanager.enabled) | !IsEmpty(Skin.String(sublivetv.4.path))</visible><visible>!stringcompare(Skin.String(sublivetv.4.path),Hidden)</visible><visible>StringCompare(Container(9006).ListItem.Property(Submenu),LiveTV)</visible></item><item><label>$VAR[SubMenuLiveTVFive]</label><icon>DefaultShortcut.png</icon><thumb>$INFO[Skin.String(sublivetv.5.icon)]</thumb><onclick>Skin.Reset(sublivetv.5.icon)</onclick><onclick>Skin.SetImage(sublivetv.5.icon)</onclick><visible>System.GetBool(pvrmanager.enabled) | !IsEmpty(Skin.String(sublivetv.5.path))</visible><visible>!stringcompare(Skin.String(sublivetv.5.path),Hidden)</visible><visible>StringCompare(Container(9006).ListItem.Property(Submenu),LiveTV)</visible></item><item><label>$INFO[Skin.String(sublivetv.6.label)]</label><icon>DefaultShortcut.png</icon><thumb>$INFO[Skin.String(sublivetv.6.icon)]</thumb><onclick>Skin.Reset(sublivetv.6.icon)</onclick><onclick>Skin.SetImage(sublivetv.6.icon)</onclick><visible>!IsEmpty(Skin.String(sublivetv.6.path))</visible><visible>StringCompare(Container(9006).ListItem.Property(Submenu),LiveTV)</visible></item></include>
    <include name="SubMenuConcertsIcons">
        <item>
            <label>$VAR[SubMenuConcertsOne]</label>
            <icon>DefaultShortcut.png</icon>
            <thumb>$INFO[Skin.String(subconcerts.1.icon)]</thumb>
            <onclick>Skin.Reset(subconcerts.1.icon)</onclick>
            <onclick>Skin.SetImage(subconcerts.1.icon)</onclick>
            <visible>!stringcompare(Skin.String(subconcerts.1.path),Hidden)</visible>
            <visible>StringCompare(Container(9006).ListItem.Property(Submenu),Concerts)</visible>
        </item>
        <item>
            <label>$VAR[SubMenuConcertsTwo]</label>
            <icon>DefaultShortcut.png</icon>
            <thumb>$INFO[Skin.String(subconcerts.2.icon)]</thumb>
            <onclick>Skin.Reset(subconcerts.2.icon)</onclick>
            <onclick>Skin.SetImage(subconcerts.2.icon)</onclick>
            <visible>!stringcompare(Skin.String(subconcerts.2.path),Hidden)</visible>
            <visible>StringCompare(Container(9006).ListItem.Property(Submenu),Concerts)</visible>
        </item>
        <item>
            <label>$VAR[SubMenuConcertsThree]</label>
            <icon>DefaultShortcut.png</icon>
            <thumb>$INFO[Skin.String(subconcerts.3.icon)]</thumb>
            <onclick>Skin.Reset(subconcerts.3.icon)</onclick>
            <onclick>Skin.SetImage(subconcerts.3.icon)</onclick>
            <visible>!stringcompare(Skin.String(subconcerts.3.path),Hidden)</visible>
            <visible>StringCompare(Container(9006).ListItem.Property(Submenu),Concerts)</visible>
        </item>
        <item>
            <label>$VAR[SubMenuConcertsFour]</label>
            <icon>DefaultShortcut.png</icon>
            <thumb>$INFO[Skin.String(subconcerts.4.icon)]</thumb>
            <onclick>Skin.Reset(subconcerts.4.icon)</onclick>
            <onclick>Skin.SetImage(subconcerts.4.icon)</onclick>
            <visible>!stringcompare(Skin.String(subconcerts.4.path),Hidden)</visible>
            <visible>StringCompare(Container(9006).ListItem.Property(Submenu),Concerts)</visible>
        </item>
        <item>
            <label>$VAR[SubMenuConcertsFive]</label>
            <icon>DefaultShortcut.png</icon>
            <thumb>$INFO[Skin.String(subconcerts.5.icon)]</thumb>
            <onclick>Skin.Reset(subconcerts.5.icon)</onclick>
            <onclick>Skin.SetImage(subconcerts.5.icon)</onclick>
            <visible>!stringcompare(Skin.String(subconcerts.5.path),Hidden)</visible>
            <visible>StringCompare(Container(9006).ListItem.Property(Submenu),Concerts)</visible>
        </item>
        <item>
            <label>$INFO[Skin.String(subconcerts.6.label)]</label>
            <icon>DefaultShortcut.png</icon>
            <thumb>$INFO[Skin.String(subconcerts.6.icon)]</thumb>
            <onclick>Skin.Reset(subconcerts.6.icon)</onclick>
            <onclick>Skin.SetImage(subconcerts.6.icon)</onclick>
            <visible>!IsEmpty(Skin.String(subconcerts.6.path))</visible>
            <visible>StringCompare(Container(9006).ListItem.Property(Submenu),Concerts)</visible>
        </item>
    </include>
    <include name="SubMenuUserOneIcons">
        <item>
            <label>$INFO[Skin.String(usersubone.1.label)]</label>
            <icon>DefaultShortcut.png</icon>
            <thumb>$INFO[Skin.String(usersubone.1.icon)]</thumb>
            <onclick>Skin.Reset(usersubone.1.icon)</onclick>
            <onclick>Skin.SetImage(usersubone.1.icon)</onclick>
            <visible>!IsEmpty(Skin.String(usersubone.1.path))</visible>
            <visible>StringCompare(Container(9006).ListItem.Property(Submenu),UserOne)</visible>
        </item>
        <item>
            <label>$INFO[Skin.String(usersubone.2.label)]</label>
            <icon>DefaultShortcut.png</icon>
            <thumb>$INFO[Skin.String(usersubone.2.icon)]</thumb>
            <onclick>Skin.Reset(usersubone.2.icon)</onclick>
            <onclick>Skin.SetImage(usersubone.2.icon)</onclick>
            <visible>!IsEmpty(Skin.String(usersubone.2.path))</visible>
            <visible>StringCompare(Container(9006).ListItem.Property(Submenu),UserOne)</visible>
        </item>
        <item>
            <label>$INFO[Skin.String(usersubone.3.label)]</label>
            <icon>DefaultShortcut.png</icon>
            <thumb>$INFO[Skin.String(usersubone.3.icon)]</thumb>
            <onclick>Skin.Reset(usersubone.3.icon)</onclick>
            <onclick>Skin.SetImage(usersubone.3.icon)</onclick>
            <visible>!IsEmpty(Skin.String(usersubone.3.path))</visible>
            <visible>StringCompare(Container(9006).ListItem.Property(Submenu),UserOne)</visible>
        </item>
        <item>
            <label>$INFO[Skin.String(usersubone.4.label)]</label>
            <icon>DefaultShortcut.png</icon>
            <thumb>$INFO[Skin.String(usersubone.4.icon)]</thumb>
            <onclick>Skin.Reset(usersubone.4.icon)</onclick>
            <onclick>Skin.SetImage(usersubone.4.icon)</onclick>
            <visible>!IsEmpty(Skin.String(usersubone.4.path))</visible>
            <visible>StringCompare(Container(9006).ListItem.Property(Submenu),UserOne)</visible>
        </item>
        <item>
            <label>$INFO[Skin.String(usersubone.5.label)]</label>
            <icon>DefaultShortcut.png</icon>
            <thumb>$INFO[Skin.String(usersubone.5.icon)]</thumb>
            <onclick>Skin.Reset(usersubone.5.icon)</onclick>
            <onclick>Skin.SetImage(usersubone.5.icon)</onclick>
            <visible>!IsEmpty(Skin.String(usersubone.5.path))</visible>
            <visible>StringCompare(Container(9006).ListItem.Property(Submenu),UserOne)</visible>
        </item>
        <item>
            <label>$INFO[Skin.String(usersubone.6.label)]</label>
            <icon>DefaultShortcut.png</icon>
            <thumb>$INFO[Skin.String(usersubone.6.icon)]</thumb>
            <onclick>Skin.Reset(usersubone.6.icon)</onclick>
            <onclick>Skin.SetImage(usersubone.6.icon)</onclick>
            <visible>!IsEmpty(Skin.String(usersubone.6.path))</visible>
            <visible>StringCompare(Container(9006).ListItem.Property(Submenu),UserOne)</visible>
        </item>
    </include>
    <include name="SubMenuUserTwoIcons">
        <item>
            <label>$INFO[Skin.String(usersubtwo.1.label)]</label>
            <icon>DefaultShortcut.png</icon>
            <thumb>$INFO[Skin.String(usersubtwo.1.icon)]</thumb>
            <onclick>Skin.Reset(usersubtwo.1.icon)</onclick>
            <onclick>Skin.SetImage(usersubtwo.1.icon)</onclick>
            <visible>!IsEmpty(Skin.String(usersubtwo.1.path))</visible>
            <visible>StringCompare(Container(9006).ListItem.Property(Submenu),UserTwo)</visible>
        </item>
        <item>
            <label>$INFO[Skin.String(usersubtwo.2.label)]</label>
            <icon>DefaultShortcut.png</icon>
            <thumb>$INFO[Skin.String(usersubtwo.2.icon)]</thumb>
            <onclick>Skin.Reset(usersubtwo.2.icon)</onclick>
            <onclick>Skin.SetImage(usersubtwo.2.icon)</onclick>
            <visible>!IsEmpty(Skin.String(usersubtwo.2.path))</visible>
            <visible>StringCompare(Container(9006).ListItem.Property(Submenu),UserTwo)</visible>
        </item>
        <item>
            <label>$INFO[Skin.String(usersubtwo.3.label)]</label>
            <icon>DefaultShortcut.png</icon>
            <thumb>$INFO[Skin.String(usersubtwo.3.icon)]</thumb>
            <onclick>Skin.Reset(usersubtwo.3.icon)</onclick>
            <onclick>Skin.SetImage(usersubtwo.3.icon)</onclick>
            <visible>!IsEmpty(Skin.String(usersubtwo.3.path))</visible>
            <visible>StringCompare(Container(9006).ListItem.Property(Submenu),UserTwo)</visible>
        </item>
        <item>
            <label>$INFO[Skin.String(usersubtwo.4.label)]</label>
            <icon>DefaultShortcut.png</icon>
            <thumb>$INFO[Skin.String(usersubtwo.4.icon)]</thumb>
            <onclick>Skin.Reset(usersubtwo.4.icon)</onclick>
            <onclick>Skin.SetImage(usersubtwo.4.icon)</onclick>
            <visible>!IsEmpty(Skin.String(usersubtwo.4.path))</visible>
            <visible>StringCompare(Container(9006).ListItem.Property(Submenu),UserTwo)</visible>
        </item>
        <item>
            <label>$INFO[Skin.String(usersubtwo.5.label)]</label>
            <icon>DefaultShortcut.png</icon>
            <thumb>$INFO[Skin.String(usersubtwo.5.icon)]</thumb>
            <onclick>Skin.Reset(usersubtwo.5.icon)</onclick>
            <onclick>Skin.SetImage(usersubtwo.5.icon)</onclick>
            <visible>!IsEmpty(Skin.String(usersubtwo.5.path))</visible>
            <visible>StringCompare(Container(9006).ListItem.Property(Submenu),UserTwo)</visible>
        </item>
        <item>
            <label>$INFO[Skin.String(usersubtwo.6.label)]</label>
            <icon>DefaultShortcut.png</icon>
            <thumb>$INFO[Skin.String(usersubtwo.6.icon)]</thumb>
            <onclick>Skin.Reset(usersubtwo.6.icon)</onclick>
            <onclick>Skin.SetImage(usersubtwo.6.icon)</onclick>
            <visible>!IsEmpty(Skin.String(usersubtwo.6.path))</visible>
            <visible>StringCompare(Container(9006).ListItem.Property(Submenu),UserTwo)</visible>
        </item>
    </include>
    <include name="SubMenuProgIcons">
        <item>
            <label>$INFO[Skin.String(subprog.1.label)]</label>
            <icon>DefaultShortcut.png</icon>
            <thumb>$INFO[Skin.String(subprog.1.icon)]</thumb>
            <onclick>Skin.Reset(subprog.1.icon)</onclick>
            <onclick>Skin.SetImage(subprog.1.icon)</onclick>
            <visible>!IsEmpty(Skin.String(subprog.1.path))</visible>
            <visible>StringCompare(Container(9006).ListItem.Property(Submenu),Programs)</visible>
        </item>
        <item>
            <label>$INFO[Skin.String(subprog.2.label)]</label>
            <icon>DefaultShortcut.png</icon>
            <thumb>$INFO[Skin.String(subprog.2.icon)]</thumb>
            <onclick>Skin.Reset(subprog.2.icon)</onclick>
            <onclick>Skin.SetImage(subprog.2.icon)</onclick>
            <visible>!IsEmpty(Skin.String(subprog.2.path))</visible>
            <visible>StringCompare(Container(9006).ListItem.Property(Submenu),Programs)</visible>
        </item>
        <item>
            <label>$INFO[Skin.String(subprog.3.label)]</label>
            <icon>DefaultShortcut.png</icon>
            <thumb>$INFO[Skin.String(subprog.3.icon)]</thumb>
            <onclick>Skin.Reset(subprog.3.icon)</onclick>
            <onclick>Skin.SetImage(subprog.3.icon)</onclick>
            <visible>!IsEmpty(Skin.String(subprog.3.path))</visible>
            <visible>StringCompare(Container(9006).ListItem.Property(Submenu),Programs)</visible>
        </item>
        <item>
            <label>$INFO[Skin.String(subprog.4.label)]</label>
            <icon>DefaultShortcut.png</icon>
            <thumb>$INFO[Skin.String(subprog.4.icon)]</thumb>
            <onclick>Skin.Reset(subprog.4.icon)</onclick>
            <onclick>Skin.SetImage(subprog.4.icon)</onclick>
            <visible>!IsEmpty(Skin.String(subprog.4.path))</visible>
            <visible>StringCompare(Container(9006).ListItem.Property(Submenu),Programs)</visible>
        </item>
        <item>
            <label>$INFO[Skin.String(subprog.5.label)]</label>
            <icon>DefaultShortcut.png</icon>
            <thumb>$INFO[Skin.String(subprog.5.icon)]</thumb>
            <onclick>Skin.Reset(subprog.5.icon)</onclick>
            <onclick>Skin.SetImage(subprog.5.icon)</onclick>
            <visible>!IsEmpty(Skin.String(subprog.5.path))</visible>
            <visible>StringCompare(Container(9006).ListItem.Property(Submenu),Programs)</visible>
        </item>
        <item>
            <label>$INFO[Skin.String(subprog.6.label)]</label>
            <icon>DefaultShortcut.png</icon>
            <thumb>$INFO[Skin.String(subprog.6.icon)]</thumb>
            <onclick>Skin.Reset(subprog.6.icon)</onclick>
            <onclick>Skin.SetImage(subprog.6.icon)</onclick>
            <visible>!IsEmpty(Skin.String(subprog.6.path))</visible>
            <visible>StringCompare(Container(9006).ListItem.Property(Submenu),Programs)</visible>
        </item>
    </include>
    <include name="SubMenuUserThreeIcons">
        <item>
            <label>$INFO[Skin.String(usersubthree.1.label)]</label>
            <icon>DefaultShortcut.png</icon>
            <thumb>$INFO[Skin.String(usersubthree.1.icon)]</thumb>
            <onclick>Skin.Reset(usersubthree.1.icon)</onclick>
            <onclick>Skin.SetImage(usersubthree.1.icon)</onclick>
            <visible>!IsEmpty(Skin.String(usersubthree.1.path))</visible>
            <visible>StringCompare(Container(9006).ListItem.Property(Submenu),UserThree)</visible>
        </item>
        <item>
            <label>$INFO[Skin.String(usersubthree.2.label)]</label>
            <icon>DefaultShortcut.png</icon>
            <thumb>$INFO[Skin.String(usersubthree.2.icon)]</thumb>
            <onclick>Skin.Reset(usersubthree.2.icon)</onclick>
            <onclick>Skin.SetImage(usersubthree.2.icon)</onclick>
            <visible>!IsEmpty(Skin.String(usersubthree.2.path))</visible>
            <visible>StringCompare(Container(9006).ListItem.Property(Submenu),UserThree)</visible>
        </item>
        <item>
            <label>$INFO[Skin.String(usersubthree.3.label)]</label>
            <icon>DefaultShortcut.png</icon>
            <thumb>$INFO[Skin.String(usersubthree.3.icon)]</thumb>
            <onclick>Skin.Reset(usersubthree.3.icon)</onclick>
            <onclick>Skin.SetImage(usersubthree.3.icon)</onclick>
            <visible>!IsEmpty(Skin.String(usersubthree.3.path))</visible>
            <visible>StringCompare(Container(9006).ListItem.Property(Submenu),UserThree)</visible>
        </item>
        <item>
            <label>$INFO[Skin.String(usersubthree.4.label)]</label>
            <icon>DefaultShortcut.png</icon>
            <thumb>$INFO[Skin.String(usersubthree.4.icon)]</thumb>
            <onclick>Skin.Reset(usersubthree.4.icon)</onclick>
            <onclick>Skin.SetImage(usersubthree.4.icon)</onclick>
            <visible>!IsEmpty(Skin.String(usersubthree.4.path))</visible>
            <visible>StringCompare(Container(9006).ListItem.Property(Submenu),UserThree)</visible>
        </item>
        <item>
            <label>$INFO[Skin.String(usersubthree.5.label)]</label>
            <icon>DefaultShortcut.png</icon>
            <thumb>$INFO[Skin.String(usersubthree.5.icon)]</thumb>
            <onclick>Skin.Reset(usersubthree.5.icon)</onclick>
            <onclick>Skin.SetImage(usersubthree.5.icon)</onclick>
            <visible>!IsEmpty(Skin.String(usersubthree.5.path))</visible>
            <visible>StringCompare(Container(9006).ListItem.Property(Submenu),UserThree)</visible>
        </item>
        <item>
            <label>$INFO[Skin.String(usersubthree.6.label)]</label>
            <icon>DefaultShortcut.png</icon>
            <thumb>$INFO[Skin.String(usersubthree.6.icon)]</thumb>
            <onclick>Skin.Reset(usersubthree.6.icon)</onclick>
            <onclick>Skin.SetImage(usersubthree.6.icon)</onclick>
            <visible>!IsEmpty(Skin.String(usersubthree.6.path))</visible>
            <visible>StringCompare(Container(9006).ListItem.Property(Submenu),UserThree)</visible>
        </item>
    </include>
    <include name="SubMenuExitIcons">
        <item>
            <label>$VAR[SubMenuExitOne]</label>
            <icon>DefaultShortcut.png</icon>
            <thumb>$INFO[Skin.String(subexit.1.icon)]</thumb>
            <onclick>Skin.Reset(subexit.1.icon)</onclick>
            <onclick>Skin.SetImage(subexit.1.icon)</onclick>
            <visible>!stringcompare(Skin.String(subexit.1.path),Hidden)</visible>
            <visible>StringCompare(Container(9006).ListItem.Property(Submenu),Shutdown)</visible>
        </item>
        <item>
            <label>$VAR[SubMenuExitTwo]</label>
            <icon>DefaultShortcut.png</icon>
            <thumb>$INFO[Skin.String(subexit.2.icon)]</thumb>
            <onclick>Skin.Reset(subexit.2.icon)</onclick>
            <onclick>Skin.SetImage(subexit.2.icon)</onclick>
            <visible>!stringcompare(Skin.String(subexit.2.path),Hidden)</visible>
            <visible>StringCompare(Container(9006).ListItem.Property(Submenu),Shutdown)</visible>
        </item>
        <item>
            <label>$VAR[SubMenuExitThree]</label>
            <icon>DefaultShortcut.png</icon>
            <thumb>$INFO[Skin.String(subexit.3.icon)]</thumb>
            <onclick>Skin.Reset(subexit.3.icon)</onclick>
            <onclick>Skin.SetImage(subexit.3.icon)</onclick>
            <visible>!stringcompare(Skin.String(subexit.3.path),Hidden)</visible>
            <visible>StringCompare(Container(9006).ListItem.Property(Submenu),Shutdown)</visible>
        </item>
        <item>
            <label>$VAR[SubMenuExitFour]</label>
            <icon>DefaultShortcut.png</icon>
            <thumb>$INFO[Skin.String(subexit.4.icon)]</thumb>
            <onclick>Skin.Reset(subexit.4.icon)</onclick>
            <onclick>Skin.SetImage(subexit.4.icon)</onclick>
            <visible>!stringcompare(Skin.String(subexit.4.path),Hidden)</visible>
            <visible>StringCompare(Container(9006).ListItem.Property(Submenu),Shutdown)</visible>
        </item>
        <item>
            <label>$VAR[SubMenuExitFive]</label>
            <icon>DefaultShortcut.png</icon>
            <thumb>$INFO[Skin.String(subexit.5.icon)]</thumb>
            <onclick>Skin.Reset(subexit.5.icon)</onclick>
            <onclick>Skin.SetImage(subexit.5.icon)</onclick>
            <visible>Library.HasContent(Video) | !IsEmpty(Skin.String(subexit.5.path))</visible>
            <visible>!stringcompare(Skin.String(subexit.5.path),Hidden)</visible>
            <visible>StringCompare(Container(9006).ListItem.Property(Submenu),Shutdown)</visible>
        </item>
        <item>
            <label>$VAR[SubMenuExitSix]</label>
            <icon>DefaultShortcut.png</icon>
            <thumb>$INFO[Skin.String(subexit.6.icon)]</thumb>
            <onclick>Skin.Reset(subexit.6.icon)</onclick>
            <onclick>Skin.SetImage(subexit.6.icon)</onclick>
            <visible>!stringcompare(Skin.String(subexit.6.path),Hidden)</visible>
            <visible>StringCompare(Container(9006).ListItem.Property(Submenu),Shutdown)</visible>
        </item>
    </include>
    <include name="AddonSetOneIcons">
        <item>
            <label>$INFO[Skin.String(addonsetone.1.label)]</label>
            <icon>DefaultAddon.png</icon>
            <thumb>$INFO[Skin.String(addonsetone.1.icon)]</thumb>
            <onclick>Skin.Reset(addonsetone.1.icon)</onclick>
            <onclick>Skin.SetImage(addonsetone.1.icon)</onclick>
            <visible>!IsEmpty(Skin.String(addonsetone.1.path))</visible>
            <visible>StringCompare(Container(9006).ListItem.Property(Addon),addonsetone)</visible>
        </item>
        <item>
            <label>$INFO[Skin.String(addonsetone.2.label)]</label>
            <icon>DefaultAddon.png</icon>
            <thumb>$INFO[Skin.String(addonsetone.2.icon)]</thumb>
            <onclick>Skin.Reset(addonsetone.2.icon)</onclick>
            <onclick>Skin.SetImage(addonsetone.2.icon)</onclick>
            <visible>!IsEmpty(Skin.String(addonsetone.2.path))</visible>
            <visible>StringCompare(Container(9006).ListItem.Property(Addon),addonsetone)</visible>
        </item>
        <item>
            <label>$INFO[Skin.String(addonsetone.3.label)]</label>
            <icon>DefaultAddon.png</icon>
            <thumb>$INFO[Skin.String(addonsetone.3.icon)]</thumb>
            <onclick>Skin.Reset(addonsetone.3.icon)</onclick>
            <onclick>Skin.SetImage(addonsetone.3.icon)</onclick>
            <visible>!IsEmpty(Skin.String(addonsetone.3.path))</visible>
            <visible>StringCompare(Container(9006).ListItem.Property(Addon),addonsetone)</visible>
        </item>
        <item>
            <label>$INFO[Skin.String(addonsetone.4.label)]</label>
            <icon>DefaultAddon.png</icon>
            <thumb>$INFO[Skin.String(addonsetone.4.icon)]</thumb>
            <onclick>Skin.Reset(addonsetone.4.icon)</onclick>
            <onclick>Skin.SetImage(addonsetone.4.icon)</onclick>
            <visible>!IsEmpty(Skin.String(addonsetone.4.path))</visible>
            <visible>StringCompare(Container(9006).ListItem.Property(Addon),addonsetone)</visible>
        </item>
        <item>
            <label>$INFO[Skin.String(addonsetone.5.label)]</label>
            <icon>DefaultAddon.png</icon>
            <thumb>$INFO[Skin.String(addonsetone.5.icon)]</thumb>
            <onclick>Skin.Reset(addonsetone.5.icon)</onclick>
            <onclick>Skin.SetImage(addonsetone.5.icon)</onclick>
            <visible>!IsEmpty(Skin.String(addonsetone.5.path))</visible>
            <visible>StringCompare(Container(9006).ListItem.Property(Addon),addonsetone)</visible>
        </item>
    </include>
    <include name="AddonSetTwoIcons">
        <item>
            <label>$INFO[Skin.String(addonsettwo.1.label)]</label>
            <icon>DefaultAddon.png</icon>
            <thumb>$INFO[Skin.String(addonsettwo.1.icon)]</thumb>
            <onclick>Skin.Reset(addonsettwo.1.icon)</onclick>
            <onclick>Skin.SetImage(addonsettwo.1.icon)</onclick>
            <visible>!IsEmpty(Skin.String(addonsettwo.1.path))</visible>
            <visible>StringCompare(Container(9006).ListItem.Property(Addon),addonsettwo)</visible>
        </item>
        <item>
            <label>$INFO[Skin.String(addonsettwo.2.label)]</label>
            <icon>DefaultAddon.png</icon>
            <thumb>$INFO[Skin.String(addonsettwo.2.icon)]</thumb>
            <onclick>Skin.Reset(addonsettwo.2.icon)</onclick>
            <onclick>Skin.SetImage(addonsettwo.2.icon)</onclick>
            <visible>!IsEmpty(Skin.String(addonsettwo.2.path))</visible>
            <visible>StringCompare(Container(9006).ListItem.Property(Addon),addonsettwo)</visible>
        </item>
        <item>
            <label>$INFO[Skin.String(addonsettwo.3.label)]</label>
            <icon>DefaultAddon.png</icon>
            <thumb>$INFO[Skin.String(addonsettwo.3.icon)]</thumb>
            <onclick>Skin.Reset(addonsettwo.3.icon)</onclick>
            <onclick>Skin.SetImage(addonsettwo.3.icon)</onclick>
            <visible>!IsEmpty(Skin.String(addonsettwo.3.path))</visible>
            <visible>StringCompare(Container(9006).ListItem.Property(Addon),addonsettwo)</visible>
        </item>
        <item>
            <label>$INFO[Skin.String(addonsettwo.4.label)]</label>
            <icon>DefaultAddon.png</icon>
            <thumb>$INFO[Skin.String(addonsettwo.4.icon)]</thumb>
            <onclick>Skin.Reset(addonsettwo.4.icon)</onclick>
            <onclick>Skin.SetImage(addonsettwo.4.icon)</onclick>
            <visible>!IsEmpty(Skin.String(addonsettwo.4.path))</visible>
            <visible>StringCompare(Container(9006).ListItem.Property(Addon),addonsettwo)</visible>
        </item>
        <item>
            <label>$INFO[Skin.String(addonsettwo.5.label)]</label>
            <icon>DefaultAddon.png</icon>
            <thumb>$INFO[Skin.String(addonsettwo.5.icon)]</thumb>
            <onclick>Skin.Reset(addonsettwo.5.icon)</onclick>
            <onclick>Skin.SetImage(addonsettwo.5.icon)</onclick>
            <visible>!IsEmpty(Skin.String(addonsettwo.5.path))</visible>
            <visible>StringCompare(Container(9006).ListItem.Property(Addon),addonsettwo)</visible>
        </item>
    </include>
    <include name="AddonSetThreeIcons">
        <item>
            <label>$INFO[Skin.String(addonsetthree.1.label)]</label>
            <icon>DefaultAddon.png</icon>
            <thumb>$INFO[Skin.String(addonsetthree.1.icon)]</thumb>
            <onclick>Skin.Reset(addonsetthree.1.icon)</onclick>
            <onclick>Skin.SetImage(addonsetthree.1.icon)</onclick>
            <visible>!IsEmpty(Skin.String(addonsetthree.1.path))</visible>
            <visible>StringCompare(Container(9006).ListItem.Property(Addon),addonsetthree)</visible>
        </item>
        <item>
            <label>$INFO[Skin.String(addonsetthree.2.label)]</label>
            <icon>DefaultAddon.png</icon>
            <thumb>$INFO[Skin.String(addonsetthree.2.icon)]</thumb>
            <onclick>Skin.Reset(addonsetthree.2.icon)</onclick>
            <onclick>Skin.SetImage(addonsetthree.2.icon)</onclick>
            <visible>!IsEmpty(Skin.String(addonsetthree.2.path))</visible>
            <visible>StringCompare(Container(9006).ListItem.Property(Addon),addonsetthree)</visible>
        </item>
        <item>
            <label>$INFO[Skin.String(addonsetthree.3.label)]</label>
            <icon>DefaultAddon.png</icon>
            <thumb>$INFO[Skin.String(addonsetthree.3.icon)]</thumb>
            <onclick>Skin.Reset(addonsetthree.3.icon)</onclick>
            <onclick>Skin.SetImage(addonsetthree.3.icon)</onclick>
            <visible>!IsEmpty(Skin.String(addonsetthree.3.path))</visible>
            <visible>StringCompare(Container(9006).ListItem.Property(Addon),addonsetthree)</visible>
        </item>
        <item>
            <label>$INFO[Skin.String(addonsetthree.4.label)]</label>
            <icon>DefaultAddon.png</icon>
            <thumb>$INFO[Skin.String(addonsetthree.4.icon)]</thumb>
            <onclick>Skin.Reset(addonsetthree.4.icon)</onclick>
            <onclick>Skin.SetImage(addonsetthree.4.icon)</onclick>
            <visible>!IsEmpty(Skin.String(addonsetthree.4.path))</visible>
            <visible>StringCompare(Container(9006).ListItem.Property(Addon),addonsetthree)</visible>
        </item>
        <item>
            <label>$INFO[Skin.String(addonsetthree.5.label)]</label>
            <icon>DefaultAddon.png</icon>
            <thumb>$INFO[Skin.String(addonsetthree.5.icon)]</thumb>
            <onclick>Skin.Reset(addonsetthree.5.icon)</onclick>
            <onclick>Skin.SetImage(addonsetthree.5.icon)</onclick>
            <visible>!IsEmpty(Skin.String(addonsetthree.5.path))</visible>
            <visible>StringCompare(Container(9006).ListItem.Property(Addon),addonsetthree)</visible>
        </item>
    </include>
    <include name="AddonSetFourIcons">
        <item>
            <label>$INFO[Skin.String(addonsetfour.1.label)]</label>
            <icon>DefaultAddon.png</icon>
            <thumb>$INFO[Skin.String(addonsetfour.1.icon)]</thumb>
            <onclick>Skin.Reset(addonsetfour.1.icon)</onclick>
            <onclick>Skin.SetImage(addonsetfour.1.icon)</onclick>
            <visible>!IsEmpty(Skin.String(addonsetfour.1.path))</visible>
            <visible>StringCompare(Container(9006).ListItem.Property(Addon),addonsetfour)</visible>
        </item>
        <item>
            <label>$INFO[Skin.String(addonsetfour.2.label)]</label>
            <icon>DefaultAddon.png</icon>
            <thumb>$INFO[Skin.String(addonsetfour.2.icon)]</thumb>
            <onclick>Skin.Reset(addonsetfour.2.icon)</onclick>
            <onclick>Skin.SetImage(addonsetfour.2.icon)</onclick>
            <visible>!IsEmpty(Skin.String(addonsetfour.2.path))</visible>
            <visible>StringCompare(Container(9006).ListItem.Property(Addon),addonsetfour)</visible>
        </item>
        <item>
            <label>$INFO[Skin.String(addonsetfour.3.label)]</label>
            <icon>DefaultAddon.png</icon>
            <thumb>$INFO[Skin.String(addonsetfour.3.icon)]</thumb>
            <onclick>Skin.Reset(addonsetfour.3.icon)</onclick>
            <onclick>Skin.SetImage(addonsetfour.3.icon)</onclick>
            <visible>!IsEmpty(Skin.String(addonsetfour.3.path))</visible>
            <visible>StringCompare(Container(9006).ListItem.Property(Addon),addonsetfour)</visible>
        </item>
        <item>
            <label>$INFO[Skin.String(addonsetfour.4.label)]</label>
            <icon>DefaultAddon.png</icon>
            <thumb>$INFO[Skin.String(addonsetfour.4.icon)]</thumb>
            <onclick>Skin.Reset(addonsetfour.4.icon)</onclick>
            <onclick>Skin.SetImage(addonsetfour.4.icon)</onclick>
            <visible>!IsEmpty(Skin.String(addonsetfour.4.path))</visible>
            <visible>StringCompare(Container(9006).ListItem.Property(Addon),addonsetfour)</visible>
        </item>
        <item>
            <label>$INFO[Skin.String(addonsetfour.5.label)]</label>
            <icon>DefaultAddon.png</icon>
            <thumb>$INFO[Skin.String(addonsetfour.5.icon)]</thumb>
            <onclick>Skin.Reset(addonsetfour.5.icon)</onclick>
            <onclick>Skin.SetImage(addonsetfour.5.icon)</onclick>
            <visible>!IsEmpty(Skin.String(addonsetfour.5.path))</visible>
            <visible>StringCompare(Container(9006).ListItem.Property(Addon),addonsetfour)</visible>
        </item>
    </include>
    <include name="AddonSetFiveIcons">
        <item>
            <label>$INFO[Skin.String(addonsetfive.1.label)]</label>
            <icon>DefaultAddon.png</icon>
            <thumb>$INFO[Skin.String(addonsetfive.1.icon)]</thumb>
            <onclick>Skin.Reset(addonsetfive.1.icon)</onclick>
            <onclick>Skin.SetImage(addonsetfive.1.icon)</onclick>
            <visible>!IsEmpty(Skin.String(addonsetfive.1.path))</visible>
            <visible>StringCompare(Container(9006).ListItem.Property(Addon),addonsetfive)</visible>
        </item>
        <item>
            <label>$INFO[Skin.String(addonsetfive.2.label)]</label>
            <icon>DefaultAddon.png</icon>
            <thumb>$INFO[Skin.String(addonsetfive.2.icon)]</thumb>
            <onclick>Skin.Reset(addonsetfive.2.icon)</onclick>
            <onclick>Skin.SetImage(addonsetfive.2.icon)</onclick>
            <visible>!IsEmpty(Skin.String(addonsetfive.2.path))</visible>
            <visible>StringCompare(Container(9006).ListItem.Property(Addon),addonsetfive)</visible>
        </item>
        <item>
            <label>$INFO[Skin.String(addonsetfive.3.label)]</label>
            <icon>DefaultAddon.png</icon>
            <thumb>$INFO[Skin.String(addonsetfive.3.icon)]</thumb>
            <onclick>Skin.Reset(addonsetfive.3.icon)</onclick>
            <onclick>Skin.SetImage(addonsetfive.3.icon)</onclick>
            <visible>!IsEmpty(Skin.String(addonsetfive.3.path))</visible>
            <visible>StringCompare(Container(9006).ListItem.Property(Addon),addonsetfive)</visible>
        </item>
        <item>
            <label>$INFO[Skin.String(addonsetfive.4.label)]</label>
            <icon>DefaultAddon.png</icon>
            <thumb>$INFO[Skin.String(addonsetfive.4.icon)]</thumb>
            <onclick>Skin.Reset(addonsetfive.4.icon)</onclick>
            <onclick>Skin.SetImage(addonsetfive.4.icon)</onclick>
            <visible>!IsEmpty(Skin.String(addonsetfive.4.path))</visible>
            <visible>StringCompare(Container(9006).ListItem.Property(Addon),addonsetfive)</visible>
        </item>
        <item>
            <label>$INFO[Skin.String(addonsetfive.5.label)]</label>
            <icon>DefaultAddon.png</icon>
            <thumb>$INFO[Skin.String(addonsetfive.5.icon)]</thumb>
            <onclick>Skin.Reset(addonsetfive.5.icon)</onclick>
            <onclick>Skin.SetImage(addonsetfive.5.icon)</onclick>
            <visible>!IsEmpty(Skin.String(addonsetfive.5.path))</visible>
            <visible>StringCompare(Container(9006).ListItem.Property(Addon),addonsetfive)</visible>
        </item>
    </include>
    <include name="AddonSetSixIcons">
        <item>
            <label>$INFO[Skin.String(addonsetsix.1.label)]</label>
            <icon>DefaultAddon.png</icon>
            <thumb>$INFO[Skin.String(addonsetsix.1.icon)]</thumb>
            <onclick>Skin.Reset(addonsetsix.1.icon)</onclick>
            <onclick>Skin.SetImage(addonsetsix.1.icon)</onclick>
            <visible>!IsEmpty(Skin.String(addonsetsix.1.path))</visible>
            <visible>StringCompare(Container(9006).ListItem.Property(Addon),addonsetsix)</visible>
        </item>
        <item>
            <label>$INFO[Skin.String(addonsetsix.2.label)]</label>
            <icon>DefaultAddon.png</icon>
            <thumb>$INFO[Skin.String(addonsetsix.2.icon)]</thumb>
            <onclick>Skin.Reset(addonsetsix.2.icon)</onclick>
            <onclick>Skin.SetImage(addonsetsix.2.icon)</onclick>
            <visible>!IsEmpty(Skin.String(addonsetsix.2.path))</visible>
            <visible>StringCompare(Container(9006).ListItem.Property(Addon),addonsetsix)</visible>
        </item>
        <item>
            <label>$INFO[Skin.String(addonsetsix.3.label)]</label>
            <icon>DefaultAddon.png</icon>
            <thumb>$INFO[Skin.String(addonsetsix.3.icon)]</thumb>
            <onclick>Skin.Reset(addonsetsix.3.icon)</onclick>
            <onclick>Skin.SetImage(addonsetsix.3.icon)</onclick>
            <visible>!IsEmpty(Skin.String(addonsetsix.3.path))</visible>
            <visible>StringCompare(Container(9006).ListItem.Property(Addon),addonsetsix)</visible>
        </item>
        <item>
            <label>$INFO[Skin.String(addonsetsix.4.label)]</label>
            <icon>DefaultAddon.png</icon>
            <thumb>$INFO[Skin.String(addonsetsix.4.icon)]</thumb>
            <onclick>Skin.Reset(addonsetsix.4.icon)</onclick>
            <onclick>Skin.SetImage(addonsetsix.4.icon)</onclick>
            <visible>!IsEmpty(Skin.String(addonsetsix.4.path))</visible>
            <visible>StringCompare(Container(9006).ListItem.Property(Addon),addonsetsix)</visible>
        </item>
        <item>
            <label>$INFO[Skin.String(addonsetsix.5.label)]</label>
            <icon>DefaultAddon.png</icon>
            <thumb>$INFO[Skin.String(addonsetsix.5.icon)]</thumb>
            <onclick>Skin.Reset(addonsetsix.5.icon)</onclick>
            <onclick>Skin.SetImage(addonsetsix.5.icon)</onclick>
            <visible>!IsEmpty(Skin.String(addonsetsix.5.path))</visible>
            <visible>StringCompare(Container(9006).ListItem.Property(Addon),addonsetsix)</visible>
        </item>
    </include>
    <include name="AddonSetSevenIcons">
        <item>
            <label>$INFO[Skin.String(addonsetseven.1.label)]</label>
            <icon>DefaultAddon.png</icon>
            <thumb>$INFO[Skin.String(addonsetseven.1.icon)]</thumb>
            <onclick>Skin.Reset(addonsetseven.1.icon)</onclick>
            <onclick>Skin.SetImage(addonsetseven.1.icon)</onclick>
            <visible>!IsEmpty(Skin.String(addonsetseven.1.path))</visible>
            <visible>StringCompare(Container(9006).ListItem.Property(Addon),addonsetseven)</visible>
        </item>
        <item>
            <label>$INFO[Skin.String(addonsetseven.2.label)]</label>
            <icon>DefaultAddon.png</icon>
            <thumb>$INFO[Skin.String(addonsetseven.2.icon)]</thumb>
            <onclick>Skin.Reset(addonsetseven.2.icon)</onclick>
            <onclick>Skin.SetImage(addonsetseven.2.icon)</onclick>
            <visible>!IsEmpty(Skin.String(addonsetseven.2.path))</visible>
            <visible>StringCompare(Container(9006).ListItem.Property(Addon),addonsetseven)</visible>
        </item>
        <item>
            <label>$INFO[Skin.String(addonsetseven.3.label)]</label>
            <icon>DefaultAddon.png</icon>
            <thumb>$INFO[Skin.String(addonsetseven.3.icon)]</thumb>
            <onclick>Skin.Reset(addonsetseven.3.icon)</onclick>
            <onclick>Skin.SetImage(addonsetseven.3.icon)</onclick>
            <visible>!IsEmpty(Skin.String(addonsetseven.3.path))</visible>
            <visible>StringCompare(Container(9006).ListItem.Property(Addon),addonsetseven)</visible>
        </item>
        <item>
            <label>$INFO[Skin.String(addonsetseven.4.label)]</label>
            <icon>DefaultAddon.png</icon>
            <thumb>$INFO[Skin.String(addonsetseven.4.icon)]</thumb>
            <onclick>Skin.Reset(addonsetseven.4.icon)</onclick>
            <onclick>Skin.SetImage(addonsetseven.4.icon)</onclick>
            <visible>!IsEmpty(Skin.String(addonsetseven.4.path))</visible>
            <visible>StringCompare(Container(9006).ListItem.Property(Addon),addonsetseven)</visible>
        </item>
        <item>
            <label>$INFO[Skin.String(addonsetseven.5.label)]</label>
            <icon>DefaultAddon.png</icon>
            <thumb>$INFO[Skin.String(addonsetseven.5.icon)]</thumb>
            <onclick>Skin.Reset(addonsetseven.5.icon)</onclick>
            <onclick>Skin.SetImage(addonsetseven.5.icon)</onclick>
            <visible>!IsEmpty(Skin.String(addonsetseven.5.path))</visible>
            <visible>StringCompare(Container(9006).ListItem.Property(Addon),addonsetseven)</visible>
        </item>
    </include>
    <include name="AddonSetEightIcons">
        <item>
            <label>$INFO[Skin.String(addonseteight.1.label)]</label>
            <icon>DefaultAddon.png</icon>
            <thumb>$INFO[Skin.String(addonseteight.1.icon)]</thumb>
            <onclick>Skin.Reset(addonseteight.1.icon)</onclick>
            <onclick>Skin.SetImage(addonseteight.1.icon)</onclick>
            <visible>!IsEmpty(Skin.String(addonseteight.1.path))</visible>
            <visible>StringCompare(Container(9006).ListItem.Property(Addon),addonseteight)</visible>
        </item>
        <item>
            <label>$INFO[Skin.String(addonseteight.2.label)]</label>
            <icon>DefaultAddon.png</icon>
            <thumb>$INFO[Skin.String(addonseteight.2.icon)]</thumb>
            <onclick>Skin.Reset(addonseteight.2.icon)</onclick>
            <onclick>Skin.SetImage(addonseteight.2.icon)</onclick>
            <visible>!IsEmpty(Skin.String(addonseteight.2.path))</visible>
            <visible>StringCompare(Container(9006).ListItem.Property(Addon),addonseteight)</visible>
        </item>
        <item>
            <label>$INFO[Skin.String(addonseteight.3.label)]</label>
            <icon>DefaultAddon.png</icon>
            <thumb>$INFO[Skin.String(addonseteight.3.icon)]</thumb>
            <onclick>Skin.Reset(addonseteight.3.icon)</onclick>
            <onclick>Skin.SetImage(addonseteight.3.icon)</onclick>
            <visible>!IsEmpty(Skin.String(addonseteight.3.path))</visible>
            <visible>StringCompare(Container(9006).ListItem.Property(Addon),addonseteight)</visible>
        </item>
        <item>
            <label>$INFO[Skin.String(addonseteight.4.label)]</label>
            <icon>DefaultAddon.png</icon>
            <thumb>$INFO[Skin.String(addonseteight.4.icon)]</thumb>
            <onclick>Skin.Reset(addonseteight.4.icon)</onclick>
            <onclick>Skin.SetImage(addonseteight.4.icon)</onclick>
            <visible>!IsEmpty(Skin.String(addonseteight.4.path))</visible>
            <visible>StringCompare(Container(9006).ListItem.Property(Addon),addonseteight)</visible>
        </item>
        <item>
            <label>$INFO[Skin.String(addonseteight.5.label)]</label>
            <icon>DefaultAddon.png</icon>
            <thumb>$INFO[Skin.String(addonseteight.5.icon)]</thumb>
            <onclick>Skin.Reset(addonseteight.5.icon)</onclick>
            <onclick>Skin.SetImage(addonseteight.5.icon)</onclick>
            <visible>!IsEmpty(Skin.String(addonseteight.5.path))</visible>
            <visible>StringCompare(Container(9006).ListItem.Property(Addon),addonseteight)</visible>
        </item>
    </include>
    <include name="AddonSetNineIcons">
        <item>
            <label>$INFO[Skin.String(addonsetnine.1.label)]</label>
            <icon>DefaultAddon.png</icon>
            <thumb>$INFO[Skin.String(addonsetnine.1.icon)]</thumb>
            <onclick>Skin.Reset(addonsetnine.1.icon)</onclick>
            <onclick>Skin.SetImage(addonsetnine.1.icon)</onclick>
            <visible>!IsEmpty(Skin.String(addonsetnine.1.path))</visible>
            <visible>StringCompare(Container(9006).ListItem.Property(Addon),addonsetnine)</visible>
        </item>
        <item>
            <label>$INFO[Skin.String(addonsetnine.2.label)]</label>
            <icon>DefaultAddon.png</icon>
            <thumb>$INFO[Skin.String(addonsetnine.2.icon)]</thumb>
            <onclick>Skin.Reset(addonsetnine.2.icon)</onclick>
            <onclick>Skin.SetImage(addonsetnine.2.icon)</onclick>
            <visible>!IsEmpty(Skin.String(addonsetnine.2.path))</visible>
            <visible>StringCompare(Container(9006).ListItem.Property(Addon),addonsetnine)</visible>
        </item>
        <item>
            <label>$INFO[Skin.String(addonsetnine.3.label)]</label>
            <icon>DefaultAddon.png</icon>
            <thumb>$INFO[Skin.String(addonsetnine.3.icon)]</thumb>
            <onclick>Skin.Reset(addonsetnine.3.icon)</onclick>
            <onclick>Skin.SetImage(addonsetnine.3.icon)</onclick>
            <visible>!IsEmpty(Skin.String(addonsetnine.3.path))</visible>
            <visible>StringCompare(Container(9006).ListItem.Property(Addon),addonsetnine)</visible>
        </item>
        <item>
            <label>$INFO[Skin.String(addonsetnine.4.label)]</label>
            <icon>DefaultAddon.png</icon>
            <thumb>$INFO[Skin.String(addonsetnine.4.icon)]</thumb>
            <onclick>Skin.Reset(addonsetnine.4.icon)</onclick>
            <onclick>Skin.SetImage(addonsetnine.4.icon)</onclick>
            <visible>!IsEmpty(Skin.String(addonsetnine.4.path))</visible>
            <visible>StringCompare(Container(9006).ListItem.Property(Addon),addonsetnine)</visible>
        </item>
        <item>
            <label>$INFO[Skin.String(addonsetnine.5.label)]</label>
            <icon>DefaultAddon.png</icon>
            <thumb>$INFO[Skin.String(addonsetnine.5.icon)]</thumb>
            <onclick>Skin.Reset(addonsetnine.5.icon)</onclick>
            <onclick>Skin.SetImage(addonsetnine.5.icon)</onclick>
            <visible>!IsEmpty(Skin.String(addonsetnine.5.path))</visible>
            <visible>StringCompare(Container(9006).ListItem.Property(Addon),addonsetnine)</visible>
        </item>
    </include>
    <include name="AddonSetTenIcons">
        <item>
            <label>$INFO[Skin.String(addonsetten.1.label)]</label>
            <icon>DefaultAddon.png</icon>
            <thumb>$INFO[Skin.String(addonsetten.1.icon)]</thumb>
            <onclick>Skin.Reset(addonsetten.1.icon)</onclick>
            <onclick>Skin.SetImage(addonsetten.1.icon)</onclick>
            <visible>!IsEmpty(Skin.String(addonsetten.1.path))</visible>
            <visible>StringCompare(Container(9006).ListItem.Property(Addon),addonsetten)</visible>
        </item>
        <item>
            <label>$INFO[Skin.String(addonsetten.2.label)]</label>
            <icon>DefaultAddon.png</icon>
            <thumb>$INFO[Skin.String(addonsetten.2.icon)]</thumb>
            <onclick>Skin.Reset(addonsetten.2.icon)</onclick>
            <onclick>Skin.SetImage(addonsetten.2.icon)</onclick>
            <visible>!IsEmpty(Skin.String(addonsetten.2.path))</visible>
            <visible>StringCompare(Container(9006).ListItem.Property(Addon),addonsetten)</visible>
        </item>
        <item>
            <label>$INFO[Skin.String(addonsetten.3.label)]</label>
            <icon>DefaultAddon.png</icon>
            <thumb>$INFO[Skin.String(addonsetten.3.icon)]</thumb>
            <onclick>Skin.Reset(addonsetten.3.icon)</onclick>
            <onclick>Skin.SetImage(addonsetten.3.icon)</onclick>
            <visible>!IsEmpty(Skin.String(addonsetten.3.path))</visible>
            <visible>StringCompare(Container(9006).ListItem.Property(Addon),addonsetten)</visible>
        </item>
        <item>
            <label>$INFO[Skin.String(addonsetten.4.label)]</label>
            <icon>DefaultAddon.png</icon>
            <thumb>$INFO[Skin.String(addonsetten.4.icon)]</thumb>
            <onclick>Skin.Reset(addonsetten.4.icon)</onclick>
            <onclick>Skin.SetImage(addonsetten.4.icon)</onclick>
            <visible>!IsEmpty(Skin.String(addonsetten.4.path))</visible>
            <visible>StringCompare(Container(9006).ListItem.Property(Addon),addonsetten)</visible>
        </item>
        <item>
            <label>$INFO[Skin.String(addonsetten.5.label)]</label>
            <icon>DefaultAddon.png</icon>
            <thumb>$INFO[Skin.String(addonsetten.5.icon)]</thumb>
            <onclick>Skin.Reset(addonsetten.5.icon)</onclick>
            <onclick>Skin.SetImage(addonsetten.5.icon)</onclick>
            <visible>!IsEmpty(Skin.String(addonsetten.5.path))</visible>
            <visible>StringCompare(Container(9006).ListItem.Property(Addon),addonsetten)</visible>
        </item>
    </include>
</includes>