<?xml version="1.0" encoding="UTF-8"?>
<window>
    <defaultcontrol always="true">604</defaultcontrol>
    <include>DialogEffect</include>
    <coordinates>
        <system>1</system>
        <left>0</left>
        <top>0</top>
    </coordinates>
    <controls>
        <control type="group" id="100">
            <left>100</left>
            <top>60r</top>
            <animation effect="fade" time="200">VisibleChange</animation>
            <visible>![Window.IsVisible(AddonSettings) | Window.IsVisible(SelectDialog) | Window.IsVisible(VisualisationPresetList)]</visible>
            <control type="button" id="600">
                <left>0</left>
                <top>0</top>
                <width>55</width>
                <height>55</height>
                <texturefocus>OSD/OSDHomeBtnFO.png</texturefocus>
                <texturenofocus>OSD/OSDHomeBtnNF.png</texturenofocus>
                <onleft>704</onleft>
                <onright>601</onright>
                <onup>604</onup>
                <ondown>604</ondown>
                <onclick>Dialog.Close(MusicOSD,true)</onclick>
                <onclick>FullScreen</onclick>
            </control>
            <control type="button" id="601">
                <left>55</left>
                <top>0</top>
                <width>55</width>
                <height>55</height>
                <texturefocus>OSD/OSDPlaylistFO.png</texturefocus>
                <texturenofocus>OSD/OSDPlaylistNF.png</texturenofocus>
                <onleft>600</onleft>
                <onright>602</onright>
                <onup>604</onup>
                <ondown>604</ondown>
                <onclick>Dialog.Close(MusicOSD,true)</onclick>
                <onclick>ActivateWindow(musicplaylist)</onclick>
            </control>
            <control type="button" id="602">
                <left>110</left>
                <top>0</top>
                <width>55</width>
                <height>55</height>
                <texturefocus>OSD/OSDPrevTrackFO.png</texturefocus>
                <texturenofocus>OSD/OSDPrevTrackNF.png</texturenofocus>
                <onleft>601</onleft>
                <onright>603</onright>
                <onup>604</onup>
                <ondown>604</ondown>
                <onclick>PlayerControl(Previous)</onclick>
            </control>
            <control type="button" id="603">
                <left>165</left>
                <top>0</top>
                <width>55</width>
                <height>55</height>
                <texturefocus>OSD/OSDRewindFO.png</texturefocus>
                <texturenofocus>OSD/OSDRewindNF.png</texturenofocus>
                <onleft>602</onleft>
                <onright>604</onright>
                <onup>604</onup>
                <ondown>604</ondown>
                <onclick>PlayerControl(Rewind)</onclick>
            </control>
            <control type="togglebutton" id="604">
                <left>220</left>
                <top>0</top>
                <width>55</width>
                <height>55</height>
                <texturefocus>OSD/OSDPauseFO.png</texturefocus>
                <texturenofocus>OSD/OSDPauseNF.png</texturenofocus>
                <usealttexture>Player.Paused | Player.Forwarding | Player.Rewinding</usealttexture>
                <alttexturefocus>OSD/OSDPlayFO.png</alttexturefocus>
                <alttexturenofocus>OSD/OSDPlayNF.png</alttexturenofocus>
                <onleft>603</onleft>
                <onright>605</onright>
                <onup>604</onup>
                <ondown>604</ondown>
                <onclick>PlayerControl(Play)</onclick>
            </control>
            <control type="button" id="605">
                <left>275</left>
                <top>0</top>
                <width>55</width>
                <height>55</height>
                <texturefocus>OSD/OSDStopFO.png</texturefocus>
                <texturenofocus>OSD/OSDStopNF.png</texturenofocus>
                <onleft>604</onleft>
                <onright>606</onright>
                <onup>604</onup>
                <ondown>604</ondown>
                <onclick>PlayerControl(Stop)</onclick>
            </control>
            <control type="button" id="606">
                <left>330</left>
                <top>0</top>
                <width>55</width>
                <height>55</height>
                <texturefocus>OSD/OSDForwardFO.png</texturefocus>
                <texturenofocus>OSD/OSDForwardNF.png</texturenofocus>
                <onleft>605</onleft>
                <onright>607</onright>
                <onup>604</onup>
                <ondown>604</ondown>
                <onclick>PlayerControl(Forward)</onclick>
            </control>
            <control type="button" id="607">
                <left>385</left>
                <top>0</top>
                <width>55</width>
                <height>55</height>
                <texturefocus>OSD/OSDNextTrackFO.png</texturefocus>
                <texturenofocus>OSD/OSDNextTrackNF.png</texturenofocus>
                <onleft>606</onleft>
                <onright>608</onright>
                <onup>604</onup>
                <ondown>604</ondown>
                <onclick>PlayerControl(Next)</onclick>
            </control>
            <control type="button" id="608">
                <left>440</left>
                <top>0</top>
                <width>55</width>
                <height>55</height>
                <texturefocus>-</texturefocus>
                <texturenofocus>-</texturenofocus>
                <onclick>XBMC.PlayerControl(Repeat)</onclick>
                <onleft>607</onleft>
                <onright>609</onright>
                <onup>604</onup>
                <ondown>604</ondown>
            </control>
            <control type="image">
                <left>440</left>
                <top>0</top>
                <width>55</width>
                <height>55</height>
                <texture>OSD/OSDRepeatNF.png</texture>
                <visible>!Playlist.IsRepeat + !Playlist.IsRepeatOne</visible>
                <visible>!Control.HasFocus(608)</visible>
            </control>
            <control type="image">
                <left>440</left>
                <top>0</top>
                <width>55</width>
                <height>55</height>
                <texture>OSD/OSDRepeatFO.png</texture>
                <visible>!Playlist.IsRepeat + !Playlist.IsRepeatOne</visible>
                <visible>Control.HasFocus(608)</visible>
            </control>
            <control type="image">
                <left>440</left>
                <top>0</top>
                <width>55</width>
                <height>55</height>
                <texture>OSD/OSDRepeatOneNF.png</texture>
                <visible>Playlist.IsRepeatOne</visible>
                <visible>!Control.HasFocus(608)</visible>
            </control>
            <control type="image">
                <left>440</left>
                <top>0</top>
                <width>55</width>
                <height>55</height>
                <texture>OSD/OSDRepeatOneFO.png</texture>
                <visible>Playlist.IsRepeatOne</visible>
                <visible>Control.HasFocus(608)</visible>
            </control>
            <control type="image">
                <left>440</left>
                <top>0</top>
                <width>55</width>
                <height>55</height>
                <texture>OSD/OSDRepeatAllNF.png</texture>
                <visible>Playlist.IsRepeat</visible>
                <visible>!Control.HasFocus(608)</visible>
            </control>
            <control type="image">
                <left>440</left>
                <top>0</top>
                <width>55</width>
                <height>55</height>
                <texture>OSD/OSDRepeatAllFO.png</texture>
                <visible>Playlist.IsRepeat</visible>
                <visible>Control.HasFocus(608)</visible>
            </control>
            <control type="togglebutton" id="609">
                <left>495</left>
                <top>0</top>
                <width>55</width>
                <height>55</height>
                <texturefocus>OSD/OSDRandomOffFO.png</texturefocus>
                <texturenofocus>OSD/OSDRandomOffNF.png</texturenofocus>
                <usealttexture>Playlist.IsRandom</usealttexture>
                <alttexturefocus>OSD/OSDRandomOnFO.png</alttexturefocus>
                <alttexturenofocus>OSD/OSDRandomOnNF.png</alttexturenofocus>
                <onclick>XBMC.PlayerControl(Random)</onclick>
                <onleft>608</onleft>
                <onright>701</onright>
                <onup>604</onup>
                <ondown>604</ondown>
            </control>
        </control>
        <control type="group">
            <left>375r</left>
            <top>60r</top>
            <animation effect="fade" time="200">VisibleChange</animation>
            <visible>![Window.IsVisible(AddonSettings) | Window.IsVisible(SelectDialog) | Window.IsVisible(VisualisationPresetList)]</visible>
            <control type="togglebutton" id="701">
                <left>0</left>
                <top>0</top>
                <width>55</width>
                <height>55</height>
                <texturefocus>OSD/OSDLyricsFO.png</texturefocus>
                <texturenofocus>OSD/OSDLyricsNF.png</texturenofocus>
                <alttexturefocus>OSD/OSDLyricsFO.png</alttexturefocus>
                <alttexturenofocus>OSD/OSDLyricsNF.png</alttexturenofocus>
                <onleft>609</onleft>
                <onright>500</onright>
                <onup>604</onup>
                <ondown>604</ondown>
                <onclick>Close</onclick>
                <onclick>XBMC.RunScript($INFO[Skin.String(lyricscriptpath)])</onclick>
                <altclick>Skin.SetAddon(lyricscriptpath,xbmc.python.lyrics)</altclick>
                <altclick>Close</altclick>
                <altclick>XBMC.RunScript($INFO[Skin.String(lyricscriptpath)])</altclick>
                <usealttexture>IsEmpty(Skin.String(lyricscriptpath))</usealttexture>
            </control>
            <control type="button" id="500">
                <left>55</left>
                <top>0</top>
                <width>55</width>
                <height>55</height>
                <texturefocus>OSD/OSDVizFO.png</texturefocus>
                <texturenofocus>OSD/OSDVizNF.png</texturenofocus>
                <onleft>701</onleft>
                <onright>702</onright>
                <onup>604</onup>
                <ondown>604</ondown>
            </control>
            <control type="button" id="702">
                <left>110</left>
                <top>0</top>
                <width>55</width>
                <height>55</height>
                <texturefocus>OSD/OSDPresetSettingsFO.png</texturefocus>
                <texturenofocus>OSD/OSDPresetSettingsNF.png</texturenofocus>
                <onleft>500</onleft>
                <onright>703</onright>
                <onup>604</onup>
                <ondown>604</ondown>
                <onclick>Addon.Default.OpenSettings(xbmc.player.musicviz)</onclick>
            </control>
            <control type="button" id="703">
                <left>165</left>
                <top>0</top>
                <width>55</width>
                <height>55</height>
                <texturefocus>OSD/OSDPreFO.png</texturefocus>
                <texturenofocus>OSD/OSDPreNF.png</texturenofocus>
                <onleft>702</onleft>
                <onright>704</onright>
                <onup>604</onup>
                <ondown>604</ondown>
                <onclick>ActivateWindow(122)</onclick>
            </control>
            <control type="button" id="704">
                <left>220</left>
                <top>0</top>
                <width>55</width>
                <height>55</height>
                <texturefocus>OSD/OSDRecordOffFO.png</texturefocus>
                <texturenofocus>OSD/OSDRecordOffNF.png</texturenofocus>
                <onleft>703</onleft>
                <onright>600</onright>
                <onup>604</onup>
                <ondown>604</ondown>
                <onclick>XBMC.PlayerControl(record)</onclick>
                <enable>Player.CanRecord</enable>
                <animation effect="fade" start="100" end="50" time="100" condition="!Player.CanRecord">Conditional</animation>
            </control>
        </control>
        <control type="slider" id="87">
            <description>Seek Slider</description>
            <left>430</left>
            <top>82r</top>
            <width>720</width>
            <height>16</height>
            <onup>702</onup>
            <ondown>26</ondown>
            <action>seek</action>
            <texturesliderbar>seekslider2.png</texturesliderbar>
            <textureslidernib>Slider/Slider_nibNF.png</textureslidernib>
            <textureslidernibfocus>Slider/Slider_nib.png</textureslidernibfocus>
            <animation effect="fade" time="200">VisibleChange</animation>
            <animation effect="slide" end="-150,0" time="0" tween="back" easing="out" condition="Skin.HasSetting(hidealbumthumbosd) + !Skin.String(musicosdinfo,never)" reversible="true">Conditional</animation>
            <animation effect="slide" end="-150,0" time="0" tween="back" easing="out" condition="Skin.String(musicosdinfo,never)" reversible="true">Conditional</animation>
            <visible>IntegerGreaterThan(Player.time,0)</visible>
            <visible>![Window.IsVisible(AddonSettings) | Window.IsVisible(SelectDialog) | Window.IsVisible(VisualisationPresetList)]</visible>
        </control>
    </controls>
</window>