<?xml version="1.0" encoding="UTF-8"?>
<window>
    <defaultcontrol always="true">50</defaultcontrol>
    <allowoverlay>no</allowoverlay>
    <views>50,51,550,551,500,514,510</views>
    <controls>
        <include>CommonBackground</include>
        <include>MediaViewBackgrounds</include>
        <control type="image">
            <left>0</left>
            <top>0</top>
            <width>1280</width>
            <height>625</height>
            <texture background="true">$INFO[ListItem.FilenameAndPath]</texture>
            <fadetime>1000</fadetime>
            <aspectratio>keep</aspectratio>
            <include>VisibleFadeEffect</include>
            <visible>Control.IsVisible(510)</visible>
            <include>Window_OpenClose_Animation</include>
        </control>
        <control type="group">
            <include>Window_OpenClose_Animation</include>
            <include>CommonRootView</include>
            <!-- view id = 50 -->
            <include>FullWidthList</include>
            <!-- view id = 51 -->
            <include>ThumbnailView</include>
            <!-- view id = 500 -->
            <include>PictureWrapView</include>
            <!-- view id = 510 -->
            <include>PictureThumbView</include>
            <!-- view id = 514 -->
            <include>AddonInfoListView1</include>
            <!-- view id = 550 -->
            <include>AddonInfoThumbView1</include>
            <!-- view id = 551 -->
        </control>
        <control type="button" id="800">
            <include>InvisibleButton</include>
            <onleft>801</onleft>
            <onright>804</onright>
            <onup>50</onup>
            <ondown>50</ondown>
            <visible>false</visible>
        </control>
        <include>CommonPageCount</include>
        <include>FloorReturnButtons</include>
        <include>CommonNowPlaying</include>
        <include>BehindDialogFadeOut</include>
        <control type="group">
            <visible>!Skin.HasSetting(kioskmode)</visible>
            <left>-250</left>
            <include>SideBladeLeft</include>
            <control type="grouplist" id="9000">
                <left>0</left>
                <top>110</top>
                <width>250</width>
                <height>600</height>
                <onleft>9000</onleft>
                <onright>50</onright>
                <onup>9000</onup>
                <ondown>9000</ondown>
                <onback>50</onback>
                <itemgap>0</itemgap>
                <control type="label" id="200">
                    <width>250</width>
                    <height>35</height>
                    <font>font12</font>
                    <label>31006</label>
                    <textcolor>blue</textcolor>
                    <align>center</align>
                    <aligny>center</aligny>
                </control>
                <control type="button" id="2">
                    <description>View As button</description>
                    <textwidth>235</textwidth>
                    <include>ButtonCommonValues</include>
                </control>
                <control type="button" id="3">
                    <description>Sort by button</description>
                    <include>ButtonCommonValues</include>
                    <label>103</label>
                </control>
                <control type="togglebutton" id="4">
                    <description>Sort asc</description>
                    <include>ButtonCommonValues</include>
                    <alttexturefocus border="5">button-focus.png</alttexturefocus>
                    <alttexturenofocus>-</alttexturenofocus>
                    <label>31051</label>
                    <altlabel>31050</altlabel>
                    <usealttexture>Container.SortDirection(Ascending)</usealttexture>
                </control>
                <control type="edit" id="19">
                    <visible>Container.CanFilter + !Container.CanFilterAdvanced</visible>
                    <description>Filter</description>
                    <textwidth>230</textwidth>
                    <include>ButtonCommonValues</include>
                    <label>587</label>
                </control>
                <control type="radiobutton" id="20">
                    <visible>Container.CanFilterAdvanced</visible>
                    <description>Filter</description>
                    <include>ButtonCommonValues</include>
                    <label>587</label>
                    <onclick>right</onclick>
                    <onclick>Filter</onclick>
                </control>
                <control type="label" id="201">
                    <width>250</width>
                    <height>35</height>
                    <font>font12</font>
                    <label>31011</label>
                    <textcolor>blue</textcolor>
                    <align>center</align>
                    <aligny>center</aligny>
                </control>
                <control type="button" id="6">
                    <description>Slideshow</description>
                    <textwidth>235</textwidth>
                    <include>ButtonCommonValues</include>
                    <label>108</label>
                </control>
                <control type="button" id="7">
                    <description>Recersive Slideshow</description>
                    <textwidth>235</textwidth>
                    <include>ButtonCommonValues</include>
                    <label>361</label>
                </control>
                <control type="radiobutton" id="9">
                    <description>Randomize Toggle</description>
                    <include>ButtonCommonValues</include>
                    <label>13319</label>
                </control>
            </control>
        </control>
        <include>BottomClock</include>
        <include>MainHeaderLabel</include>
    </controls>
</window>