<?xml version="1.0" encoding="UTF-8"?>
<window>
    <defaultcontrol>1</defaultcontrol>
    <coordinates>
        <system>1</system>
        <left>290</left>
        <top>75</top>
    </coordinates>
    <include>DialogEffect</include>
    <controls>
        <control type="image">
            <description>background image</description>
            <left>0</left>
            <top>0</top>
            <width>700</width>
            <height>570</height>
            <texture border="40">DialogBack.png</texture>
        </control>
        <control type="image">
            <description>Dialog Header image</description>
            <left>40</left>
            <top>16</top>
            <width>620</width>
            <height>40</height>
            <texture>dialogheader.png</texture>
        </control>
        <control type="label">
            <description>header label</description>
            <left>40</left>
            <top>20</top>
            <width>620</width>
            <height>30</height>
            <font>font13_title</font>
            <label>$INFO[Window.Property(heading)]</label>
            <align>center</align>
            <aligny>center</aligny>
            <textcolor>selected</textcolor>
            <shadowcolor>black</shadowcolor>
        </control>
        <control type="button">
            <description>Close Window button</description>
            <left>610</left>
            <top>15</top>
            <width>64</width>
            <height>32</height>
            <onclick>PreviousMenu</onclick>
            <texturefocus>DialogCloseButton-focus.png</texturefocus>
            <texturenofocus>DialogCloseButton.png</texturenofocus>
            <onleft>1</onleft>
            <onright>1</onright>
            <onup>1</onup>
            <ondown>1</ondown>
            <visible>system.getbool(input.enablemouse)</visible>
        </control>
        <control type="image" id="2">
            <description>profile image</description>
            <left>30</left>
            <top>70</top>
            <width>150</width>
            <height>150</height>
            <align>left</align>
            <aspectratio>stretch</aspectratio>
            <texture>unknown-user.png</texture>
            <bordertexture border="8">ThumbBorder.png</bordertexture>
            <bordersize>8</bordersize>
        </control>
        <control type="label">
            <description>profile name label</description>
            <left>200</left>
            <top>70</top>
            <width>460</width>
            <align>left</align>
            <font>font13_title</font>
            <textcolor>blue</textcolor>
            <label>$LOCALIZE[20093]</label>
        </control>
        <control type="label" id="1000">
            <description>profile name Value</description>
            <left>200</left>
            <top>95</top>
            <width>460</width>
            <align>left</align>
            <font>font16</font>
            <textcolor>white</textcolor>
        </control>
        <control type="label">
            <description>profile directory label</description>
            <left>200</left>
            <top>155</top>
            <width>460</width>
            <align>left</align>
            <font>font13_title</font>
            <textcolor>blue</textcolor>
            <label>$LOCALIZE[20070]</label>
        </control>
        <control type="label" id="1001">
            <description>profile directory Value</description>
            <left>200</left>
            <top>180</top>
            <width>460</width>
            <align>left</align>
            <font>font13</font>
            <textcolor>white</textcolor>
        </control>
        <control type="grouplist" id="5">
            <description>control area</description>
            <left>30</left>
            <top>230</top>
            <width>640</width>
            <height>265</height>
            <itemgap>5</itemgap>
            <pagecontrol>60</pagecontrol>
            <onleft>28</onleft>
            <onright>60</onright>
            <onup>28</onup>
            <ondown>28</ondown>
        </control>
        <control type="button" id="7">
            <description>Default Button</description>
            <left>0</left>
            <top>0</top>
            <height>40</height>
            <font>font13</font>
            <textcolor>grey2</textcolor>
            <focusedcolor>white</focusedcolor>
            <texturefocus border="5">button-focus2.png</texturefocus>
        </control>
        <control type="radiobutton" id="8">
            <description>Default RadioButton</description>
            <left>0</left>
            <top>0</top>
            <height>40</height>
            <font>font13</font>
            <textcolor>grey2</textcolor>
            <focusedcolor>white</focusedcolor>
            <texturefocus border="5">button-focus2.png</texturefocus>
        </control>
        <control type="spincontrolex" id="9">
            <description>Default SpinControlex</description>
            <left>0</left>
            <top>0</top>
            <height>40</height>
            <font>font13</font>
            <textcolor>grey2</textcolor>
            <focusedcolor>white</focusedcolor>
            <texturefocus border="5">button-focus2.png</texturefocus>
            <texturenofocus border="5">button-nofocus.png</texturenofocus>
            <aligny>center</aligny>
            <reverse>yes</reverse>
        </control>
        <control type="image" id="11">
            <description>separator image</description>
            <height>2</height>
            <texture>separator2.png</texture>
        </control>
        <control type="button" id="28">
            <description>Ok Button</description>
            <left>145</left>
            <top>505</top>
            <width>200</width>
            <height>40</height>
            <align>center</align>
            <aligny>center</aligny>
            <font>font12_title</font>
            <label>186</label>
            <onleft>29</onleft>
            <onright>29</onright>
            <onup>5</onup>
            <ondown>5</ondown>
        </control>
        <control type="button" id="29">
            <description>Cancel Button</description>
            <left>355</left>
            <top>505</top>
            <width>200</width>
            <height>40</height>
            <align>center</align>
            <aligny>center</aligny>
            <font>font12_title</font>
            <label>222</label>
            <onleft>28</onleft>
            <onright>28</onright>
            <onup>5</onup>
            <ondown>5</ondown>
        </control>
    </controls>
</window>