<?xml version="1.0" encoding="UTF-8"?>
<window>
    <defaultcontrol>1001</defaultcontrol>
    <animation effect="fade" time="300">WindowOpen</animation>
    <animation effect="fade" time="300">WindowClose</animation>
    <coordinates>
        <system>1</system>
        <left>0</left>
        <top>0</top>
    </coordinates>
    <controls>
        <!-- assume the context menu contains 1 button. code the size/position of all controls based on that -->
        <control type="image" id="999">
            <left>460</left>
            <top>314</top>
            <width>360</width>
            <height>94</height>
            <texture border="30,20,30,20">DialogBack.png</texture>
        </control>
        <control type="button" id="1001">
            <left>480</left>
            <top>344</top>
            <width>320</width>
            <height>38</height>
            <font>fontContextMenu</font>
            <align>center</align>
            <textcolor>grey2</textcolor>
            <focusedcolor>white</focusedcolor>
            <texturefocus border="5">button-focus.png</texturefocus>
            <texturenofocus border="5">button-nofocus.png</texturenofocus>
            <onleft>1001</onleft>
            <onright>1001</onright>
            <onup>1003</onup>
            <ondown>1002</ondown>
        </control>
        <control type="button" id="1002">
            <left>480</left>
            <top>382</top>
            <width>320</width>
            <height>38</height>
            <font>fontContextMenu</font>
            <align>center</align>
            <textcolor>grey2</textcolor>
            <focusedcolor>white</focusedcolor>
            <texturefocus border="5">button-focus.png</texturefocus>
            <texturenofocus border="5">button-nofocus.png</texturenofocus>
            <onleft>1002</onleft>
            <onright>1002</onright>
            <onup>1001</onup>
            <ondown>1003</ondown>
        </control>
        <control type="button" id="1003">
            <left>480</left>
            <top>420</top>
            <width>320</width>
            <height>38</height>
            <font>fontContextMenu</font>
            <align>center</align>
            <textcolor>grey2</textcolor>
            <focusedcolor>white</focusedcolor>
            <texturefocus border="5">button-focus.png</texturefocus>
            <texturenofocus border="5">button-nofocus.png</texturenofocus>
            <onleft>1003</onleft>
            <onright>1003</onright>
            <onup>1002</onup>
            <ondown>1001</ondown>
        </control>
    </controls>
</window>