<?xml version="1.0" encoding="UTF-8"?>
<window>
    <defaultcontrol always="true">9001</defaultcontrol>
    <allowoverlay>no</allowoverlay>
    <coordinates>
        <system>1</system>
        <left>240</left>
        <top>220</top>
    </coordinates>
    <include>DialogEffect</include>
    <controls>
        <control type="image">
            <description>background image</description>
            <left>0</left>
            <top>0</top>
            <width>800</width>
            <height>280</height>
            <texture border="40">DialogBack.png</texture>
        </control>
        <control type="image">
            <description>Dialog Header image</description>
            <left>40</left>
            <top>16</top>
            <width>720</width>
            <height>40</height>
            <texture>dialogheader.png</texture>
        </control>
        <control type="label">
            <description>header label</description>
            <left>40</left>
            <top>20</top>
            <width>720</width>
            <height>30</height>
            <font>font13_title</font>
            <label>$LOCALIZE[21421]</label>
            <align>center</align>
            <aligny>center</aligny>
            <textcolor>selected</textcolor>
            <shadowcolor>black</shadowcolor>
        </control>
        <control type="button">
            <description>Close Window button</description>
            <left>710</left>
            <top>15</top>
            <width>64</width>
            <height>32</height>
            <onclick>PreviousMenu</onclick>
            <texturefocus>DialogCloseButton-focus.png</texturefocus>
            <texturenofocus>DialogCloseButton.png</texturenofocus>
            <onleft>9001</onleft>
            <onright>9001</onright>
            <onup>9001</onup>
            <ondown>9001</ondown>
            <visible>system.getbool(input.enablemouse)</visible>
        </control>
        <control type="label">
            <description>Rule match label</description>
            <left>40</left>
            <top>60</top>
            <width>720</width>
            <height>35</height>
            <align>center</align>
            <aligny>center</aligny>
            <font>font12</font>
            <textcolor>blue</textcolor>
            <shadowcolor>black</shadowcolor>
            <label>21422</label>
        </control>
        <control type="group" id="9001">
            <control type="spincontrolex" id="15">
                <description>Rule Field</description>
                <left>30</left>
                <top>100</top>
                <width>365</width>
                <height>40</height>
                <texturefocus border="3">button-focus2.png</texturefocus>
                <texturenofocus border="3">button-nofocus.png</texturenofocus>
                <onright>16</onright>
                <onleft>16</onleft>
                <onup>9000</onup>
                <ondown>17</ondown>
            </control>
            <control type="label">
                <description>Rule Field label</description>
                <left>35</left>
                <top>100</top>
                <width>300</width>
                <height>40</height>
                <font>font13</font>
                <label>$INFO[Control.GetLabel(15)]</label>
                <align>left</align>
                <aligny>center</aligny>
                <textcolor>white</textcolor>
                <shadowcolor>black</shadowcolor>
            </control>
            <control type="spincontrolex" id="16">
                <description>Rule operator</description>
                <left>405</left>
                <top>100</top>
                <width>365</width>
                <height>40</height>
                <texturefocus border="3">button-focus2.png</texturefocus>
                <texturenofocus border="3">button-nofocus.png</texturenofocus>
                <onright>15</onright>
                <onleft>15</onleft>
                <onup>9000</onup>
                <ondown>17</ondown>
            </control>
            <control type="label">
                <description>Rule Field label</description>
                <left>410</left>
                <top>100</top>
                <width>300</width>
                <height>40</height>
                <font>font13</font>
                <label>$INFO[Control.GetLabel(16)]</label>
                <align>left</align>
                <aligny>center</aligny>
                <textcolor>white</textcolor>
                <shadowcolor>black</shadowcolor>
            </control>
        </control>
        <control type="button" id="17">
            <description>Value Button</description>
            <left>30</left>
            <top>145</top>
            <width>565</width>
            <height>40</height>
            <font>font13</font>
            <aligny>center</aligny>
            <invalidcolor>invalid</invalidcolor>
            <texturefocus border="3">button-focus2.png</texturefocus>
            <texturenofocus border="3">button-nofocus.png</texturenofocus>
            <onup>9001</onup>
            <onleft>20</onleft>
            <onright>20</onright>
            <ondown>9000</ondown>
        </control>
        <control type="button" id="20">
            <description>Browse Button</description>
            <left>600</left>
            <top>145</top>
            <width>170</width>
            <height>40</height>
            <align>center</align>
            <aligny>center</aligny>
            <texturefocus border="3">button-focus.png</texturefocus>
            <texturenofocus border="3">button-nofocus.png</texturenofocus>
            <label>1024</label>
            <font>font12_title</font>
            <onup>9001</onup>
            <onleft>17</onleft>
            <onright>17</onright>
            <ondown>9000</ondown>
        </control>
        <control type="group" id="9000">
            <control type="button" id="18">
                <description>Ok Button</description>
                <left>195</left>
                <top>210</top>
                <width>200</width>
                <height>40</height>
                <align>center</align>
                <aligny>center</aligny>
                <font>font12_title</font>
                <label>186</label>
                <onup>17</onup>
                <onleft>19</onleft>
                <onright>19</onright>
                <ondown>9001</ondown>
            </control>
            <control type="button" id="19">
                <description>Cancel Button</description>
                <left>405</left>
                <top>210</top>
                <width>200</width>
                <height>40</height>
                <align>center</align>
                <aligny>center</aligny>
                <font>font12_title</font>
                <label>222</label>
                <onup>17</onup>
                <onleft>18</onleft>
                <onright>19</onright>
                <ondown>9001</ondown>
            </control>
        </control>
    </controls>
</window>