<?xml version="1.0" encoding="utf-8"?>
<includes>
    <include name="Coverflowview">
        <include>ListedStudioIcon</include>
        <control type="image">
            <include>Dimensions_Fullscreen</include>
            <texture background="true">black_content.png</texture>
            <visible>Control.IsVisible(555)</visible>
        </control>
        <control type="group" id="7001">
            <include>Window_OpenClose_Animation</include>
            <top>120</top>
            <visible>Control.IsVisible(555) + Container.OnNext</visible>
            <animation effect="slide" end="-100,0" time="250" reversible="false">Hidden</animation>
            <control type="group">
                <left>80</left>
                <visible>Container.OnNext</visible>
                <animation effect="fade" start="100" end="0" time="250" reversible="false">Hidden</animation>
                <animation effect="rotatey" center="60" start="-60" end="-60" time="0" condition="true">Conditional</animation>
                <control type="group">
                    <control type="image">
                        <left>38</left>
                        <top>15</top>
                        <width>248</width>
                        <height>410</height>
                        <texture background="true" diffuse="ClearCase/EmptyCaseMask.png">$INFO[Container(555).ListItem(-4).Art(poster)]</texture>
                        <aspectratio aligny="bottom">stretch</aspectratio>
                    </control>
                    <control type="image">
                        <left>38</left>
                        <top>15</top>
                        <width>248</width>
                        <height>410</height>
                        <texture background="true" diffuse="ClearCase/EmptyCaseMask.png">black-back.png</texture>
                        <colordiffuse>AAFFFFFF</colordiffuse>
                        <aspectratio aligny="bottom">stretch</aspectratio>
                    </control>
                    <control type="image">
                        <left>0</left>
                        <top>0</top>
                        <width>300</width>
                        <height>440</height>
                        <aspectratio>stretch</aspectratio>
                        <texture fallback="ClearCase/dv.png">$VAR[CoverFlowCaseOne,ClearCase/,.png]</texture>
                    </control>
                    <visible>!IsEmpty(Container(555).ListItem(-4).Art(poster))</visible>
                </control>
                <control type="image">
                    <left>0</left>
                    <top>0</top>
                    <width>300</width>
                    <height>440</height>
                    <aspectratio>stretch</aspectratio>
                    <texture>$INFO[Container(555).ListItem(-4).icon]</texture>
                    <visible>IsEmpty(Container(555).ListItem(-4).Art(poster))</visible>
                </control>
                <control type="image">
                    <left>0</left>
                    <top>0</top>
                    <width>300</width>
                    <height>440</height>
                    <aspectratio>stretch</aspectratio>
                    <texture>black-back.png</texture>
                    <colordiffuse>AAFFFFFF</colordiffuse>
                    <visible>IsEmpty(Container(555).ListItem(-4).Art(poster))</visible>
                </control>
            </control>
            <control type="group">
                <left>180</left>
                <animation effect="rotatey" center="160" start="-60" end="-60" time="0" condition="true">Conditional</animation>
                <control type="group">
                    <control type="image">
                        <left>38</left>
                        <top>15</top>
                        <width>248</width>
                        <height>410</height>
                        <texture background="true" diffuse="ClearCase/EmptyCaseMask.png">$INFO[Container(555).ListItem(-3).Art(poster)]</texture>
                        <aspectratio aligny="bottom">stretch</aspectratio>
                    </control>
                    <control type="image">
                        <left>38</left>
                        <top>15</top>
                        <width>248</width>
                        <height>410</height>
                        <texture background="true" diffuse="ClearCase/EmptyCaseMask.png">black-back.png</texture>
                        <colordiffuse>AAFFFFFF</colordiffuse>
                        <aspectratio aligny="bottom">stretch</aspectratio>
                    </control>
                    <control type="image">
                        <left>0</left>
                        <top>0</top>
                        <width>300</width>
                        <height>440</height>
                        <aspectratio>stretch</aspectratio>
                        <texture fallback="ClearCase/dv.png">$VAR[CoverFlowCaseTwo,ClearCase/,.png]</texture>
                    </control>
                    <visible>!IsEmpty(Container(555).ListItem(-3).Art(poster))</visible>
                </control>
                <control type="image">
                    <left>0</left>
                    <top>0</top>
                    <width>300</width>
                    <height>440</height>
                    <aspectratio>stretch</aspectratio>
                    <texture>$INFO[Container(555).ListItem(-3).icon]</texture>
                    <visible>IsEmpty(Container(555).ListItem(-3).Art(poster))</visible>
                </control>
                <control type="image">
                    <left>0</left>
                    <top>0</top>
                    <width>300</width>
                    <height>440</height>
                    <aspectratio>stretch</aspectratio>
                    <texture>black-back.png</texture>
                    <colordiffuse>AAFFFFFF</colordiffuse>
                    <visible>IsEmpty(Container(555).ListItem(-3).Art(poster))</visible>
                </control>
            </control>
            <control type="group">
                <left>280</left>
                <animation effect="rotatey" center="260" start="-60" end="-60" time="0" condition="true">Conditional</animation>
                <control type="group">
                    <control type="image">
                        <left>38</left>
                        <top>15</top>
                        <width>248</width>
                        <height>410</height>
                        <texture background="true" diffuse="ClearCase/EmptyCaseMask.png">$INFO[Container(555).ListItem(-2).Art(poster)]</texture>
                        <aspectratio aligny="bottom">stretch</aspectratio>
                    </control>
                    <control type="image">
                        <left>38</left>
                        <top>15</top>
                        <width>248</width>
                        <height>410</height>
                        <texture background="true" diffuse="ClearCase/EmptyCaseMask.png">black-back.png</texture>
                        <colordiffuse>AAFFFFFF</colordiffuse>
                        <aspectratio aligny="bottom">stretch</aspectratio>
                    </control>
                    <control type="image">
                        <left>0</left>
                        <top>0</top>
                        <width>300</width>
                        <height>440</height>
                        <aspectratio>stretch</aspectratio>
                        <texture fallback="ClearCase/dv.png">$VAR[CoverFlowCaseThree,ClearCase/,.png]</texture>
                    </control>
                    <visible>!IsEmpty(Container(555).ListItem(-2).Art(poster))</visible>
                </control>
                <control type="image">
                    <left>0</left>
                    <top>0</top>
                    <width>300</width>
                    <height>440</height>
                    <aspectratio>stretch</aspectratio>
                    <texture>$INFO[Container(555).ListItem(-2).icon]</texture>
                    <visible>IsEmpty(Container(555).ListItem(-2).Art(poster))</visible>
                </control>
                <control type="image">
                    <left>0</left>
                    <top>0</top>
                    <width>300</width>
                    <height>440</height>
                    <aspectratio>stretch</aspectratio>
                    <texture>black-back.png</texture>
                    <colordiffuse>AAFFFFFF</colordiffuse>
                    <visible>IsEmpty(Container(555).ListItem(-2).Art(poster))</visible>
                </control>
            </control>
            <control type="group">
                <left>1000</left>
                <visible>!Container.OnNext</visible>
                <animation effect="fade" start="0" end="100" delay="0" time="250" reversible="false">Visible</animation>
                <animation effect="rotatey" center="1320" start="60" end="60" time="0" condition="true">Conditional</animation>
                <control type="group">
                    <control type="image">
                        <left>38</left>
                        <top>15</top>
                        <width>248</width>
                        <height>410</height>
                        <texture background="true" diffuse="ClearCase/EmptyCaseMask.png">$INFO[Container(555).ListItem(3).Art(poster)]</texture>
                        <aspectratio aligny="bottom">stretch</aspectratio>
                    </control>
                    <control type="image">
                        <left>38</left>
                        <top>15</top>
                        <width>248</width>
                        <height>410</height>
                        <texture background="true" diffuse="ClearCase/EmptyCaseMask.png">black-back.png</texture>
                        <colordiffuse>AAFFFFFF</colordiffuse>
                        <aspectratio aligny="bottom">stretch</aspectratio>
                    </control>
                    <control type="image">
                        <left>0</left>
                        <top>0</top>
                        <width>300</width>
                        <height>440</height>
                        <aspectratio>stretch</aspectratio>
                        <texture fallback="ClearCase/dv.png">$VAR[CoverFlowCaseEight,ClearCase/,.png]</texture>
                    </control>
                    <visible>!IsEmpty(Container(555).ListItem(3).Art(poster))</visible>
                </control>
                <control type="image">
                    <left>0</left>
                    <top>0</top>
                    <width>300</width>
                    <height>440</height>
                    <aspectratio>stretch</aspectratio>
                    <texture>$INFO[Container(555).ListItem(3).icon]</texture>
                    <visible>IsEmpty(Container(555).ListItem(3).Art(poster))</visible>
                </control>
                <control type="image">
                    <left>0</left>
                    <top>0</top>
                    <width>300</width>
                    <height>440</height>
                    <aspectratio>stretch</aspectratio>
                    <texture>black-back.png</texture>
                    <colordiffuse>AAFFFFFF</colordiffuse>
                    <visible>IsEmpty(Container(555).ListItem(3).Art(poster))</visible>
                </control>
            </control>
            <control type="group">
                <left>900</left>
                <animation effect="rotatey" center="1220" start="60" end="60" time="0" condition="true">Conditional</animation>
                <control type="group">
                    <control type="image">
                        <left>38</left>
                        <top>15</top>
                        <width>248</width>
                        <height>410</height>
                        <texture background="true" diffuse="ClearCase/EmptyCaseMask.png">$INFO[Container(555).ListItem(2).Art(poster)]</texture>
                        <aspectratio aligny="bottom">stretch</aspectratio>
                    </control>
                    <control type="image">
                        <left>38</left>
                        <top>15</top>
                        <width>248</width>
                        <height>410</height>
                        <texture background="true" diffuse="ClearCase/EmptyCaseMask.png">black-back.png</texture>
                        <colordiffuse>AAFFFFFF</colordiffuse>
                        <aspectratio aligny="bottom">stretch</aspectratio>
                    </control>
                    <control type="image">
                        <left>0</left>
                        <top>0</top>
                        <width>300</width>
                        <height>440</height>
                        <aspectratio>stretch</aspectratio>
                        <texture fallback="ClearCase/dv.png">$VAR[CoverFlowCaseSeven,ClearCase/,.png]</texture>
                    </control>
                    <visible>!IsEmpty(Container(555).ListItem(2).Art(poster))</visible>
                </control>
                <control type="image">
                    <left>0</left>
                    <top>0</top>
                    <width>300</width>
                    <height>440</height>
                    <aspectratio>stretch</aspectratio>
                    <texture>$INFO[Container(555).ListItem(2).icon]</texture>
                    <visible>IsEmpty(Container(555).ListItem(2).Art(poster))</visible>
                </control>
                <control type="image">
                    <left>0</left>
                    <top>0</top>
                    <width>300</width>
                    <height>440</height>
                    <aspectratio>stretch</aspectratio>
                    <texture>black-back.png</texture>
                    <colordiffuse>AAFFFFFF</colordiffuse>
                    <visible>IsEmpty(Container(555).ListItem(2).Art(poster))</visible>
                </control>
            </control>
            <control type="group">
                <left>800</left>
                <animation effect="rotatey" center="1120" start="60" end="60" time="0" condition="true">Conditional</animation>
                <control type="group">
                    <control type="image">
                        <left>38</left>
                        <top>15</top>
                        <width>248</width>
                        <height>410</height>
                        <texture background="true" diffuse="ClearCase/EmptyCaseMask.png">$INFO[Container(555).ListItem(1).Art(poster)]</texture>
                        <aspectratio aligny="bottom">stretch</aspectratio>
                    </control>
                    <control type="image">
                        <left>38</left>
                        <top>15</top>
                        <width>248</width>
                        <height>410</height>
                        <texture background="true" diffuse="ClearCase/EmptyCaseMask.png">black-back.png</texture>
                        <colordiffuse>AAFFFFFF</colordiffuse>
                        <aspectratio aligny="bottom">stretch</aspectratio>
                    </control>
                    <control type="image">
                        <left>0</left>
                        <top>0</top>
                        <width>300</width>
                        <height>440</height>
                        <aspectratio>stretch</aspectratio>
                        <texture fallback="ClearCase/dv.png">$VAR[CoverFlowCaseSix,ClearCase/,.png]</texture>
                    </control>
                    <visible>!IsEmpty(Container(555).ListItem(1).Art(poster))</visible>
                </control>
                <control type="image">
                    <left>0</left>
                    <top>0</top>
                    <width>300</width>
                    <height>440</height>
                    <aspectratio>stretch</aspectratio>
                    <texture>$INFO[Container(555).ListItem(1).icon]</texture>
                    <visible>IsEmpty(Container(555).ListItem(1).Art(poster))</visible>
                </control>
                <control type="image">
                    <left>0</left>
                    <top>0</top>
                    <width>300</width>
                    <height>440</height>
                    <aspectratio>stretch</aspectratio>
                    <texture>black-back.png</texture>
                    <colordiffuse>AAFFFFFF</colordiffuse>
                    <visible>IsEmpty(Container(555).ListItem(1).Art(poster))</visible>
                </control>
            </control>
            <control type="group">
                <visible>Container.OnNext</visible>
                <animation effect="slide" end="-110,0" time="250" reversible="false">Hidden</animation>
                <control type="group">
                    <left>700</left>
                    <visible>Container.OnNext</visible>
                    <animation effect="rotatey" center="1020" start="0" end="-60" time="250" reversible="false" tween="quadratic" easing="in">Hidden</animation>
                    <animation effect="rotatey" center="1020" start="60" end="60" time="0" condition="true">Conditional</animation>
                    <control type="group">
                        <control type="image">
                            <left>38</left>
                            <top>15</top>
                            <width>248</width>
                            <height>410</height>
                            <texture background="true" diffuse="ClearCase/EmptyCaseMask.png">$INFO[Container(555).ListItem(0).Art(poster)]</texture>
                            <aspectratio aligny="bottom">stretch</aspectratio>
                        </control>
                        <control type="image">
                            <left>38</left>
                            <top>15</top>
                            <width>248</width>
                            <height>410</height>
                            <texture background="true" diffuse="ClearCase/EmptyCaseMask.png">black-back.png</texture>
                            <colordiffuse>AAFFFFFF</colordiffuse>
                            <aspectratio aligny="bottom">stretch</aspectratio>
                        </control>
                        <control type="image">
                            <left>0</left>
                            <top>0</top>
                            <width>300</width>
                            <height>440</height>
                            <aspectratio>stretch</aspectratio>
                            <texture fallback="ClearCase/dv.png">$VAR[CoverFlowCaseFive,ClearCase/,.png]</texture>
                        </control>
                        <visible>!IsEmpty(Container(555).ListItem(0).Art(poster))</visible>
                    </control>
                    <control type="image">
                        <left>0</left>
                        <top>0</top>
                        <width>300</width>
                        <height>440</height>
                        <aspectratio>stretch</aspectratio>
                        <texture>$INFO[Container(555).ListItem(0).icon]</texture>
                        <visible>IsEmpty(Container(555).ListItem(0).Art(poster))</visible>
                    </control>
                    <control type="image">
                        <left>0</left>
                        <top>0</top>
                        <width>300</width>
                        <height>440</height>
                        <aspectratio>stretch</aspectratio>
                        <texture>black-back.png</texture>
                        <colordiffuse>AAFFFFFF</colordiffuse>
                        <visible>IsEmpty(Container(555).ListItem(0).Art(poster))</visible>
                    </control>
                </control>
                <control type="group">
                    <left>490</left>
                    <visible>Container.OnNext</visible>
                    <animation effect="rotatey" center="470" start="0" end="-60" time="250" reversible="false" tween="quadratic" easing="out">Hidden</animation>
                    <control type="group">
                        <control type="image">
                            <left>38</left>
                            <top>15</top>
                            <width>248</width>
                            <height>410</height>
                            <texture background="true" diffuse="ClearCase/EmptyCaseMask.png">$INFO[Container(555).ListItem(-1).Art(poster)]</texture>
                            <aspectratio aligny="bottom">stretch</aspectratio>
                        </control>
                        <control type="image">
                            <left>38</left>
                            <top>15</top>
                            <width>248</width>
                            <height>410</height>
                            <texture background="true" diffuse="ClearCase/EmptyCaseMask.png">black-back.png</texture>
                            <colordiffuse>AAFFFFFF</colordiffuse>
                            <aspectratio aligny="bottom">stretch</aspectratio>
                        </control>
                        <control type="image">
                            <left>0</left>
                            <top>0</top>
                            <width>300</width>
                            <height>440</height>
                            <aspectratio>stretch</aspectratio>
                            <texture fallback="ClearCase/dv.png">$VAR[CoverFlowCaseFour,ClearCase/,.png]</texture>
                        </control>
                        <visible>!IsEmpty(Container(555).ListItem(-1).Art(poster))</visible>
                    </control>
                    <control type="image">
                        <left>0</left>
                        <top>0</top>
                        <width>300</width>
                        <height>440</height>
                        <aspectratio>stretch</aspectratio>
                        <texture>$INFO[Container(555).ListItem(-1).icon]</texture>
                        <visible>IsEmpty(Container(555).ListItem(-1).Art(poster))</visible>
                    </control>
                    <control type="image">
                        <left>0</left>
                        <top>0</top>
                        <width>300</width>
                        <height>440</height>
                        <aspectratio>stretch</aspectratio>
                        <texture>black-back.png</texture>
                        <colordiffuse>AAFFFFFF</colordiffuse>
                        <visible>IsEmpty(Container(555).ListItem(-1).Art(poster))</visible>
                    </control>
                </control>
            </control>
        </control>
        <control type="group" id="7002">
            <include>Window_OpenClose_Animation</include>
            <top>120</top>
            <visible>Control.IsVisible(555) + Container.OnPrevious</visible>
            <animation effect="slide" end="100,0" time="250" reversible="false">Hidden</animation>
            <control type="group">
                <left>900</left>
                <visible>Container.OnPrevious</visible>
                <animation effect="fade" start="100" end="0" time="250" reversible="false">Hidden</animation>
                <animation effect="rotatey" center="1220" start="60" end="60" time="0" condition="true">Conditional</animation>
                <control type="group">
                    <control type="image">
                        <left>38</left>
                        <top>15</top>
                        <width>248</width>
                        <height>410</height>
                        <texture background="true" diffuse="ClearCase/EmptyCaseMask.png">$INFO[Container(555).ListItem(4).Art(poster)]</texture>
                        <aspectratio aligny="bottom">stretch</aspectratio>
                    </control>
                    <control type="image">
                        <left>38</left>
                        <top>15</top>
                        <width>248</width>
                        <height>410</height>
                        <texture background="true" diffuse="ClearCase/EmptyCaseMask.png">black-back.png</texture>
                        <colordiffuse>AAFFFFFF</colordiffuse>
                        <aspectratio aligny="bottom">stretch</aspectratio>
                    </control>
                    <control type="image">
                        <left>0</left>
                        <top>0</top>
                        <width>300</width>
                        <height>440</height>
                        <aspectratio>stretch</aspectratio>
                        <texture fallback="ClearCase/dv.png">$VAR[CoverFlowCaseNine,ClearCase/,.png]</texture>
                    </control>
                    <visible>!IsEmpty(Container(555).ListItem(4).Art(poster))</visible>
                </control>
                <control type="image">
                    <left>0</left>
                    <top>0</top>
                    <width>300</width>
                    <height>440</height>
                    <aspectratio>stretch</aspectratio>
                    <texture>$INFO[Container(555).ListItem(4).icon]</texture>
                    <visible>IsEmpty(Container(555).ListItem(4).Art(poster))</visible>
                </control>
                <control type="image">
                    <left>0</left>
                    <top>0</top>
                    <width>300</width>
                    <height>440</height>
                    <aspectratio>stretch</aspectratio>
                    <texture>black-back.png</texture>
                    <colordiffuse>AAFFFFFF</colordiffuse>
                    <visible>IsEmpty(Container(555).ListItem(4).Art(poster))</visible>
                </control>
            </control>
            <control type="group">
                <left>800</left>
                <animation effect="rotatey" center="1120" start="60" end="60" time="0" condition="true">Conditional</animation>
                <control type="group">
                    <control type="image">
                        <left>38</left>
                        <top>15</top>
                        <width>248</width>
                        <height>410</height>
                        <texture background="true" diffuse="ClearCase/EmptyCaseMask.png">$INFO[Container(555).ListItem(3).Art(poster)]</texture>
                        <aspectratio aligny="bottom">stretch</aspectratio>
                    </control>
                    <control type="image">
                        <left>38</left>
                        <top>15</top>
                        <width>248</width>
                        <height>410</height>
                        <texture background="true" diffuse="ClearCase/EmptyCaseMask.png">black-back.png</texture>
                        <colordiffuse>AAFFFFFF</colordiffuse>
                        <aspectratio aligny="bottom">stretch</aspectratio>
                    </control>
                    <control type="image">
                        <left>0</left>
                        <top>0</top>
                        <width>300</width>
                        <height>440</height>
                        <aspectratio>stretch</aspectratio>
                        <texture fallback="ClearCase/dv.png">$VAR[CoverFlowCaseEight,ClearCase/,.png]</texture>
                    </control>
                    <visible>!IsEmpty(Container(555).ListItem(3).Art(poster))</visible>
                </control>
                <control type="image">
                    <left>0</left>
                    <top>0</top>
                    <width>300</width>
                    <height>440</height>
                    <aspectratio>stretch</aspectratio>
                    <texture>$INFO[Container(555).ListItem(3).icon]</texture>
                    <visible>IsEmpty(Container(555).ListItem(3).Art(poster))</visible>
                </control>
                <control type="image">
                    <left>0</left>
                    <top>0</top>
                    <width>300</width>
                    <height>440</height>
                    <aspectratio>stretch</aspectratio>
                    <texture>black-back.png</texture>
                    <colordiffuse>AAFFFFFF</colordiffuse>
                    <visible>IsEmpty(Container(555).ListItem(3).Art(poster))</visible>
                </control>
            </control>
            <control type="group">
                <left>700</left>
                <animation effect="rotatey" center="1020" start="60" end="60" time="0" condition="true">Conditional</animation>
                <control type="group">
                    <control type="image">
                        <left>38</left>
                        <top>15</top>
                        <width>248</width>
                        <height>410</height>
                        <texture background="true" diffuse="ClearCase/EmptyCaseMask.png">$INFO[Container(555).ListItem(2).Art(poster)]</texture>
                        <aspectratio aligny="bottom">stretch</aspectratio>
                    </control>
                    <control type="image">
                        <left>38</left>
                        <top>15</top>
                        <width>248</width>
                        <height>410</height>
                        <texture background="true" diffuse="ClearCase/EmptyCaseMask.png">black-back.png</texture>
                        <colordiffuse>AAFFFFFF</colordiffuse>
                        <aspectratio aligny="bottom">stretch</aspectratio>
                    </control>
                    <control type="image">
                        <left>0</left>
                        <top>0</top>
                        <width>300</width>
                        <height>440</height>
                        <aspectratio>stretch</aspectratio>
                        <texture fallback="ClearCase/dv.png">$VAR[CoverFlowCaseSeven,ClearCase/,.png]</texture>
                    </control>
                    <visible>!IsEmpty(Container(555).ListItem(2).Art(poster))</visible>
                </control>
                <control type="image">
                    <left>0</left>
                    <top>0</top>
                    <width>300</width>
                    <height>440</height>
                    <aspectratio>stretch</aspectratio>
                    <texture>$INFO[Container(555).ListItem(2).icon]</texture>
                    <visible>IsEmpty(Container(555).ListItem(2).Art(poster))</visible>
                </control>
                <control type="image">
                    <left>0</left>
                    <top>0</top>
                    <width>300</width>
                    <height>440</height>
                    <aspectratio>stretch</aspectratio>
                    <texture>black-back.png</texture>
                    <colordiffuse>AAFFFFFF</colordiffuse>
                    <visible>IsEmpty(Container(555).ListItem(2).Art(poster))</visible>
                </control>
            </control>
            <control type="group">
                <left>-20</left>
                <visible>!Container.OnPrevious</visible>
                <animation effect="fade" start="0" end="100" time="250" reversible="false">Visible</animation>
                <animation effect="rotatey" center="-40" start="-60" end="-60" time="0" condition="true">Conditional</animation>
                <control type="group">
                    <control type="image">
                        <left>38</left>
                        <top>15</top>
                        <width>248</width>
                        <height>410</height>
                        <texture background="true" diffuse="ClearCase/EmptyCaseMask.png">$INFO[Container(555).ListItem(-3).Art(poster)]</texture>
                        <aspectratio aligny="bottom">stretch</aspectratio>
                    </control>
                    <control type="image">
                        <left>38</left>
                        <top>15</top>
                        <width>248</width>
                        <height>410</height>
                        <texture background="true" diffuse="ClearCase/EmptyCaseMask.png">black-back.png</texture>
                        <colordiffuse>AAFFFFFF</colordiffuse>
                        <aspectratio aligny="bottom">stretch</aspectratio>
                    </control>
                    <control type="image">
                        <left>0</left>
                        <top>0</top>
                        <width>300</width>
                        <height>440</height>
                        <aspectratio>stretch</aspectratio>
                        <texture fallback="ClearCase/dv.png">$VAR[CoverFlowCaseTwo,ClearCase/,.png]</texture>
                    </control>
                    <visible>!IsEmpty(Container(555).ListItem(-3).Art(poster))</visible>
                </control>
                <control type="image">
                    <left>0</left>
                    <top>0</top>
                    <width>300</width>
                    <height>440</height>
                    <aspectratio>stretch</aspectratio>
                    <texture>$INFO[Container(555).ListItem(-3).icon]</texture>
                    <visible>IsEmpty(Container(555).ListItem(-3).Art(poster))</visible>
                </control>
                <control type="image">
                    <left>0</left>
                    <top>0</top>
                    <width>300</width>
                    <height>440</height>
                    <aspectratio>stretch</aspectratio>
                    <texture>black-back.png</texture>
                    <colordiffuse>AAFFFFFF</colordiffuse>
                    <visible>IsEmpty(Container(555).ListItem(-3).Art(poster))</visible>
                </control>
            </control>
            <control type="group">
                <left>80</left>
                <animation effect="rotatey" center="60" start="-60" end="-60" time="0" condition="true">Conditional</animation>
                <control type="group">
                    <control type="image">
                        <left>38</left>
                        <top>15</top>
                        <width>248</width>
                        <height>410</height>
                        <texture background="true" diffuse="ClearCase/EmptyCaseMask.png">$INFO[Container(555).ListItem(-2).Art(poster)]</texture>
                        <aspectratio aligny="bottom">stretch</aspectratio>
                    </control>
                    <control type="image">
                        <left>38</left>
                        <top>15</top>
                        <width>248</width>
                        <height>410</height>
                        <texture background="true" diffuse="ClearCase/EmptyCaseMask.png">black-back.png</texture>
                        <colordiffuse>AAFFFFFF</colordiffuse>
                        <aspectratio aligny="bottom">stretch</aspectratio>
                    </control>
                    <control type="image">
                        <left>0</left>
                        <top>0</top>
                        <width>300</width>
                        <height>440</height>
                        <aspectratio>stretch</aspectratio>
                        <texture fallback="ClearCase/dv.png">$VAR[CoverFlowCaseThree,ClearCase/,.png]</texture>
                    </control>
                    <visible>!IsEmpty(Container(555).ListItem(-2).Art(poster))</visible>
                </control>
                <control type="image">
                    <left>0</left>
                    <top>0</top>
                    <width>300</width>
                    <height>440</height>
                    <aspectratio>stretch</aspectratio>
                    <texture>$INFO[Container(555).ListItem(-2).icon]</texture>
                    <visible>IsEmpty(Container(555).ListItem(-2).Art(poster))</visible>
                </control>
                <control type="image">
                    <left>0</left>
                    <top>0</top>
                    <width>300</width>
                    <height>440</height>
                    <aspectratio>stretch</aspectratio>
                    <texture>black-back.png</texture>
                    <colordiffuse>AAFFFFFF</colordiffuse>
                    <visible>IsEmpty(Container(555).ListItem(-2).Art(poster))</visible>
                </control>
            </control>
            <control type="group">
                <left>180</left>
                <animation effect="rotatey" center="160" start="-60" end="-60" time="0" condition="true">Conditional</animation>
                <control type="group">
                    <control type="image">
                        <left>38</left>
                        <top>15</top>
                        <width>248</width>
                        <height>410</height>
                        <texture background="true" diffuse="ClearCase/EmptyCaseMask.png">$INFO[Container(555).ListItem(-1).Art(poster)]</texture>
                        <aspectratio aligny="bottom">stretch</aspectratio>
                    </control>
                    <control type="image">
                        <left>38</left>
                        <top>15</top>
                        <width>248</width>
                        <height>410</height>
                        <texture background="true" diffuse="ClearCase/EmptyCaseMask.png">black-back.png</texture>
                        <colordiffuse>AAFFFFFF</colordiffuse>
                        <aspectratio aligny="bottom">stretch</aspectratio>
                    </control>
                    <control type="image">
                        <left>0</left>
                        <top>0</top>
                        <width>300</width>
                        <height>440</height>
                        <aspectratio>stretch</aspectratio>
                        <texture fallback="ClearCase/dv.png">$VAR[CoverFlowCaseFour,ClearCase/,.png]</texture>
                    </control>
                    <visible>!IsEmpty(Container(555).ListItem(-1).Art(poster))</visible>
                </control>
                <control type="image">
                    <left>0</left>
                    <top>0</top>
                    <width>300</width>
                    <height>440</height>
                    <aspectratio>stretch</aspectratio>
                    <texture>$INFO[Container(555).ListItem(-1).icon]</texture>
                    <visible>IsEmpty(Container(555).ListItem(-1).Art(poster))</visible>
                </control>
                <control type="image">
                    <left>0</left>
                    <top>0</top>
                    <width>300</width>
                    <height>440</height>
                    <aspectratio>stretch</aspectratio>
                    <texture>black-back.png</texture>
                    <colordiffuse>AAFFFFFF</colordiffuse>
                    <visible>IsEmpty(Container(555).ListItem(-1).Art(poster))</visible>
                </control>
            </control>
            <control type="group">
                <visible>Container.OnPrevious</visible>
                <animation effect="slide" end="110,0" time="250" reversible="false">Hidden</animation>
                <control type="group">
                    <left>280</left>
                    <visible>Container.OnPrevious</visible>
                    <animation effect="rotatey" center="260" start="0" end="60" time="250" reversible="false" tween="quadratic" easing="in">Hidden</animation>
                    <animation effect="rotatey" center="260" start="-60" end="-60" time="0" condition="true">Conditional</animation>
                    <control type="group">
                        <control type="image">
                            <left>38</left>
                            <top>15</top>
                            <width>248</width>
                            <height>410</height>
                            <texture background="true" diffuse="ClearCase/EmptyCaseMask.png">$INFO[Container(555).ListItem(0).Art(poster)]</texture>
                            <aspectratio aligny="bottom">stretch</aspectratio>
                        </control>
                        <control type="image">
                            <left>38</left>
                            <top>15</top>
                            <width>248</width>
                            <height>410</height>
                            <texture background="true" diffuse="ClearCase/EmptyCaseMask.png">black-back.png</texture>
                            <colordiffuse>AAFFFFFF</colordiffuse>
                            <aspectratio aligny="bottom">stretch</aspectratio>
                        </control>
                        <control type="image">
                            <left>0</left>
                            <top>0</top>
                            <width>300</width>
                            <height>440</height>
                            <aspectratio>stretch</aspectratio>
                            <texture fallback="ClearCase/dv.png">$VAR[CoverFlowCaseFive,ClearCase/,.png]</texture>
                        </control>
                        <visible>!IsEmpty(Container(555).ListItem(0).Art(poster))</visible>
                    </control>
                    <control type="image">
                        <left>0</left>
                        <top>0</top>
                        <width>300</width>
                        <height>440</height>
                        <aspectratio>stretch</aspectratio>
                        <texture>$INFO[Container(555).ListItem(0).icon]</texture>
                        <visible>IsEmpty(Container(555).ListItem(0).Art(poster))</visible>
                    </control>
                    <control type="image">
                        <left>0</left>
                        <top>0</top>
                        <width>300</width>
                        <height>440</height>
                        <aspectratio>stretch</aspectratio>
                        <texture>black-back.png</texture>
                        <colordiffuse>AAFFFFFF</colordiffuse>
                        <visible>IsEmpty(Container(555).ListItem(0).Art(poster))</visible>
                    </control>
                </control>
                <control type="group">
                    <left>490</left>
                    <visible>Container.OnPrevious</visible>
                    <animation effect="rotatey" center="810" start="0" end="60" time="250" reversible="false" tween="quadratic" easing="out">Hidden</animation>
                    <control type="group">
                        <control type="image">
                            <left>38</left>
                            <top>15</top>
                            <width>248</width>
                            <height>410</height>
                            <texture background="true" diffuse="ClearCase/EmptyCaseMask.png">$INFO[Container(555).ListItem(1).Art(poster)]</texture>
                            <aspectratio aligny="bottom">stretch</aspectratio>
                        </control>
                        <control type="image">
                            <left>38</left>
                            <top>15</top>
                            <width>248</width>
                            <height>410</height>
                            <texture background="true" diffuse="ClearCase/EmptyCaseMask.png">black-back.png</texture>
                            <colordiffuse>AAFFFFFF</colordiffuse>
                            <aspectratio aligny="bottom">stretch</aspectratio>
                        </control>
                        <control type="image">
                            <left>0</left>
                            <top>0</top>
                            <width>300</width>
                            <height>440</height>
                            <aspectratio>stretch</aspectratio>
                            <texture fallback="ClearCase/dv.png">$VAR[CoverFlowCaseSix,ClearCase/,.png]</texture>
                        </control>
                        <visible>!IsEmpty(Container(555).ListItem(1).Art(poster))</visible>
                    </control>
                    <control type="image">
                        <left>0</left>
                        <top>0</top>
                        <width>300</width>
                        <height>440</height>
                        <aspectratio>stretch</aspectratio>
                        <texture>$INFO[Container(555).ListItem(1).icon]</texture>
                        <visible>IsEmpty(Container(555).ListItem(1).Art(poster))</visible>
                    </control>
                    <control type="image">
                        <left>0</left>
                        <top>0</top>
                        <width>300</width>
                        <height>440</height>
                        <aspectratio>stretch</aspectratio>
                        <texture>black-back.png</texture>
                        <colordiffuse>AAFFFFFF</colordiffuse>
                        <visible>IsEmpty(Container(555).ListItem(1).Art(poster))</visible>
                    </control>
                </control>
            </control>
        </control>
        <control type="group" id="7000">
            <include>Window_OpenClose_Animation</include>
            <top>120</top>
            <visible>Control.IsVisible(555) + !Control.IsVisible(7001)  + !Control.IsVisible(7002)</visible>
            <control type="group">
                <left>80</left>
                <animation effect="rotatey" center="60" start="-60" end="-60" time="0" condition="true">Conditional</animation>
                <control type="group">
                    <control type="image">
                        <left>38</left>
                        <top>15</top>
                        <width>248</width>
                        <height>410</height>
                        <texture background="true" diffuse="ClearCase/EmptyCaseMask.png">$INFO[Container(555).ListItem(-3).Art(poster)]</texture>
                        <aspectratio aligny="bottom">stretch</aspectratio>
                    </control>
                    <control type="image">
                        <left>38</left>
                        <top>15</top>
                        <width>248</width>
                        <height>410</height>
                        <texture background="true" diffuse="ClearCase/EmptyCaseMask.png">black-back.png</texture>
                        <colordiffuse>AAFFFFFF</colordiffuse>
                        <aspectratio aligny="bottom">stretch</aspectratio>
                    </control>
                    <control type="image">
                        <left>0</left>
                        <top>0</top>
                        <width>300</width>
                        <height>440</height>
                        <aspectratio>stretch</aspectratio>
                        <texture fallback="ClearCase/dv.png">$VAR[CoverFlowCaseTwo,ClearCase/,.png]</texture>
                    </control>
                    <visible>!IsEmpty(Container(555).ListItem(-3).Art(poster))</visible>
                </control>
                <control type="image">
                    <left>0</left>
                    <top>0</top>
                    <width>300</width>
                    <height>440</height>
                    <aspectratio>stretch</aspectratio>
                    <texture>$INFO[Container(555).ListItem(-3).icon]</texture>
                    <visible>IsEmpty(Container(555).ListItem(-3).Art(poster))</visible>
                </control>
                <control type="image">
                    <left>0</left>
                    <top>0</top>
                    <width>300</width>
                    <height>440</height>
                    <aspectratio>stretch</aspectratio>
                    <texture>black-back.png</texture>
                    <colordiffuse>AAFFFFFF</colordiffuse>
                    <visible>IsEmpty(Container(555).ListItem(-3).Art(poster))</visible>
                </control>
            </control>
            <control type="group">
                <left>180</left>
                <animation effect="rotatey" center="160" start="-60" end="-60" time="0" condition="true">Conditional</animation>
                <control type="group">
                    <control type="image">
                        <left>38</left>
                        <top>15</top>
                        <width>248</width>
                        <height>410</height>
                        <texture background="true" diffuse="ClearCase/EmptyCaseMask.png">$INFO[Container(555).ListItem(-2).Art(poster)]</texture>
                        <aspectratio aligny="bottom">stretch</aspectratio>
                    </control>
                    <control type="image">
                        <left>38</left>
                        <top>15</top>
                        <width>248</width>
                        <height>410</height>
                        <texture background="true" diffuse="ClearCase/EmptyCaseMask.png">black-back.png</texture>
                        <colordiffuse>AAFFFFFF</colordiffuse>
                        <aspectratio aligny="bottom">stretch</aspectratio>
                    </control>
                    <control type="image">
                        <left>0</left>
                        <top>0</top>
                        <width>300</width>
                        <height>440</height>
                        <aspectratio>stretch</aspectratio>
                        <texture fallback="ClearCase/dv.png">$VAR[CoverFlowCaseThree,ClearCase/,.png]</texture>
                    </control>
                    <visible>!IsEmpty(Container(555).ListItem(-2).Art(poster))</visible>
                </control>
                <control type="image">
                    <left>0</left>
                    <top>0</top>
                    <width>300</width>
                    <height>440</height>
                    <aspectratio>stretch</aspectratio>
                    <texture>$INFO[Container(555).ListItem(-2).icon]</texture>
                    <visible>IsEmpty(Container(555).ListItem(-2).Art(poster))</visible>
                </control>
                <control type="image">
                    <left>0</left>
                    <top>0</top>
                    <width>300</width>
                    <height>440</height>
                    <aspectratio>stretch</aspectratio>
                    <texture>black-back.png</texture>
                    <colordiffuse>AAFFFFFF</colordiffuse>
                    <visible>IsEmpty(Container(555).ListItem(-2).Art(poster))</visible>
                </control>
            </control>
            <control type="group">
                <left>280</left>
                <animation effect="rotatey" center="260" start="-60" end="-60" time="0" condition="true">Conditional</animation>
                <control type="group">
                    <control type="image">
                        <left>38</left>
                        <top>15</top>
                        <width>248</width>
                        <height>410</height>
                        <texture background="true" diffuse="ClearCase/EmptyCaseMask.png">$INFO[Container(555).ListItem(-1).Art(poster)]</texture>
                        <aspectratio aligny="bottom">stretch</aspectratio>
                    </control>
                    <control type="image">
                        <left>38</left>
                        <top>15</top>
                        <width>248</width>
                        <height>410</height>
                        <texture background="true" diffuse="ClearCase/EmptyCaseMask.png">black-back.png</texture>
                        <colordiffuse>AAFFFFFF</colordiffuse>
                        <aspectratio aligny="bottom">stretch</aspectratio>
                    </control>
                    <control type="image">
                        <left>0</left>
                        <top>0</top>
                        <width>300</width>
                        <height>440</height>
                        <aspectratio>stretch</aspectratio>
                        <texture fallback="ClearCase/dv.png">$VAR[CoverFlowCaseFour,ClearCase/,.png]</texture>
                    </control>
                    <visible>!IsEmpty(Container(555).ListItem(-1).Art(poster))</visible>
                </control>
                <control type="image">
                    <left>0</left>
                    <top>0</top>
                    <width>300</width>
                    <height>440</height>
                    <aspectratio>stretch</aspectratio>
                    <texture>$INFO[Container(555).ListItem(-1).icon]</texture>
                    <visible>IsEmpty(Container(555).ListItem(-1).Art(poster))</visible>
                </control>
                <control type="image">
                    <left>0</left>
                    <top>0</top>
                    <width>300</width>
                    <height>440</height>
                    <aspectratio>stretch</aspectratio>
                    <texture>black-back.png</texture>
                    <colordiffuse>AAFFFFFF</colordiffuse>
                    <visible>IsEmpty(Container(555).ListItem(-1).Art(poster))</visible>
                </control>
            </control>
            <control type="group">
                <left>900</left>
                <animation effect="rotatey" center="1220" start="60" end="60" time="0" condition="true">Conditional</animation>
                <control type="group">
                    <control type="image">
                        <left>38</left>
                        <top>15</top>
                        <width>248</width>
                        <height>410</height>
                        <texture background="true" diffuse="ClearCase/EmptyCaseMask.png">$INFO[Container(555).ListItem(3).Art(poster)]</texture>
                        <aspectratio aligny="bottom">stretch</aspectratio>
                    </control>
                    <control type="image">
                        <left>38</left>
                        <top>15</top>
                        <width>248</width>
                        <height>410</height>
                        <texture background="true" diffuse="ClearCase/EmptyCaseMask.png">black-back.png</texture>
                        <colordiffuse>AAFFFFFF</colordiffuse>
                        <aspectratio aligny="bottom">stretch</aspectratio>
                    </control>
                    <control type="image">
                        <left>0</left>
                        <top>0</top>
                        <width>300</width>
                        <height>440</height>
                        <aspectratio>stretch</aspectratio>
                        <texture fallback="ClearCase/dv.png">$VAR[CoverFlowCaseEight,ClearCase/,.png]</texture>
                    </control>
                    <visible>!IsEmpty(Container(555).ListItem(3).Art(poster))</visible>
                </control>
                <control type="image">
                    <left>0</left>
                    <top>0</top>
                    <width>300</width>
                    <height>440</height>
                    <aspectratio>stretch</aspectratio>
                    <texture>$INFO[Container(555).ListItem(3).icon]</texture>
                    <visible>IsEmpty(Container(555).ListItem(3).Art(poster))</visible>
                </control>
                <control type="image">
                    <left>0</left>
                    <top>0</top>
                    <width>300</width>
                    <height>440</height>
                    <aspectratio>stretch</aspectratio>
                    <texture>black-back.png</texture>
                    <colordiffuse>AAFFFFFF</colordiffuse>
                    <visible>IsEmpty(Container(555).ListItem(3).Art(poster))</visible>
                </control>
            </control>
            <control type="group">
                <left>800</left>
                <animation effect="rotatey" center="1120" start="60" end="60" time="0" condition="true">Conditional</animation>
                <control type="group">
                    <control type="image">
                        <left>38</left>
                        <top>15</top>
                        <width>248</width>
                        <height>410</height>
                        <texture background="true" diffuse="ClearCase/EmptyCaseMask.png">$INFO[Container(555).ListItem(2).Art(poster)]</texture>
                        <aspectratio aligny="bottom">stretch</aspectratio>
                    </control>
                    <control type="image">
                        <left>38</left>
                        <top>15</top>
                        <width>248</width>
                        <height>410</height>
                        <texture background="true" diffuse="ClearCase/EmptyCaseMask.png">black-back.png</texture>
                        <colordiffuse>AAFFFFFF</colordiffuse>
                        <aspectratio aligny="bottom">stretch</aspectratio>
                    </control>
                    <control type="image">
                        <left>0</left>
                        <top>0</top>
                        <width>300</width>
                        <height>440</height>
                        <aspectratio>stretch</aspectratio>
                        <texture fallback="ClearCase/dv.png">$VAR[CoverFlowCaseSeven,ClearCase/,.png]</texture>
                    </control>
                    <visible>!IsEmpty(Container(555).ListItem(2).Art(poster))</visible>
                </control>
                <control type="image">
                    <left>0</left>
                    <top>0</top>
                    <width>300</width>
                    <height>440</height>
                    <aspectratio>stretch</aspectratio>
                    <texture>$INFO[Container(555).ListItem(2).icon]</texture>
                    <visible>IsEmpty(Container(555).ListItem(2).Art(poster))</visible>
                </control>
                <control type="image">
                    <left>0</left>
                    <top>0</top>
                    <width>300</width>
                    <height>440</height>
                    <aspectratio>stretch</aspectratio>
                    <texture>black-back.png</texture>
                    <colordiffuse>AAFFFFFF</colordiffuse>
                    <visible>IsEmpty(Container(555).ListItem(2).Art(poster))</visible>
                </control>
            </control>
            <control type="group">
                <left>700</left>
                <animation effect="rotatey" center="1020" start="60" end="60" time="0" condition="true">Conditional</animation>
                <control type="group">
                    <control type="image">
                        <left>38</left>
                        <top>15</top>
                        <width>248</width>
                        <height>410</height>
                        <texture background="true" diffuse="ClearCase/EmptyCaseMask.png">$INFO[Container(555).ListItem(1).Art(poster)]</texture>
                        <aspectratio aligny="bottom">stretch</aspectratio>
                    </control>
                    <control type="image">
                        <left>38</left>
                        <top>15</top>
                        <width>248</width>
                        <height>410</height>
                        <texture background="true" diffuse="ClearCase/EmptyCaseMask.png">black-back.png</texture>
                        <colordiffuse>AAFFFFFF</colordiffuse>
                        <aspectratio aligny="bottom">stretch</aspectratio>
                    </control>
                    <control type="image">
                        <left>0</left>
                        <top>0</top>
                        <width>300</width>
                        <height>440</height>
                        <aspectratio>stretch</aspectratio>
                        <texture fallback="ClearCase/dv.png">$VAR[CoverFlowCaseSix,ClearCase/,.png]</texture>
                    </control>
                    <visible>!IsEmpty(Container(555).ListItem(1).Art(poster))</visible>
                </control>
                <control type="image">
                    <left>0</left>
                    <top>0</top>
                    <width>300</width>
                    <height>440</height>
                    <aspectratio>stretch</aspectratio>
                    <texture>$INFO[Container(555).ListItem(1).icon]</texture>
                    <visible>IsEmpty(Container(555).ListItem(1).Art(poster))</visible>
                </control>
                <control type="image">
                    <left>0</left>
                    <top>0</top>
                    <width>300</width>
                    <height>440</height>
                    <aspectratio>stretch</aspectratio>
                    <texture>black-back.png</texture>
                    <colordiffuse>AAFFFFFF</colordiffuse>
                    <visible>IsEmpty(Container(555).ListItem(1).Art(poster))</visible>
                </control>
            </control>
            <control type="group">
                <left>490</left>
                <control type="group">
                    <visible>Control.HasFocus(555)</visible>
                    <visible>!IsEmpty(Container(555).ListItem(0).Art(poster))</visible>
                    <control type="image">
                        <left>38</left>
                        <top>15</top>
                        <width>248</width>
                        <height>410</height>
                        <texture background="true" diffuse="ClearCase/EmptyCaseMask.png">$INFO[Container(555).ListItem(0).Art(poster)]</texture>
                        <aspectratio aligny="bottom">stretch</aspectratio>
                    </control>
                    <control type="image">
                        <left>38</left>
                        <top>15</top>
                        <width>248</width>
                        <height>410</height>
                        <texture background="true" diffuse="ClearCase/EmptyCaseMask.png">black-back.png</texture>
                        <colordiffuse>AAFFFFFF</colordiffuse>
                        <aspectratio aligny="bottom">stretch</aspectratio>
                    </control>
                    <control type="image">
                        <left>0</left>
                        <top>0</top>
                        <width>300</width>
                        <height>440</height>
                        <aspectratio>stretch</aspectratio>
                        <texture fallback="ClearCase/dv.png">$VAR[CoverFlowCaseFive,ClearCase/,.png]</texture>
                    </control>
                </control>
                <control type="image">
                    <left>0</left>
                    <top>0</top>
                    <width>300</width>
                    <height>440</height>
                    <aspectratio>stretch</aspectratio>
                    <texture>$INFO[Container(555).ListItem(0).icon]</texture>
                    <visible>Control.HasFocus(555)</visible>
                    <visible>IsEmpty(Container(555).ListItem(0).Art(poster))</visible>
                </control>
                <control type="image">
                    <left>0</left>
                    <top>0</top>
                    <width>300</width>
                    <height>440</height>
                    <aspectratio>stretch</aspectratio>
                    <texture>black-back.png</texture>
                    <colordiffuse>AAFFFFFF</colordiffuse>
                    <visible>Control.HasFocus(555)</visible>
                    <visible>IsEmpty(Container(555).ListItem(0).Art(poster))</visible>
                </control>
            </control>
            <control type="group">
                <left>490</left>
                <control type="group">
                    <visible>!Control.HasFocus(555)</visible>
                    <visible>!IsEmpty(Container(555).ListItem(0).Art(poster))</visible>
                    <control type="image">
                        <left>38</left>
                        <top>15</top>
                        <width>248</width>
                        <height>410</height>
                        <texture background="true" diffuse="ClearCase/EmptyCaseMask.png">$INFO[Container(555).ListItem(0).Art(poster)]</texture>
                        <aspectratio aligny="bottom">stretch</aspectratio>
                    </control>
                    <control type="image">
                        <left>38</left>
                        <top>15</top>
                        <width>248</width>
                        <height>410</height>
                        <texture background="true" diffuse="ClearCase/EmptyCaseMask.png">black-back.png</texture>
                        <colordiffuse>AAFFFFFF</colordiffuse>
                        <aspectratio aligny="bottom">stretch</aspectratio>
                    </control>
                    <control type="image">
                        <left>0</left>
                        <top>0</top>
                        <width>300</width>
                        <height>440</height>
                        <aspectratio>stretch</aspectratio>
                        <texture fallback="ClearCase/dv.png">$VAR[CoverFlowCaseFive,ClearCase/,.png]</texture>
                    </control>
                </control>
                <control type="image">
                    <left>0</left>
                    <top>0</top>
                    <width>300</width>
                    <height>440</height>
                    <aspectratio>stretch</aspectratio>
                    <texture>$INFO[Container(555).ListItem(0).icon]</texture>
                    <visible>!Control.HasFocus(555)</visible>
                    <visible>IsEmpty(Container(555).ListItem(0).Art(poster))</visible>
                </control>
                <control type="image">
                    <left>0</left>
                    <top>0</top>
                    <width>300</width>
                    <height>440</height>
                    <aspectratio>stretch</aspectratio>
                    <texture>black-back.png</texture>
                    <colordiffuse>AAFFFFFF</colordiffuse>
                    <visible>!Control.HasFocus(555)</visible>
                    <visible>IsEmpty(Container(555).ListItem(0).Art(poster))</visible>
                </control>
            </control>
        </control>
        <control type="wraplist" id="555">
            <description>Fake list to control coverflow movement</description>
            <include>Window_OpenClose_Animation</include>
            <visible>Container.Content(Movies) | Container.Content(Seasons) | Container.Content(TVShows) | Container.Content(MusicVideos)</visible>
            <left>490</left>
            <top>120</top>
            <width>306</width>
            <height>440</height>
            <onleft>555</onleft>
            <onright>555</onright>
            <onup>9000</onup>
            <ondown>60</ondown>
            <viewtype label="31647">list</viewtype>
            <pagecontrol>60</pagecontrol>
            <orientation>horizontal</orientation>
            <scrolltime>250</scrolltime>
            <focusedposition>3</focusedposition>
            <itemlayout height="1" width="1"></itemlayout>
            <focusedlayout height="440" width="300">
                <control type="group">
                    <visible>!Control.IsVisible(7001) + !Control.IsVisible(7002)</visible>
                    <visible>!IsEmpty(ListItem.Art(poster))</visible>
                    <control type="image">
                        <left>38</left>
                        <top>15</top>
                        <width>248</width>
                        <height>410</height>
                        <texture background="true" diffuse="ClearCase/EmptyCaseMask.png">$INFO[ListItem.Art(poster)]</texture>
                        <aspectratio aligny="bottom">stretch</aspectratio>
                    </control>
                    <control type="image">
                        <left>38</left>
                        <top>15</top>
                        <width>248</width>
                        <height>410</height>
                        <texture background="true" diffuse="ClearCase/EmptyCaseMask.png">black-back.png</texture>
                        <colordiffuse>AAFFFFFF</colordiffuse>
                        <aspectratio aligny="bottom">stretch</aspectratio>
                        <visible>!Control.HasFocus(555)</visible>
                    </control>
                    <control type="image">
                        <left>0</left>
                        <top>0</top>
                        <width>300</width>
                        <height>440</height>
                        <aspectratio>stretch</aspectratio>
                        <texture fallback="ClearCase/dv.png">$VAR[VideoListCase,ClearCase/,.png]</texture>
                    </control>
                </control>
                <control type="image">
                    <left>0</left>
                    <top>0</top>
                    <width>300</width>
                    <height>440</height>
                    <aspectratio>stretch</aspectratio>
                    <texture>$INFO[ListItem.icon]</texture>
                    <visible>!Control.IsVisible(7001) + !Control.IsVisible(7002)</visible>
                    <visible>IsEmpty(ListItem.Art(poster))</visible>
                </control>
                <control type="image">
                    <left>0</left>
                    <top>0</top>
                    <width>300</width>
                    <height>440</height>
                    <aspectratio>stretch</aspectratio>
                    <texture>black-back.png</texture>
                    <colordiffuse>AAFFFFFF</colordiffuse>
                    <visible>!Control.IsVisible(7001) + !Control.IsVisible(7002)</visible>
                    <visible>IsEmpty(ListItem.Art(poster))</visible>
                    <visible>!Control.HasFocus(555)</visible>
                </control>
            </focusedlayout>
        </control>
        <control type="group">
            <visible>Control.IsVisible(555)</visible>
            <control type="image">
                <left>-2</left>
                <top>0</top>
                <width>531</width>
                <height>780</height>
                <texture>SideFade.png</texture>
            </control>
            <control type="image">
                <left>753</left>
                <top>0</top>
                <width>531</width>
                <height>780</height>
                <texture flipx="true">SideFade.png</texture>
            </control>
        </control>
        <control type="group">
            <include>Window_OpenClose_Animation</include>
            <visible>Control.IsVisible(555)</visible>
            <control type="label">
                <left>40</left>
                <top>555</top>
                <width>1200</width>
                <height>35</height>
                <font>font10</font>
                <textcolor>white</textcolor>
                <shadowcolor>black</shadowcolor>
                <wrapmultiline>true</wrapmultiline>
                <scroll>false</scroll>
                <align>center</align>
                <aligny>center</aligny>
                <label>$INFO[ListItem.Duration,[B][COLOR=blue]$LOCALIZE[2050][/COLOR][/B] , $LOCALIZE[12391]] $INFO[ListItem.RatingAndVotes, [B][COLOR=blue]$LOCALIZE[563][/COLOR][/B] ]$INFO[ListItem.LastPlayed, [B][COLOR=blue]$LOCALIZE[568][/COLOR][/B] ]</label>
            </control>
            <control type="scrollbar" id="60">
                <left>90</left>
                <top>635</top>
                <width>1100</width>
                <height>25</height>
                <texturesliderbackground border="14,0,14,0">ScrollBarH.png</texturesliderbackground>
                <texturesliderbar border="14,0,14,0">ScrollBarH_bar.png</texturesliderbar>
                <texturesliderbarfocus border="14,0,14,0">ScrollBarH_bar_focus.png</texturesliderbarfocus>
                <textureslidernib>ScrollBarNib.png</textureslidernib>
                <textureslidernibfocus>ScrollBarNib.png</textureslidernibfocus>
                <showonepage>true</showonepage>
                <orientation>horizontal</orientation>
                <onup>555</onup>
                <ondown>803</ondown>
            </control>
        </control>
        <control type="group">
            <visible>Control.IsVisible(555)</visible>
            <left>90</left>
            <top>592</top>
            <include>FullScreenMediaFlagging</include>
        </control>
    </include>
</includes>