<?xml version="1.0" encoding="UTF-8"?>
<includes>
    <include name="MediaInfoView">
        <control type="group">
            <visible>Control.IsVisible(504)</visible>
            <include>VisibleFadeEffect</include>
            <include>FanArtExtraThumbs</include>
            <control type="list" id="504">
                <left>40</left>
                <top>86</top>
                <width>610</width>
                <height>560</height>
                <onleft>2</onleft>
                <onright>60</onright>
                <onup>504</onup>
                <ondown>504</ondown>
                <viewtype label="$LOCALIZE[31641]">list</viewtype>
                <pagecontrol>60</pagecontrol>
                <scrolltime>200</scrolltime>
                <visible>Container.Content(TVShows) | Container.Content(Movies) | Container.Content(Episodes) | Container.Content(MusicVideos)</visible>
                <itemlayout height="40" width="610">
                    <control type="image">
                        <left>0</left>
                        <top>0</top>
                        <width>580</width>
                        <height>41</height>
                        <texture border="0,2,0,2">MenuItemNF.png</texture>
                    </control>
                    <control type="label">
                        <left>34</left>
                        <top>0</top>
                        <width>550</width>
                        <height>40</height>
                        <font>font13</font>
                        <textcolor>grey2</textcolor>
                        <selectedcolor>selected</selectedcolor>
                        <align>left</align>
                        <aligny>center</aligny>
                        <label>$INFO[ListItem.label]</label>
                    </control>
                    <control type="label">
                        <left>555</left>
                        <top>0</top>
                        <width>500</width>
                        <height>40</height>
                        <font>font12</font>
                        <textcolor>grey2</textcolor>
                        <selectedcolor>selected</selectedcolor>
                        <align>right</align>
                        <aligny>center</aligny>
                        <label>$INFO[ListItem.label2]</label>
                        <visible>Window.IsVisible(Videos)</visible>
                        <animation effect="slide" start="0,0" end="40,0" delay="0" time="0" condition="![Container.Content(Movies) | Container.Content(Episodes) | Container.Content(MusicVideos)]">conditional</animation>
                    </control>
                    <control type="image">
                        <left>560</left>
                        <top>8</top>
                        <width>40</width>
                        <height>26</height>
                        <texture>$VAR[VideoResolutionFlag]</texture>
                        <visible>Window.IsVisible(Videos) + [Container.Content(Movies) | Container.Content(Episodes) | Container.Content(MusicVideos)]</visible>
                    </control>
                    <control type="image">
                        <left>3</left>
                        <top>6</top>
                        <width>28</width>
                        <height>28</height>
                        <texture diffuse="poster-diffuse.png">$VAR[PartlyWatched,MediaStatus/,.png]</texture>
                        <visible>!Skin.HasSetting(disablewatchedcheck) + !IsEmpty(ListItem.Overlay)</visible>
                    </control>
                </itemlayout>
                <focusedlayout height="40" width="610">
                    <control type="image">
                        <left>0</left>
                        <top>0</top>
                        <width>610</width>
                        <height>41</height>
                        <texture border="0,2,0,2">MenuItemNF.png</texture>
                        <visible>!Control.HasFocus(504)</visible>
                        <include>VisibleFadeEffect</include>
                    </control>
                    <control type="image">
                        <left>0</left>
                        <top>0</top>
                        <width>610</width>
                        <height>41</height>
                        <texture border="0,2,0,2">MenuItemFO.png</texture>
                        <visible>Control.HasFocus(504)</visible>
                        <include>VisibleFadeEffect</include>
                    </control>
                    <control type="image">
                        <left>410</left>
                        <top>4</top>
                        <width>200</width>
                        <height>33</height>
                        <texture border="0,0,14,0">MediaItemDetailBG.png</texture>
                        <visible>Control.HasFocus(504) + !IsEmpty(ListItem.label2)</visible>
                    </control>
                    <control type="label">
                        <left>34</left>
                        <top>0</top>
                        <width>550</width>
                        <height>40</height>
                        <font>font13</font>
                        <textcolor>white</textcolor>
                        <selectedcolor>selected</selectedcolor>
                        <align>left</align>
                        <aligny>center</aligny>
                        <label>$INFO[ListItem.label]</label>
                    </control>
                    <control type="label">
                        <left>555</left>
                        <top>0</top>
                        <width>500</width>
                        <height>40</height>
                        <font>font12</font>
                        <textcolor>grey2</textcolor>
                        <selectedcolor>selected</selectedcolor>
                        <align>right</align>
                        <aligny>center</aligny>
                        <label>$INFO[ListItem.label2]</label>
                        <visible>Window.IsVisible(Videos)</visible>
                        <animation effect="slide" start="0,0" end="40,0" delay="0" time="0" condition="![Container.Content(Movies) | Container.Content(Episodes) | Container.Content(MusicVideos)]">conditional</animation>
                    </control>
                    <control type="image">
                        <left>560</left>
                        <top>8</top>
                        <width>40</width>
                        <height>26</height>
                        <texture>$VAR[VideoResolutionFlag]</texture>
                        <visible>Window.IsVisible(Videos) + [Container.Content(Movies) | Container.Content(Episodes) | Container.Content(MusicVideos)]</visible>
                    </control>
                    <control type="image">
                        <left>3</left>
                        <top>6</top>
                        <width>28</width>
                        <height>28</height>
                        <texture diffuse="poster-diffuse.png">$VAR[PartlyWatched,MediaStatus/,.png]</texture>
                        <visible>!Skin.HasSetting(disablewatchedcheck) + !IsEmpty(ListItem.Overlay)</visible>
                    </control>
                </focusedlayout>
            </control>
            <control type="scrollbar" id="60">
                <left>650</left>
                <top>96</top>
                <width>25</width>
                <height>552</height>
                <texturesliderbackground border="10,14,10,14">ScrollBarV.png</texturesliderbackground>
                <texturesliderbar border="10,14,10,14">ScrollBarV_bar.png</texturesliderbar>
                <texturesliderbarfocus border="10,14,10,14">ScrollBarV_bar_focus.png</texturesliderbarfocus>
                <textureslidernib>ScrollBarNib.png</textureslidernib>
                <textureslidernibfocus>ScrollBarNib.png</textureslidernibfocus>
                <onleft>504</onleft>
                <onright>800</onright>
                <showonepage>true</showonepage>
                <orientation>vertical</orientation>
                <visible>Control.IsVisible(504)</visible>
            </control>
            <control type="group">
                <left>710</left>
                <top>94</top>
                <visible>Control.IsVisible(504) + [Container.Content(Movies) | Container.Content(MusicVideos) | Container.Content(TVShows)]</visible>
                <control type="multiimage">
                    <left>0</left>
                    <top>0</top>
                    <width>510</width>
                    <height>286</height>
                    <aspectratio>keep</aspectratio>
                    <fadetime>IconCrossfadeTime</fadetime>
                    <timeperimage>5000</timeperimage>
                    <randomize>true</randomize>
                    <imagepath diffuse="Fanart_Diffuse.png" background="true">$INFO[ListItem.path,,extrathumbs/]</imagepath>
                    <bordertexture background="true" border="8">ThumbShadow.png</bordertexture>
                    <bordersize>8</bordersize>
                    <visible>!IsEmpty(Control.GetLabel(5045))</visible>
                    <visible>!Skin.HasSetting(disable504fanart)</visible>
                    <visible>Container.Content(Movies) | Container.Content(MusicVideos)</visible>
                </control>
                <control type="image">
                    <left>0</left>
                    <top>0</top>
                    <width>510</width>
                    <height>286</height>
                    <aspectratio>keep</aspectratio>
                    <fadetime>IconCrossfadeTime</fadetime>
                    <texture diffuse="Fanart_Diffuse.png" background="true" fallback="SmallFanartFallback.jpg">$INFO[ListItem.Art(fanart)]</texture>
                    <bordertexture background="true" border="8">ThumbShadow.png</bordertexture>
                    <bordersize>8</bordersize>
                    <visible>Container.Content(TVShows) | Skin.HasSetting(disable504fanart) | IsEmpty(Control.GetLabel(5045))</visible>
                    <visible>!IsEmpty(ListItem.Title)</visible>
                </control>
                <control type="image">
                    <left>10</left>
                    <top>224</top>
                    <width>510</width>
                    <height>60</height>
                    <aspectratio align="left" aligny="bottom">keep</aspectratio>
                    <fadetime>IconCrossfadeTime</fadetime>
                    <texture background="true">$INFO[ListItem.Art(clearlogo)]</texture>
                    <visible>!IsEmpty(ListItem.Title) + !IsEmpty(ListItem.Art(clearlogo))</visible>
                </control>
                <control type="group">
                    <visible>!IsEmpty(ListItem.Title)</visible>
                    <control type="grouplist">
                        <description>Media Codec Flagging Images</description>
                        <left>8</left>
                        <top>290</top>
                        <width>488</width>
                        <align>center</align>
                        <itemgap>2</itemgap>
                        <orientation>horizontal</orientation>
                        <include condition="!Skin.HasSetting(enablefullmpaa)">VideoMPAAFlaggingConditions</include>
                        <include>VideoExtraInfoFlagging</include>
                        <include>VideoCodecFlaggingConditions</include>
                        <include>AudioCodecFlaggingConditions</include>
                        <include>AudioChannelsFlaggingConditions</include>
                        <include>AspectCodecFlaggingConditions</include>
                        <visible>Container.Content(Movies) | Container.Content(MusicVideos)</visible>
                        <visible>Skin.HasSetting(hidegenreicons)</visible>
                    </control>
                    <control type="group">
                        <control type="image">
                            <description>Rating image</description>
                            <left>0</left>
                            <top>290</top>
                            <width>96</width>
                            <height>46</height>
                            <aspectratio align="right">keep</aspectratio>
                            <texture>$VAR[RatingMPAA,flagging/ratings/,.png]</texture>
                            <visible>!IsEmpty(ListItem.Mpaa)</visible>
                        </control>
                        <control type="grouplist">
                            <description>Media Genre Flagging</description>
                            <left>97</left>
                            <top>290</top>
                            <width>315</width>
                            <align>center</align>
                            <itemgap>2</itemgap>
                            <orientation>horizontal</orientation>
                            <include>SmallVideoGenreFlagging</include>
                        </control>
                        <control type="image">
                            <description>Studio image</description>
                            <left>412</left>
                            <top>290</top>
                            <width>96</width>
                            <height>46</height>
                            <aspectratio align="center">keep</aspectratio>
                            <texture background="true">$INFO[ListItem.Studio,flagging/studio/,.png]</texture>
                            <visible>!IsEmpty(ListItem.Studio)</visible>
                        </control>
                        <visible>!Skin.HasSetting(hidegenreicons) | Container.Content(TVShows)</visible>
                    </control>
                    <control type="image">
                        <left>0</left>
                        <top>284</top>
                        <width>510</width>
                        <height>4</height>
                        <texture>separator.png</texture>
                        <visible>Container.Content(Movies) | Container.Content(MusicVideos)</visible>
                    </control>
                    <control type="textbox">
                        <description>Description Value for Video</description>
                        <left>10</left>
                        <top>335</top>
                        <width>490</width>
                        <height>200</height>
                        <font>font12</font>
                        <align>justify</align>
                        <textcolor>white</textcolor>
                        <label>$VAR[VideoDescription]</label>
                        <autoscroll delay="3000" time="1800" repeat="10000">!Skin.HasSetting(disableautoscroll)</autoscroll>
                    </control>
                    <control type="image">
                        <left>0</left>
                        <top>538</top>
                        <width>510</width>
                        <height>4</height>
                        <texture>separator.png</texture>
                    </control>
                </control>
            </control>
            <control type="group">
                <left>710</left>
                <top>98</top>
                <visible>Control.IsVisible(504) + Container.Content(Episodes)</visible>
                <control type="image">
                    <left>0</left>
                    <top>0</top>
                    <width>510</width>
                    <height>286</height>
                    <aspectratio>keep</aspectratio>
                    <fadetime>IconCrossfadeTime</fadetime>
                    <texture diffuse="Fanart_Diffuse.png" background="true">$INFO[ListItem.icon]</texture>
                    <bordertexture background="true" border="8">ThumbShadow.png</bordertexture>
                    <bordersize>8</bordersize>
                    <visible>IsEmpty(ListItem.Title) | !Skin.HasSetting(hideepisodethumb)</visible>
                </control>
                <control type="image">
                    <left>0</left>
                    <top>0</top>
                    <width>510</width>
                    <height>286</height>
                    <aspectratio>keep</aspectratio>
                    <fadetime>IconCrossfadeTime</fadetime>
                    <texture diffuse="Fanart_Diffuse.png" background="true">$INFO[ListItem.Art(fanart)]</texture>
                    <bordertexture background="true" border="8">ThumbShadow.png</bordertexture>
                    <bordersize>8</bordersize>
                    <visible>!IsEmpty(ListItem.Title) + Skin.HasSetting(hideepisodethumb)</visible>
                </control>
                <control type="grouplist">
                    <description>Media Codec Flagging Images</description>
                    <left>8</left>
                    <top>290</top>
                    <width>488</width>
                    <align>center</align>
                    <itemgap>2</itemgap>
                    <orientation>horizontal</orientation>
                    <include>VideoMPAAFlaggingConditions</include>
                    <include>VideoCodecFlaggingConditions</include>
                    <include>AudioCodecFlaggingConditions</include>
                    <include>AudioChannelsFlaggingConditions</include>
                    <include>AspectCodecFlaggingConditions</include>
                    <visible>!IsEmpty(ListItem.Title)</visible>
                </control>
                <control type="image">
                    <left>0</left>
                    <top>332</top>
                    <width>510</width>
                    <height>4</height>
                    <texture>separator.png</texture>
                    <visible>!IsEmpty(ListItem.Title)</visible>
                </control>
                <control type="label">
                    <description>Writer txt</description>
                    <left>10</left>
                    <top>334</top>
                    <width>140</width>
                    <height>25</height>
                    <label>[B]$LOCALIZE[20417]$LOCALIZE[31000][/B]</label>
                    <align>right</align>
                    <aligny>center</aligny>
                    <font>font12</font>
                    <textcolor>blue</textcolor>
                    <visible>!IsEmpty(ListItem.Title)</visible>
                </control>
                <control type="fadelabel">
                    <description>Writer Value</description>
                    <left>160</left>
                    <top>334</top>
                    <width>340</width>
                    <height>25</height>
                    <label fallback="416">$INFO[ListItem.Writer]</label>
                    <align>left</align>
                    <aligny>center</aligny>
                    <font>font12</font>
                    <scrollout>false</scrollout>
                    <pauseatend>1000</pauseatend>
                    <visible>!IsEmpty(ListItem.Title)</visible>
                </control>
                <control type="label">
                    <description>Director txt</description>
                    <left>10</left>
                    <top>360</top>
                    <width>140</width>
                    <height>25</height>
                    <label>[B]$LOCALIZE[20339]$LOCALIZE[31000][/B]</label>
                    <align>right</align>
                    <aligny>center</aligny>
                    <font>font12</font>
                    <textcolor>blue</textcolor>
                    <visible>!IsEmpty(ListItem.Title)</visible>
                </control>
                <control type="fadelabel">
                    <description>Director Value</description>
                    <left>160</left>
                    <top>360</top>
                    <width>340</width>
                    <height>25</height>
                    <label fallback="416">$INFO[ListItem.Director]</label>
                    <align>left</align>
                    <aligny>center</aligny>
                    <font>font12</font>
                    <scrollout>false</scrollout>
                    <pauseatend>1000</pauseatend>
                    <visible>!IsEmpty(ListItem.Title)</visible>
                </control>
                <control type="image">
                    <left>0</left>
                    <top>560</top>
                    <width>510</width>
                    <height>4</height>
                    <texture>separator.png</texture>
                    <visible>!IsEmpty(ListItem.Title)</visible>
                </control>
                <control type="textbox">
                    <description>Description Value for Video</description>
                    <left>10</left>
                    <top>393</top>
                    <width>490</width>
                    <height>165</height>
                    <font>font12</font>
                    <align>justify</align>
                    <textcolor>white</textcolor>
                    <label>$VAR[VideoDescription]</label>
                    <autoscroll delay="3000" time="1800" repeat="10000">!Skin.HasSetting(disableautoscroll)</autoscroll>
                </control>
            </control>
        </control>
    </include>
</includes>