<?xml version="1.0" encoding="UTF-8"?>
<includes>
    <include name="LiveTVView1">
        <control type="group">
            <visible>Control.IsVisible(560)</visible>
            <include>VisibleFadeEffect</include>
            <control type="list" id="560">
                <left>70</left>
                <top>100</top>
                <width>760</width>
                <height>521</height>
                <onleft>2</onleft>
                <onright>60</onright>
                <onup>560</onup>
                <ondown>560</ondown>
                <viewtype label="$LOCALIZE[4]">list</viewtype>
                <pagecontrol>60</pagecontrol>
                <scrolltime>200</scrolltime>
                <visible>Container.Content(LiveTV)</visible>
                <itemlayout height="40" width="760">
                    <control type="image">
                        <left>0</left>
                        <top>0</top>
                        <width>760</width>
                        <height>41</height>
                        <texture border="0,2,0,2">MenuItemNF.png</texture>
                    </control>
                    <control type="label">
                        <left>10</left>
                        <top>0</top>
                        <width>730</width>
                        <height>40</height>
                        <font>font13</font>
                        <textcolor>grey2</textcolor>
                        <selectedcolor>selected</selectedcolor>
                        <align>left</align>
                        <aligny>center</aligny>
                        <label>$INFO[ListItem.label]</label>
                    </control>
                    <control type="label">
                        <left>750</left>
                        <top>0</top>
                        <width>700</width>
                        <height>40</height>
                        <font>font12</font>
                        <textcolor>grey2</textcolor>
                        <selectedcolor>selected</selectedcolor>
                        <align>right</align>
                        <aligny>center</aligny>
                        <label>$INFO[ListItem.label2]</label>
                    </control>
                </itemlayout>
                <focusedlayout height="40" width="760">
                    <control type="image">
                        <left>0</left>
                        <top>0</top>
                        <width>760</width>
                        <height>41</height>
                        <texture border="0,2,0,2">MenuItemNF.png</texture>
                        <visible>!Control.HasFocus(560)</visible>
                        <include>VisibleFadeEffect</include>
                    </control>
                    <control type="image">
                        <left>0</left>
                        <top>0</top>
                        <width>760</width>
                        <height>41</height>
                        <texture border="0,2,0,2">MenuItemFO.png</texture>
                        <visible>Control.HasFocus(560)</visible>
                        <include>VisibleFadeEffect</include>
                    </control>
                    <control type="image">
                        <left>560</left>
                        <top>5</top>
                        <width>200</width>
                        <height>31</height>
                        <texture border="0,0,14,0">MediaItemDetailBG.png</texture>
                        <visible>Control.HasFocus(560) + !IsEmpty(ListItem.label2)</visible>
                    </control>
                    <control type="label">
                        <left>10</left>
                        <top>0</top>
                        <width>730</width>
                        <height>40</height>
                        <font>font13</font>
                        <textcolor>white</textcolor>
                        <selectedcolor>selected</selectedcolor>
                        <align>left</align>
                        <aligny>center</aligny>
                        <label>$INFO[ListItem.label]</label>
                    </control>
                    <control type="label">
                        <left>750</left>
                        <top>0</top>
                        <width>700</width>
                        <height>40</height>
                        <font>font12</font>
                        <textcolor>grey2</textcolor>
                        <selectedcolor>selected</selectedcolor>
                        <align>right</align>
                        <aligny>center</aligny>
                        <label>$INFO[ListItem.label2]</label>
                    </control>
                </focusedlayout>
            </control>
            <control type="scrollbar" id="60">
                <left>850</left>
                <top>110</top>
                <width>25</width>
                <height>510</height>
                <texturesliderbackground border="0,14,0,14">ScrollBarV.png</texturesliderbackground>
                <texturesliderbar border="2,16,2,16">ScrollBarV_bar.png</texturesliderbar>
                <texturesliderbarfocus border="2,16,2,16">ScrollBarV_bar_focus.png</texturesliderbarfocus>
                <textureslidernib>ScrollBarNib.png</textureslidernib>
                <textureslidernibfocus>ScrollBarNib.png</textureslidernibfocus>
                <onleft>560</onleft>
                <onright>800</onright>
                <showonepage>true</showonepage>
                <orientation>vertical</orientation>
                <visible>Control.IsVisible(560)</visible>
            </control>
            <control type="group">
                <visible>Control.IsVisible(560)</visible>
                <left>920</left>
                <top>90</top>
                <control type="image">
                    <left>10</left>
                    <top>0</top>
                    <width>290</width>
                    <height>290</height>
                    <aspectratio aligny="bottom">keep</aspectratio>
                    <fadetime>IconCrossfadeTime</fadetime>
                    <texture background="true">$INFO[ListItem.icon]</texture>
                    <bordertexture border="8">ThumbShadow.png</bordertexture>
                    <bordersize>8</bordersize>
                </control>
                <control type="fadelabel">
                    <left>10</left>
                    <top>300</top>
                    <width>290</width>
                    <height>25</height>
                    <label>$INFO[ListItem.label2]</label>
                    <align>center</align>
                    <aligny>center</aligny>
                    <font>font13</font>
                    <textcolor>blue</textcolor>
                    <shadowcolor>black</shadowcolor>
                    <scrollout>false</scrollout>
                    <pauseatend>1000</pauseatend>
                </control>
                <control type="textbox">
                    <description>Description Value for TV Show</description>
                    <left>0</left>
                    <top>330</top>
                    <width>310</width>
                    <height>200</height>
                    <font>font12</font>
                    <align>justify</align>
                    <textcolor>white</textcolor>
                    <label>$VAR[VideoDescription]</label>
                    <autoscroll delay="3000" time="1800" repeat="10000">!Skin.HasSetting(disableautoscroll)</autoscroll>
                </control>
            </control>
        </control>
    </include>
</includes>