<?xml version="1.0" encoding="UTF-8"?>
<includes>
    <include name="WideIconView">
        <control type="group">
            <visible>Control.IsVisible(505)</visible>
            <include>VisibleFadeEffect</include>
            <control type="panel" id="505">
                <visible>Container.Content(TVShows) | Container.Content(Files)</visible>
                <left>95</left>
                <top>100</top>
                <width>1080</width>
                <height>520</height>
                <onleft>2</onleft>
                <onright>60</onright>
                <onup>505</onup>
                <ondown>505</ondown>
                <viewtype label="$LOCALIZE[31651]">list</viewtype>
                <pagecontrol>60</pagecontrol>
                <scrolltime>200</scrolltime>
                <preloaditems>2</preloaditems>
                <itemlayout height="104" width="540">
                    <control type="image">
                        <left>1</left>
                        <top>0</top>
                        <width>538</width>
                        <height>102</height>
                        <bordertexture border="5">button-nofocus.png</bordertexture>
                        <bordersize>5</bordersize>
                        <texture background="true">$VAR[BannerThumb]</texture>
                    </control>
                    <control type="image">
                        <left>500</left>
                        <top>64</top>
                        <width>35</width>
                        <height>35</height>
                        <aspectratio>keep</aspectratio>
                        <texture diffuse="poster-diffuse.png">$VAR[PartlyWatched,MediaStatus/,.png]</texture>
                        <visible>!Skin.HasSetting(disablewatchedcheck) + !IsEmpty(ListItem.Overlay)</visible>
                    </control>
                </itemlayout>
                <focusedlayout height="104" width="540">
                    <control type="image">
                        <left>1</left>
                        <top>0</top>
                        <width>538</width>
                        <height>102</height>
                        <bordertexture border="5">folder-focus.png</bordertexture>
                        <bordersize>5</bordersize>
                        <texture background="true">$VAR[BannerThumb]</texture>
                    </control>
                    <control type="image">
                        <left>500</left>
                        <top>64</top>
                        <width>35</width>
                        <height>35</height>
                        <aspectratio>keep</aspectratio>
                        <texture diffuse="poster-diffuse.png">$VAR[PartlyWatched,MediaStatus/,.png]</texture>
                        <visible>!Skin.HasSetting(disablewatchedcheck) + !IsEmpty(ListItem.Overlay)</visible>
                    </control>
                </focusedlayout>
            </control>
            <control type="scrollbar" id="60">
                <left>1170</left>
                <top>104</top>
                <width>25</width>
                <height>512</height>
                <texturesliderbackground border="0,14,0,14">ScrollBarV.png</texturesliderbackground>
                <texturesliderbar border="2,16,2,16">ScrollBarV_bar.png</texturesliderbar>
                <texturesliderbarfocus border="2,16,2,16">ScrollBarV_bar_focus.png</texturesliderbarfocus>
                <textureslidernib>ScrollBarNib.png</textureslidernib>
                <textureslidernibfocus>ScrollBarNib.png</textureslidernibfocus>
                <onleft>505</onleft>
                <onright>800</onright>
                <showonepage>true</showonepage>
                <orientation>vertical</orientation>
                <visible>Control.IsVisible(505)</visible>
            </control>
        </control>
    </include>
</includes>