<?xml version="1.0" encoding="utf-8"?>
<window type="dialog" id="2118">
	<defaultcontrol always="true">450</defaultcontrol>
	<coordinates>
		<system>1</system>
		<posx>0</posx>
		<posy>0</posy>
	</coordinates>
	<controls>
		<control type="group">
			<animation effect="slide" start="400,0" end="0,0" time="400" tween="quadratic" easing="out">WindowOpen</animation>
			<animation effect="slide" start="0,0" end="400,0" time="400" tween="quadratic" easing="out">WindowClose</animation>
			<control type="image">
				<posx>400r</posx>
				<posy>0</posy>
				<width>400</width>
				<height>720</height>
				<texture border="15,0,0,0" flipx="true">HomeBladeSub.png</texture>
			</control>
			<control type="button">
				<description>Close Window button</description>
				<posx>380r</posx>
				<posy>0</posy>
				<width>64</width>
				<height>32</height>
				<label>-</label>
				<font>-</font>
				<onclick>PreviousMenu</onclick>
				<texturefocus>DialogCloseButton-focus.png</texturefocus>
				<texturenofocus>DialogCloseButton.png</texturenofocus>
				<onleft>450</onleft>
				<onright>450</onright>
				<onup>450</onup>
				<ondown>450</ondown>
				<visible>system.getbool(input.enablemouse)</visible>
			</control>
			<control type="label">
				<posx>380r</posx>
				<posy>35</posy>
				<width>360</width>
				<height>40</height>
				<font>font13_title</font>
				<align>center</align>
				<aligny>center</aligny>
				<textcolor>blue</textcolor>
				<shadowcolor>black</shadowcolor>
				<label>$LOCALIZE[31122]</label>
			</control>
			<control type="list" id="450">
				<posx>390r</posx>
				<posy>130</posy>
				<width>440</width>
				<height>480</height>
				<onup>450</onup>
				<onleft>Dialog.Close(2118)</onleft>
				<onright>60</onright>
				<ondown>450</ondown>
				<pagecontrol>60</pagecontrol>
				<scrolltime>200</scrolltime>
				<itemlayout height="40">
					<control type="image">
						<posx>0</posx>
						<posy>0</posy>
						<width>360</width>
						<height>40</height>
						<texture border="5">button-nofocus.png</texture>
					</control>
					<control type="label">
						<posx>10</posx>
						<posy>0</posy>
						<width>340</width>
						<height>40</height>
						<font>font12_title</font>
						<align>left</align>
						<aligny>center</aligny>
						<selectedcolor>selected</selectedcolor>
						<info>ListItem.Label</info>
					</control>
				</itemlayout>
				<focusedlayout height="40">
					<control type="image">
						<posx>0</posx>
						<posy>0</posy>
						<width>360</width>
						<height>40</height>
						<visible>!Control.HasFocus(450)</visible>
						<texture border="3">button-nofocus.png</texture>
					</control>
					<control type="image">
						<posx>0</posx>
						<posy>0</posy>
						<width>360</width>
						<height>40</height>
						<visible>Control.HasFocus(450)</visible>
						<texture border="3">button-focus.png</texture>
					</control>
					<control type="label">
						<posx>10</posx>
						<posy>0</posy>
						<width>340</width>
						<height>40</height>
						<font>font12_title</font>
						<align>left</align>
						<aligny>center</aligny>
						<selectedcolor>selected</selectedcolor>
						<info>ListItem.Label</info>
					</control>
				</focusedlayout>
				<content>
					<item>
						<description>Clear Setting</description>
						<label>$LOCALIZE[31144]</label>
						<onclick>Dialog.Close(2118)</onclick>
						<onclick>Skin.SetString($INFO[Window(home).Property(UsrSelectBtn)].Widget,None)</onclick>
						<onclick>ClearProperty(UsrSelectBtn,Home)</onclick>
					</item>
					<item>
						<description>Playlist Movies</description>
						<label>$LOCALIZE[136]</label>
						<onclick>Dialog.Close(2118)</onclick>
						<onclick>Skin.SetString($INFO[Window(home).Property(UsrSelectBtn)].Widget,PlayListVideo)</onclick>
						<onclick>ClearProperty(UsrSelectBtn,Home)</onclick>
						<visible>
							!IsEmpty(Skin.String(HomeItem.1.Playlist)) + StringCompare(Window(home).Property(UsrSelectBtn),HomeItem.1) |
							!IsEmpty(Skin.String(HomeItem.2.Playlist)) + StringCompare(Window(home).Property(UsrSelectBtn),HomeItem.2) |
							!IsEmpty(Skin.String(HomeItem.3.Playlist)) + StringCompare(Window(home).Property(UsrSelectBtn),HomeItem.3) |
							!IsEmpty(Skin.String(HomeItem.4.Playlist)) + StringCompare(Window(home).Property(UsrSelectBtn),HomeItem.4) |
							!IsEmpty(Skin.String(HomeItem.5.Playlist)) + StringCompare(Window(home).Property(UsrSelectBtn),HomeItem.5) |
							!IsEmpty(Skin.String(HomeItem.6.Playlist)) + StringCompare(Window(home).Property(UsrSelectBtn),HomeItem.6) |
							!IsEmpty(Skin.String(HomeItem.7.Playlist)) + StringCompare(Window(home).Property(UsrSelectBtn),HomeItem.7) |
							!IsEmpty(Skin.String(HomeItem.8.Playlist)) + StringCompare(Window(home).Property(UsrSelectBtn),HomeItem.8) |
							!IsEmpty(Skin.String(HomeItem.9.Playlist)) + StringCompare(Window(home).Property(UsrSelectBtn),HomeItem.9) |
							!IsEmpty(Skin.String(HomeItem.10.Playlist)) + StringCompare(Window(home).Property(UsrSelectBtn),HomeItem.10)
						</visible>
						<visible>!Skin.HasSetting(DisableScriptPlayList)</visible>
					</item>
					<item>
						<description>Weather</description>
						<label>$LOCALIZE[8]</label>
						<onclick>Dialog.Close(2118)</onclick>
						<onclick>Skin.SetString($INFO[Window(home).Property(UsrSelectBtn)].Widget,Weather)</onclick>
						<onclick>ClearProperty(UsrSelectBtn,Home)</onclick>
						<visible>!IsEmpty(Weather.Plugin)</visible>
					</item>
					<item>
						<description>UnWatched Movies</description>
						<label>$LOCALIZE[16101] $LOCALIZE[20342]</label>
						<onclick>Dialog.Close(2118)</onclick>
						<onclick>Skin.SetString($INFO[Window(home).Property(UsrSelectBtn)].Widget,UnWatched)</onclick>
						<onclick>ClearProperty(UsrSelectBtn,Home)</onclick>
						<visible>!Skin.HasSetting(DisableScriptPlayList)</visible>
					</item>
					<item>
						<description>Recent Movies</description>
						<label>$LOCALIZE[31175]</label>
						<onclick>Dialog.Close(2118)</onclick>
						<onclick>Skin.SetString($INFO[Window(home).Property(UsrSelectBtn)].Widget,RecentMovies)</onclick>
						<onclick>ClearProperty(UsrSelectBtn,Home)</onclick>
					</item>
					<item>
						<description>Random Movies</description>
						<label>$LOCALIZE[31176]</label>
						<onclick>Dialog.Close(2118)</onclick>
						<onclick>Skin.SetString($INFO[Window(home).Property(UsrSelectBtn)].Widget,RandomMovies)</onclick>
						<onclick>ClearProperty(UsrSelectBtn,Home)</onclick>
					</item>
					<item>
						<description>Suggested Movies</description>
						<label>$LOCALIZE[31177]</label>
						<onclick>Dialog.Close(2118)</onclick>
						<onclick>Skin.SetString($INFO[Window(home).Property(UsrSelectBtn)].Widget,SuggestedMovies)</onclick>
						<onclick>ClearProperty(UsrSelectBtn,Home)</onclick>
					</item>
					<item>
						<description>Recent Episodes</description>
						<label>$LOCALIZE[31178]</label>
						<onclick>Dialog.Close(2118)</onclick>
						<onclick>Skin.SetString($INFO[Window(home).Property(UsrSelectBtn)].Widget,RecentEpisodes)</onclick>
						<onclick>ClearProperty(UsrSelectBtn,Home)</onclick>
					</item>
					<item>
						<description>Random Episodes</description>
						<label>$LOCALIZE[31179]</label>
						<onclick>Dialog.Close(2118)</onclick>
						<onclick>Skin.SetString($INFO[Window(home).Property(UsrSelectBtn)].Widget,RandomEpisodes)</onclick>
						<onclick>ClearProperty(UsrSelectBtn,Home)</onclick>
					</item>
					<item>
						<description>Suggested Episodes</description>
						<label>$LOCALIZE[31180]</label>
						<onclick>Dialog.Close(2118)</onclick>
						<onclick>Skin.SetString($INFO[Window(home).Property(UsrSelectBtn)].Widget,SuggestedEpisodes)</onclick>
						<onclick>ClearProperty(UsrSelectBtn,Home)</onclick>
					</item>
					<item>
						<description>Recent Albums</description>
						<label>$LOCALIZE[31181]</label>
						<onclick>Dialog.Close(2118)</onclick>
						<onclick>Skin.SetString($INFO[Window(home).Property(UsrSelectBtn)].Widget,RecentAlbums)</onclick>
						<onclick>ClearProperty(UsrSelectBtn,Home)</onclick>
					</item>
					<item>
						<description>Random Albums</description>
						<label>$LOCALIZE[31182]</label>
						<onclick>Dialog.Close(2118)</onclick>
						<onclick>Skin.SetString($INFO[Window(home).Property(UsrSelectBtn)].Widget,RandomAlbums)</onclick>
						<onclick>ClearProperty(UsrSelectBtn,Home)</onclick>
					</item>
					<item>
						<description>Suggested Albums</description>
						<label>$LOCALIZE[31183]</label>
						<onclick>Dialog.Close(2118)</onclick>
						<onclick>Skin.SetString($INFO[Window(home).Property(UsrSelectBtn)].Widget,SuggestedAlbums)</onclick>
						<onclick>ClearProperty(UsrSelectBtn,Home)</onclick>
					</item>
					<item>
						<description>Recent Concerts</description>
						<label>$LOCALIZE[31184]</label>
						<onclick>Dialog.Close(2118)</onclick>
						<onclick>Skin.SetString($INFO[Window(home).Property(UsrSelectBtn)].Widget,RecentConcerts)</onclick>
						<onclick>ClearProperty(UsrSelectBtn,Home)</onclick>
					</item>
					<item>
						<description>Wide Recent Concerts</description>
						<label>$LOCALIZE[31232]</label>
						<onclick>Dialog.Close(2118)</onclick>
						<onclick>Skin.SetString($INFO[Window(home).Property(UsrSelectBtn)].Widget,RecentWideConcerts)</onclick>
						<onclick>ClearProperty(UsrSelectBtn,Home)</onclick>
					</item>
					<item>
						<description>Random Concerts</description>
						<label>$LOCALIZE[31185]</label>
						<onclick>Dialog.Close(2118)</onclick>
						<onclick>Skin.SetString($INFO[Window(home).Property(UsrSelectBtn)].Widget,RandomConcerts)</onclick>
						<onclick>ClearProperty(UsrSelectBtn,Home)</onclick>
					</item>
					<item>
						<description>Suggested Concerts</description>
						<label>$LOCALIZE[31186]</label>
						<onclick>Dialog.Close(2118)</onclick>
						<onclick>Skin.SetString($INFO[Window(home).Property(UsrSelectBtn)].Widget,SuggestedConcerts)</onclick>
						<onclick>ClearProperty(UsrSelectBtn,Home)</onclick>
					</item>
					<item>
						<description>Favourites</description>
						<label>$LOCALIZE[1036]</label>
						<onclick>Dialog.Close(2118)</onclick>
						<onclick>Skin.SetString($INFO[Window(home).Property(UsrSelectBtn)].Widget,Favourites)</onclick>
						<onclick>ClearProperty(UsrSelectBtn,Home)</onclick>
					</item>
				</content>
			</control>
			<control type="button">
				<description>Up Arrow</description>
				<posx>390r</posx>
				<posy>95</posy>
				<width>30</width>
				<height>40</height>
				<texturefocus>arrow-big-up.png</texturefocus>
				<texturenofocus>arrow-big-up.png</texturenofocus>
				<onclick>Control.Move(450,-1)</onclick>
				<visible>Container(450).HasPrevious</visible>
				<include>VisibleFadeEffect</include>
			</control>
			<control type="button">
				<description>Up Arrow</description>
				<posx>60r</posx>
				<posy>95</posy>
				<width>30</width>
				<height>40</height>
				<texturefocus>arrow-big-up.png</texturefocus>
				<texturenofocus>arrow-big-up.png</texturenofocus>
				<onclick>Control.Move(450,-1)</onclick>
				<visible>Container(450).HasPrevious</visible>
				<include>VisibleFadeEffect</include>
			</control>
			<control type="button">
				<description>Down Arrow</description>
				<posx>390r</posx>
				<posy>605</posy>
				<width>30</width>
				<height>40</height>
				<texturefocus>arrow-big-down.png</texturefocus>
				<texturenofocus>arrow-big-down.png</texturenofocus>
				<onclick>Control.Move(450,1)</onclick>
				<visible>Container(450).HasNext</visible>
				<include>VisibleFadeEffect</include>
			</control>
			<control type="button">
				<description>Down Arrow</description>
				<posx>60r</posx>
				<posy>605</posy>
				<width>30</width>
				<height>40</height>
				<texturefocus>arrow-big-down.png</texturefocus>
				<texturenofocus>arrow-big-down.png</texturenofocus>
				<onclick>Control.Move(450,1)</onclick>
				<visible>Container(450).HasNext</visible>
				<include>VisibleFadeEffect</include>
			</control>
			<control type="scrollbar" id="60">
				<posx>1250</posx>
				<posy>95</posy>
				<width>25</width>
				<height>550</height>
				<texturesliderbackground border="0,14,0,14">ScrollBarV.png</texturesliderbackground>
				<texturesliderbar border="0,14,0,14">ScrollBarV_bar.png</texturesliderbar>
				<texturesliderbarfocus border="0,14,0,14">ScrollBarV_bar_focus.png</texturesliderbarfocus>
				<textureslidernib>ScrollBarNib.png</textureslidernib>
				<textureslidernibfocus>ScrollBarNib.png</textureslidernibfocus>
				<onleft>450</onleft>
				<onright>450</onright>
				<showonepage>true</showonepage>
				<orientation>vertical</orientation>
				<visible>Control.IsVisible(450)</visible>
			</control>
		</control>
	</controls>
</window>