<?xml version="1.0" encoding="utf-8"?>
<window>
	<defaultcontrol>-</defaultcontrol>
	<include>DialogEffect</include>
	<coordinates>
		<system>0</system>
		<posx>0</posx>
		<posy>0</posy>
	</coordinates>
	<controls>
		<control type="image">
			<posx>50r</posx>
			<posy>2</posy>
			<width>45</width>
			<height>45</height>
			<aspectratio>keep</aspectratio>
			<texture>icon-mute.png</texture>
			<animation effect="slide" start="0,0" end="0,-50" time="100" condition="Window.IsVisible(busydialog)">conditional</animation>
			<animation effect="fade" start="100" end="0" time="200" condition="Window.IsVisible(CustomAddMenuItems.xml) | Window.IsVisible(CustomAddonSelection.xml) | Window.IsVisible(CustomAddonType.xml) | Window.IsVisible(CustomAddSubMenuItems.xml) | Window.IsVisible(CustomSubMenuType.xml) | Window.IsVisible(CustomWidgetType.xml)">Conditional</animation>
			<animation effect="fade" start="100" end="65" time="200" condition="Window.IsVisible(2123) | Window.IsVisible(2124) | Window.IsVisible(2125) | Window.IsVisible(Favourites)">Conditional</animation>
		</control>
	</controls>
</window>