<?xml version="1.0" encoding="utf-8"?>
<includes>
	<include name="BackgroundRainDropEffect">
		<control type="group">
			<visible>!Skin.HasSetting(HolidayEffects) + !Skin.HasSetting(HideRainDropEffect) + !Player.HasVideo</visible>
			<include>VisibleFadeEffect</include>
			<control type="image">
				<description>Raindrop 5 animation</description>
				<posx>200</posx>
				<posy>150</posy>
				<width>128</width>
				<height>128</height>
				<texture background="true">BackgroundEffect/rain-drop.png</texture>
				<visible>true</visible>
				<colordiffuse>BBFFFFFF</colordiffuse>
				<animation type="conditional" reversible="false" loop="true" condition="true">
					<effect type="fade" delay="2000" start="0" end="100" time="200" />
					<effect type="fade" delay="2500" start="100" end="0" time="500" />
					<effect type="zoom" delay="2000" start="30" end="500" time="1000" center="auto" tween="quadratic" />
				</animation>
			</control>
			<control type="image">
				<description>Raindrop 1 animation</description>
				<posx>550</posx>
				<posy>200</posy>
				<width>128</width>
				<height>128</height>
				<texture background="true">BackgroundEffect/rain-drop.png</texture>
				<visible>true</visible>
				<colordiffuse>55FFFFFF</colordiffuse>
				<animation type="conditional" reversible="false" loop="true" condition="true">
					<effect type="fade" start="0" end="100" time="200" />
					<effect type="fade" start="100" end="0" delay="2500" time="1000" />
					<effect type="zoom" center="auto" start="30" end="1500" delay="0" time="3500" tween="quadratic" />
				</animation>
			</control>
			<control type="image">
				<description>Raindrop 2 animation</description>
				<posx>900</posx>
				<posy>130</posy>
				<width>128</width>
				<height>128</height>
				<texture background="true">BackgroundEffect/rain-drop.png</texture>
				<visible>true</visible>
				<animation type="conditional" reversible="false" loop="true" condition="true">
					<effect type="fade" delay="400" start="0" end="100" time="200" />
					<effect type="fade" delay="1000" start="100" end="0" time="1600" />
					<effect type="zoom" delay="400" start="30" end="700" time="3000" center="auto" tween="quadratic" />
				</animation>
			</control>
			<control type="image">
				<description>Raindrop 3 animation</description>
				<posx>800</posx>
				<posy>500</posy>
				<width>128</width>
				<height>128</height>
				<texture background="true">BackgroundEffect/rain-drop.png</texture>
				<visible>true</visible>
				<colordiffuse>88FFFFFF</colordiffuse>
				<animation type="conditional" reversible="false" loop="true" condition="true">
					<effect type="fade" delay="800" start="0" end="100" time="200" />
					<effect type="fade" delay="2400" start="100" end="0" time="2000" />
					<effect type="zoom" delay="800" start="30" end="1000" time="2500" center="auto" tween="quadratic" />
				</animation>
			</control>
			<control type="image">
				<description>Raindrop 4 animation</description>
				<posx>200</posx>
				<posy>450</posy>
				<width>128</width>
				<height>128</height>
				<texture background="true">BackgroundEffect/rain-drop.png</texture>
				<visible>true</visible>
				<colordiffuse>66FFFFFF</colordiffuse>
				<animation type="conditional" reversible="false" loop="true" condition="true">
					<effect type="fade" delay="1500" start="0" end="100" time="200" />
					<effect type="fade" delay="2100" start="100" end="0" time="400" />
					<effect type="zoom" delay="1500" start="30" end="1200" time="2000" center="auto" tween="quadratic" />
				</animation>
			</control>
		</control>
		<control type="group">
			<visible>Skin.HasSetting(HolidayEffects) + !Player.HasVideo</visible>
			<control type="group">
				<posx>-100</posx>
				<animation effect="rotate" end="20" time="9000" delay="300" pulse="true" condition="true">Conditional</animation>
				<control type="image">
					<posx>40</posx>
					<posy>-180</posy>
					<width>9</width>
					<height>9</height>
					<texture>BackgroundEffect/snow.png</texture>
					<aspectratio scalediffuse="false">keep</aspectratio>
					<animation effect="slide" start="0,0" end="0,820" time="11000" delay="1600" reversible="false" loop="true" condition="true">Conditional</animation>
					<animation effect="slide" start="40,0" end="-40,0" time="5300" delay="300" reversible="false" pulse="true" condition="true">Conditional</animation>
					<colordiffuse>C2FFFFFF</colordiffuse>
				</control>
				<control type="image">
					<posx>100</posx>
					<posy>-100</posy>
					<width>18</width>
					<height>18</height>
					<texture>BackgroundEffect/snow.png</texture>
					<aspectratio scalediffuse="false">keep</aspectratio>
					<animation effect="slide" start="0,0" end="0,920" time="7000" delay="0" reversible="false" loop="true" condition="true">Conditional</animation>
					<animation effect="slide" start="40,0" end="-20,0" time="3200" delay="300" reversible="false" pulse="true" condition="true">Conditional</animation>
				</control>
				<control type="image">
					<posx>200</posx>
					<posy>-40</posy>
					<width>12</width>
					<height>12</height>
					<texture>BackgroundEffect/snow.png</texture>
					<aspectratio scalediffuse="false">keep</aspectratio>
					<animation effect="slide" start="0,0" end="0,1020" time="13000" delay="1300" reversible="false" loop="true" condition="true">Conditional</animation>
					<animation effect="slide" start="50,0" end="-10,0" time="4300" delay="220" reversible="false" pulse="true" condition="true">Conditional</animation>
				</control>
				<control type="image">
					<posx>260</posx>
					<posy>-80</posy>
					<width>15</width>
					<height>15</height>
					<texture>BackgroundEffect/snow.png</texture>
					<aspectratio scalediffuse="false">keep</aspectratio>
					<animation effect="slide" start="0,0" end="0,920" time="15000" delay="2200" reversible="false" loop="true" condition="true">Conditional</animation>
					<animation effect="slide" start="40,0" end="-30,0" time="4000" delay="200" reversible="false" pulse="true" condition="true">Conditional</animation>
				</control>
				<control type="image">
					<posx>390</posx>
					<posy>-210</posy>
					<width>9</width>
					<height>9</height>
					<texture>BackgroundEffect/snow.png</texture>
					<aspectratio scalediffuse="false">keep</aspectratio>
					<animation effect="slide" start="0,0" end="0,1020" time="13000" delay="600" reversible="false" loop="true" condition="true">Conditional</animation>
					<animation effect="slide" start="20,0" end="-60,0" time="5300" delay="300" reversible="false" pulse="true" condition="true">Conditional</animation>
					<colordiffuse>C2FFFFFF</colordiffuse>
				</control>
			</control>
			<control type="group">
				<posx>100</posx>
				<animation effect="rotate" start="20" end="40" time="9000" delay="800" pulse="true" condition="true">Conditional</animation>
				<control type="image">
					<posx>80</posx>
					<posy>-100</posy>
					<width>20</width>
					<height>20</height>
					<texture>BackgroundEffect/snow.png</texture>
					<aspectratio scalediffuse="false">keep</aspectratio>
					<animation effect="slide" start="0,0" end="0,820" time="7000" delay="1000" reversible="false" loop="true" condition="true">Conditional</animation>
					<animation effect="slide" start="40,0" end="-20,0" time="3200" delay="300" reversible="false" pulse="true" condition="true">Conditional</animation>
				</control>
				<control type="image">
					<posx>240</posx>
					<posy>-40</posy>
					<width>15</width>
					<height>15</height>
					<texture>BackgroundEffect/snow.png</texture>
					<aspectratio scalediffuse="false">keep</aspectratio>
					<animation effect="slide" start="0,0" end="0,920" time="8000" delay="1800" reversible="false" loop="true" condition="true">Conditional</animation>
					<animation effect="slide" start="40,0" end="-30,0" time="4000" delay="200" reversible="false" pulse="true" condition="true">Conditional</animation>
				</control>
				<control type="image">
					<posx>390</posx>
					<posy>-210</posy>
					<width>10</width>
					<height>10</height>
					<texture>BackgroundEffect/snow.png</texture>
					<aspectratio scalediffuse="false">keep</aspectratio>
					<animation effect="slide" start="0,0" end="0,1120" time="13000" delay="1500" reversible="false" loop="true" condition="true">Conditional</animation>
					<animation effect="slide" start="20,0" end="-60,0" time="5300" delay="300" reversible="false" pulse="true" condition="true">Conditional</animation>
					<colordiffuse>C2FFFFFF</colordiffuse>
				</control>
			</control>
			<control type="group">
				<posx>600</posx>
				<posy>-200</posy>
				<animation effect="rotate" end="15" time="7000" delay="500" pulse="true" condition="true">Conditional</animation>
				<control type="image">
					<posx>20</posx>
					<posy>-60</posy>
					<width>12</width>
					<height>12</height>
					<texture>BackgroundEffect/snow.png</texture>
					<aspectratio scalediffuse="false">keep</aspectratio>
					<animation effect="slide" start="0,0" end="0,1020" time="13000" delay="1300" reversible="false" loop="true" condition="true">Conditional</animation>
					<animation effect="slide" start="50,0" end="-10,0" time="4300" delay="220" reversible="false" pulse="true" condition="true">Conditional</animation>
				</control>
				<control type="image">
					<posx>100</posx>
					<posy>-190</posy>
					<width>18</width>
					<height>18</height>
					<texture>BackgroundEffect/snow.png</texture>
					<aspectratio scalediffuse="false">keep</aspectratio>
					<animation effect="slide" start="0,0" end="0,920" time="9000" delay="2000" reversible="false" loop="true" condition="true">Conditional</animation>
					<animation effect="slide" start="40,0" end="-50,0" time="3200" delay="300" reversible="false" pulse="true" condition="true">Conditional</animation>
				</control>
				<control type="image">
					<posx>260</posx>
					<posy>-80</posy>
					<width>15</width>
					<height>15</height>
					<texture>BackgroundEffect/snow.png</texture>
					<aspectratio scalediffuse="false">keep</aspectratio>
					<animation effect="slide" start="0,0" end="0,1120" time="8000" delay="2300" reversible="false" loop="true" condition="true">Conditional</animation>
					<animation effect="slide" start="40,0" end="-30,0" time="4000" delay="200" reversible="false" pulse="true" condition="true">Conditional</animation>
				</control>
				<control type="image">
					<posx>330</posx>
					<posy>-110</posy>
					<width>9</width>
					<height>9</height>
					<texture>BackgroundEffect/snow.png</texture>
					<aspectratio scalediffuse="false">keep</aspectratio>
					<animation effect="slide" start="0,0" end="0,920" time="11000" delay="1600" reversible="false" loop="true" condition="true">Conditional</animation>
					<animation effect="slide" start="40,0" end="-40,0" time="5300" delay="300" reversible="false" pulse="true" condition="true">Conditional</animation>
					<colordiffuse>C2FFFFFF</colordiffuse>
				</control>
				<control type="image">
					<posx>390</posx>
					<posy>-110</posy>
					<width>10</width>
					<height>10</height>
					<texture>BackgroundEffect/snow.png</texture>
					<aspectratio scalediffuse="false">keep</aspectratio>
					<animation effect="slide" start="0,0" end="0,820" time="12000" delay="2200" reversible="false" loop="true" condition="true">Conditional</animation>
					<animation effect="slide" start="-20,0" end="50,0" time="3300" delay="300" reversible="false" pulse="true" condition="true">Conditional</animation>
					<colordiffuse>C2FFFFFF</colordiffuse>
				</control>
			</control>
			<control type="group">
				<posx>900</posx>
				<animation effect="rotate" start="15" end="30" time="12000" delay="300" pulse="true" condition="true">Conditional</animation>
				<control type="image">
					<posx>100</posx>
					<posy>-200</posy>
					<width>20</width>
					<height>20</height>
					<texture>BackgroundEffect/snow.png</texture>
					<aspectratio scalediffuse="false">keep</aspectratio>
					<animation effect="slide" start="0,0" end="0,920" time="7000" delay="3000" reversible="false" loop="true" condition="true">Conditional</animation>
					<animation effect="slide" start="40,0" end="-20,0" time="3200" delay="300" reversible="false" pulse="true" condition="true">Conditional</animation>
				</control>
				<control type="image">
					<posx>200</posx>
					<posy>-40</posy>
					<width>12</width>
					<height>12</height>
					<texture>BackgroundEffect/snow.png</texture>
					<aspectratio scalediffuse="false">keep</aspectratio>
					<animation effect="slide" start="0,0" end="0,1020" time="13000" delay="1300" reversible="false" loop="true" condition="true">Conditional</animation>
					<animation effect="slide" start="50,0" end="-10,0" time="4300" delay="220" reversible="false" pulse="true" condition="true">Conditional</animation>
				</control>
				<control type="image">
					<posx>260</posx>
					<posy>-80</posy>
					<width>15</width>
					<height>15</height>
					<texture>BackgroundEffect/snow.png</texture>
					<aspectratio scalediffuse="false">keep</aspectratio>
					<animation effect="slide" start="0,0" end="0,820" time="8000" delay="3300" reversible="false" loop="true" condition="true">Conditional</animation>
					<animation effect="slide" start="40,0" end="-30,0" time="4000" delay="200" reversible="false" pulse="true" condition="true">Conditional</animation>
				</control>
				<control type="image">
					<posx>390</posx>
					<posy>-110</posy>
					<width>10</width>
					<height>10</height>
					<texture>BackgroundEffect/snow.png</texture>
					<aspectratio scalediffuse="false">keep</aspectratio>
					<animation effect="slide" start="0,0" end="0,920" time="13000" delay="3500" reversible="false" loop="true" condition="true">Conditional</animation>
					<animation effect="slide" start="20,0" end="-60,0" time="5300" delay="300" reversible="false" pulse="true" condition="true">Conditional</animation>
					<colordiffuse>C2FFFFFF</colordiffuse>
				</control>
			</control>
		</control>
	</include>
</includes>