<?xml version="1.0" encoding="utf-8"?>
<window>
	<defaultcontrol always="true">10</defaultcontrol>
	<allowoverlay>no</allowoverlay>
	<controls>
		<control type="image">
			<description>Startup Background Image</description>
			<include>Dimensions_Fullscreen</include>
			<aspectratio>scale</aspectratio>
			<include>VisibleFadeEffect</include>
			<texture fallback="special://skin/backgrounds/homescreen/startup.jpg">$INFO[Skin.String(StartUpBackgroundPath)]</texture>
			<visible>!Skin.HasSetting(HideStartUpBackground)</visible>
		</control>
		<control type="button" id="10">
			<description>trigger</description>
			<onfocus>ReplaceWindow(Home)</onfocus>
			<texturenofocus>-</texturenofocus>
			<texturefocus>-</texturefocus>
			<visible>!Skin.HasSetting(Use_Startup_Playlist) + Skin.HasSetting(HideXBMCIntro)</visible>
		</control>
		<control type="button" id="10">
			<description>trigger with XBMC Intro Movie</description>
			<onfocus>XBMC.PlayMedia(special://skin/extras/Intro/XBMC-Intro-Video.mkv)</onfocus>
			<onfocus>ReplaceWindow(Home)</onfocus>
			<texturenofocus>-</texturenofocus>
			<texturefocus>-</texturefocus>
			<visible>!Skin.HasSetting(HideXBMCIntro)</visible>
		</control>
		<control type="button" id="10">
			<description>trigger with startup Playlist</description>
			<onfocus>XBMC.PlayMedia($INFO[Skin.String(Startup_Playlist_Path)])</onfocus>
			<onfocus>ReplaceWindow(Home)</onfocus>
			<texturenofocus>-</texturenofocus>
			<texturefocus>-</texturefocus>
			<visible>Skin.HasSetting(Use_Startup_Playlist)</visible>
		</control>
	</controls>
</window>