<?xml version="1.0" encoding="utf-8"?>
<includes>
	<include name="PosterWrapView">
		<control type="grouplist">
			<visible>Control.IsVisible(501)</visible>
			<posx>60</posx>
			<posy>80</posy>
			<width>1160</width>
			<height>460</height>
			<onup>9000</onup>
			<ondown>82</ondown>
			<usecontrolcoords>true</usecontrolcoords>
			<include>VisibleFadeEffect</include>
			<control type="fixedlist" id="501">
				<visible>Container.Content(Movies) | Container.Content(Seasons) | Container.Content(TVShows) | Container.Content(Sets) | Container.Content(MusicVideos)</visible>
				<visible>!Container.Content(LiveTV)</visible>
				<posx>-183</posx>
				<posy>0</posy>
				<width>1526</width>
				<height>390</height>
				<onleft>501</onleft>
				<onright>501</onright>
				<onup>2</onup>
				<ondown>60</ondown>
				<viewtype label="31028">bigwrap</viewtype>
				<pagecontrol>60</pagecontrol>
				<scrolltime>200</scrolltime>
				<focusposition>3</focusposition>
				<orientation>horizontal</orientation>
				<preloaditems>4</preloaditems>
				<itemlayout height="310" width="218">
					<control type="image">
						<posx>2</posx>
						<posy>40</posy>
						<width>214</width>
						<height>310</height>
						<aspectratio>stretch</aspectratio>
						<bordertexture border="5">button-nofocus.png</bordertexture>
						<bordersize>4</bordersize>
						<texture background="true">$VAR[PosterThumb]</texture>
					</control>
					<control type="image">
						<posx>2</posx>
						<posy>40</posy>
						<width>214</width>
						<height>310</height>
						<aspectratio>stretch</aspectratio>
						<bordertexture border="5">button-nofocus.png</bordertexture>
						<bordersize>4</bordersize>
						<texture>black-back.png</texture>
						<colordiffuse>AAFFFFFF</colordiffuse>
					</control>
					<control type="image">
						<posx>107</posx>
						<posy>44</posy>
						<width>105</width>
						<height>105</height>
						<fadetime>IconCrossfadeTime</fadetime>
						<texture>$VAR[StatusBanner,StatusBanner/,.png]</texture>
						<visible>!Skin.HasSetting(ViewStatusBanner) + !IsEmpty(ListItem.Overlay)</visible>
					</control>
				</itemlayout>
				<focusedlayout height="310" width="218">
					<control type="image">
						<posx>-2</posx>
						<posy>36</posy>
						<width>222</width>
						<height>318</height>
						<aspectratio>stretch</aspectratio>
						<bordertexture border="8">ThumbBorder.png</bordertexture>
						<bordersize>8</bordersize>
						<texture background="true">$VAR[PosterThumb]</texture>
						<animation reversible="false" effect="zoom" start="-2,36,222,318" end="-28,0,284,390" time="200">focus</animation>
						<animation reversible="false" effect="zoom" end="-2,36,222,318" start="-28,0,284,390" time="200">unfocus</animation>
					</control>
					<control type="image">
						<posx>-2</posx>
						<posy>36</posy>
						<width>222</width>
						<height>318</height>
						<aspectratio>stretch</aspectratio>
						<bordertexture border="8">ThumbBorder.png</bordertexture>
						<bordersize>8</bordersize>
						<texture>black-back.png</texture>
						<colordiffuse>AAFFFFFF</colordiffuse>
						<animation reversible="false" effect="fade" start="100" end="0" time="0">focus</animation>
						<animation reversible="false" effect="zoom" start="-2,36,222,318" end="-28,0,284,390" time="200">focus</animation>
						<animation reversible="false" effect="zoom" end="-2,36,222,318" start="-28,0,284,390" time="200">unfocus</animation>
					</control>
					<control type="image">
						<posx>108</posx>
						<posy>43</posy>
						<width>105</width>
						<height>105</height>
						<fadetime>IconCrossfadeTime</fadetime>
						<texture>$VAR[StatusBanner,StatusBanner/,.png]</texture>
						<animation reversible="false" effect="zoom" start="108,43,105,105" end="129,9,118,118" time="200">focus</animation>
						<animation reversible="false" effect="zoom" end="108,43,105,105" start="129,9,118,118" time="200">unfocus</animation>
						<visible>!Skin.HasSetting(ViewStatusBanner) + !IsEmpty(ListItem.Overlay)</visible>
					</control>
					<control type="image">
						<posx>6</posx>
						<posy>43</posy>
						<width>170</width>
						<height>180</height>
						<aspectratio>stretch</aspectratio>
						<texture>GlassOverlay.png</texture>
						<animation reversible="false" effect="fade" start="100" end="0" time="0">unfocus</animation>
						<animation reversible="false" effect="zoom" start="6,44,170,180" end="-24,4,240,250" time="200">focus</animation>
						<animation reversible="false" effect="zoom" end="6,44,170,180" start="-24,4,240,250" time="200">unfocus</animation>
					</control>
					<control type="image">
						<posx>175</posx>
						<posy>310</posy>
						<width>50</width>
						<height>50</height>
						<aspectratio>keep</aspectratio>
						<texture>$VAR[WatchTypePath,OverlayStatus/]</texture>
						<animation type="focus">
							<effect type="fade" start="0" end="100" time="200" />
							<effect type="slide" start="0,0" end="40,40" time="200" />
						</animation>
						<animation type="unfocus">
							<effect type="fade" start="100" end="0" time="200" />
							<effect type="slide" end="0,0" start="40,40" time="200" />
						</animation>
						<visible>Skin.HasSetting(ViewStatusBanner) + !IsEmpty(ListItem.Overlay) + !stringcompare(Skin.String(WatchStatusType),Hidden)</visible>
					</control>
				</focusedlayout>
			</control>
			<control type="scrollbar" id="60">
				<posx>140</posx>
				<posy>0</posy>
				<width>880</width>
				<height>25</height>
				<texturesliderbackground border="14,0,14,0">ScrollBarH.png</texturesliderbackground>
				<texturesliderbar border="14,0,14,0">ScrollBarH_bar.png</texturesliderbar>
				<texturesliderbarfocus border="14,0,14,0">ScrollBarH_bar_focus.png</texturesliderbarfocus>
				<textureslidernib>ScrollBarNib.png</textureslidernib>
				<textureslidernibfocus>ScrollBarNib.png</textureslidernibfocus>
				<onup>501</onup>
				<ondown condition="Skin.HasSetting(DisableHomeReturnButtons)">9000</ondown>
				<ondown condition="!Skin.HasSetting(DisableHomeReturnButtons)">82</ondown>
				<showonepage>true</showonepage>
				<orientation>horizontal</orientation>
				<visible>Control.IsVisible(501)</visible>
			</control>
		</control>
		<control type="group">
			<visible>Control.IsVisible(501)</visible>
			<control type="image">
				<posx>56</posx>
				<posy>120</posy>
				<width>128</width>
				<height>310</height>
				<texture>SideFade.png</texture>
			</control>
			<control type="image">
				<posx>1094</posx>
				<posy>120</posy>
				<width>128</width>
				<height>310</height>
				<texture flipx="true">SideFade.png</texture>
			</control>
		</control>
		<control type="group">
			<visible>Control.IsVisible(501) + [Container.Content(Movies) | Container.Content(Sets) | Container.Content(MusicVideos)]</visible>
			<control type="label">
				<posx>30</posx>
				<posy>500</posy>
				<width>1220</width>
				<height>35</height>
				<font>font28_title</font>
				<textcolor>blue</textcolor>
				<shadowcolor>black</shadowcolor>
				<scroll>true</scroll>
				<align>center</align>
				<aligny>center</aligny>
				<label>$VAR[DescriptiveLabel]</label>
			</control>
			<control type="label">
				<posx>60</posx>
				<posy>540</posy>
				<width>1160</width>
				<height>35</height>
				<font>font13</font>
				<textcolor>white</textcolor>
				<shadowcolor>black</shadowcolor>
				<wrapmultiline>true</wrapmultiline>
				<scroll>false</scroll>
				<align>center</align>
				<aligny>center</aligny>
				<label>$INFO[ListItem.Tagline]</label>
				<visible>!IsEmpty(ListItem.Tagline) + Container.Content(Movies)</visible>
			</control>
			<control type="grouplist">
				<description>Media Genre Flagging</description>
				<posx>100</posx>
				<posy>580</posy>
				<width>1080</width>
				<align>center</align>
				<itemgap>0</itemgap>
				<orientation>horizontal</orientation>
				<include>MultiVideoGenreFlagging</include>
				<visible>!Skin.HasSetting(View501GenreIcons)</visible>
			</control>
			<control type="grouplist">
				<description>Media Genre Flagging</description>
				<posx>135</posx>
				<posy>635</posy>
				<width>1080</width>
				<align>center</align>
				<itemgap>0</itemgap>
				<orientation>horizontal</orientation>
				<include>GenreText</include>
				<visible>!Skin.HasSetting(View501GenreIcons)</visible>
			</control>
			<control type="label">
				<posx>0</posx>
				<posy>580</posy>
				<width>1280</width>
				<height>20</height>
				<font>font12</font>
				<textcolor>white</textcolor>
				<shadowcolor>black</shadowcolor>
				<scroll>true</scroll>
				<align>center</align>
				<aligny>center</aligny>
				<label>$INFO[ListItem.Duration,$LOCALIZE[2050] , $LOCALIZE[12391]]</label>
				<visible>Skin.HasSetting(View501GenreIcons)</visible>
			</control>
			<control type="grouplist">
				<description>Media Codec Flagging Images</description>
				<posx>0</posx>
				<posy>610</posy>
				<width>1280</width>
				<align>center</align>
				<itemgap>2</itemgap>
				<orientation>horizontal</orientation>
				<include>VideoMPAAFlaggingConditions</include>
				<include>VideoCodecFlaggingConditions</include>
				<include>AudioCodecFlaggingConditions</include>
				<include>AudioChannelsFlaggingConditions</include>
				<include>AspectCodecFlaggingConditions</include>
				<include>VideoTypeHackFlaggingConditions</include>
				<visible>Skin.HasSetting(View501GenreIcons)</visible>
			</control>
		</control>
		<control type="group">
			<visible>Control.IsVisible(501) + Container.Content(Seasons)</visible>
			<control type="label">
				<posx>30</posx>
				<posy>500</posy>
				<width>1220</width>
				<height>35</height>
				<font>font28_title</font>
				<textcolor>blue</textcolor>
				<scroll>true</scroll>
				<align>center</align>
				<aligny>center</aligny>
				<label>$VAR[MainItemLabel]</label>
			</control>
			<control type="label">
				<posx>0</posx>
				<posy>540</posy>
				<width>1280</width>
				<height>35</height>
				<font>font30</font>
				<textcolor>white</textcolor>
				<scroll>true</scroll>
				<align>center</align>
				<aligny>center</aligny>
				<label>$INFO[ListItem.TVShowTitle]</label>
			</control>
			<control type="label">
				<posx>0</posx>
				<posy>575</posy>
				<width>1280</width>
				<height>35</height>
				<font>font13</font>
				<textcolor>white</textcolor>
				<scroll>true</scroll>
				<align>center</align>
				<aligny>center</aligny>
				<label>$INFO[ListItem.Episode,, $LOCALIZE[20453]]</label>
			</control>
			<control type="label">
				<posx>0</posx>
				<posy>605</posy>
				<width>1280</width>
				<height>35</height>
				<font>font12</font>
				<textcolor>white</textcolor>
				<scroll>true</scroll>
				<align>center</align>
				<aligny>center</aligny>
				<label>($INFO[ListItem.Property(WatchedEpisodes),, $LOCALIZE[16102]] - $INFO[ListItem.Property(UnWatchedEpisodes), , $LOCALIZE[16101]])</label>
			</control>
		</control>
		<control type="group">
			<visible>Control.IsVisible(501) + Container.Content(TVShows)</visible>
			<control type="label">
				<posx>30</posx>
				<posy>500</posy>
				<width>1220</width>
				<height>35</height>
				<font>font28_title</font>
				<textcolor>blue</textcolor>
				<scroll>true</scroll>
				<align>center</align>
				<aligny>center</aligny>
				<label>$VAR[MainItemLabel]</label>
			</control>
			<control type="label">
				<posx>0</posx>
				<posy>540</posy>
				<width>1280</width>
				<height>35</height>
				<font>font30</font>
				<textcolor>white</textcolor>
				<scroll>true</scroll>
				<align>center</align>
				<aligny>center</aligny>
				<label>$INFO[ListItem.Genre]</label>
				<visible>Skin.HasSetting(View501GenreIcons)</visible>
			</control>
			<control type="label">
				<posx>0</posx>
				<posy>575</posy>
				<width>1280</width>
				<height>35</height>
				<font>font13</font>
				<textcolor>white</textcolor>
				<scroll>true</scroll>
				<align>center</align>
				<aligny>center</aligny>
				<label>$INFO[ListItem.Episode,, $LOCALIZE[20453]]</label>
				<animation effect="slide" start="0,0" end="0,-45" time="0" condition="!Skin.HasSetting(View501GenreIcons)">Conditional</animation>
			</control>
			<control type="label">
				<posx>0</posx>
				<posy>605</posy>
				<width>1280</width>
				<height>35</height>
				<font>font12</font>
				<textcolor>white</textcolor>
				<scroll>true</scroll>
				<align>center</align>
				<aligny>center</aligny>
				<label>($INFO[ListItem.Property(WatchedEpisodes),, $LOCALIZE[16102]] - $INFO[ListItem.Property(UnWatchedEpisodes), , $LOCALIZE[16101]])</label>
				<animation effect="slide" start="0,0" end="0,-55" time="0" condition="!Skin.HasSetting(View501GenreIcons)">Conditional</animation>
			</control>
			<control type="grouplist">
				<description>Media Genre Flagging</description>
				<posx>100</posx>
				<posy>580</posy>
				<width>1080</width>
				<align>center</align>
				<itemgap>0</itemgap>
				<orientation>horizontal</orientation>
				<include>MultiVideoGenreFlagging</include>
				<visible>!Skin.HasSetting(View501GenreIcons)</visible>
			</control>
			<control type="grouplist">
				<description>Media Genre Flagging</description>
				<posx>135</posx>
				<posy>635</posy>
				<width>1080</width>
				<align>center</align>
				<itemgap>0</itemgap>
				<orientation>horizontal</orientation>
				<include>GenreText</include>
				<visible>!Skin.HasSetting(View501GenreIcons)</visible>
			</control>
		</control>
	</include>
	<include name="PosterWrapView2_Fanart">
		<control type="group">
			<posx>0</posx>
			<posy>350</posy>
			<visible>Control.IsVisible(508) + [[ListItem.IsFolder + Container.Content(Movies)] | Skin.HasSetting(View508HideInfo) | Container.Content(Sets)]</visible>
			<include>VisibleFadeEffect</include>
			<control type="image">
				<posx>0</posx>
				<posy>0</posy>
				<width>1280</width>
				<height>270</height>
				<texture>HomeNowPlayingBack.png</texture>
			</control>
			<control type="label">
				<posx>40</posx>
				<posy>70</posy>
				<width>1200</width>
				<height>20</height>
				<font>font24_title</font>
				<textcolor>white</textcolor>
				<shadowcolor>black</shadowcolor>
				<scroll>true</scroll>
				<align>center</align>
				<aligny>center</aligny>
				<label>$VAR[MainItemLabel]</label>
				<animation effect="slide" start="0,0" end="0,25" time="200" condition="!Control.HasFocus(508)">conditional</animation>
			</control>
		</control>
		<control type="group">
			<visible>Control.IsVisible(508)</visible>
			<include>VisibleFadeEffect</include>
			<posx>0</posx>
			<posy>460</posy>
			<control type="fixedlist" id="508">
				<visible>Container.Content(Movies) | Container.Content(TVShows) | Container.Content(Sets) | Container.Content(MusicVideos)</visible>
				<hitrect x="0" y="-10" w="1280" h="190" />
				<posx>-20</posx>
				<posy>0</posy>
				<width>1320</width>
				<height>250</height>
				<onleft>508</onleft>
				<onright>508</onright>
				<onup>2</onup>
				<ondown>60</ondown>
				<viewtype label="31029">wrap</viewtype>
				<pagecontrol>60</pagecontrol>
				<scrolltime>200</scrolltime>
				<focusposition>5</focusposition>
				<movement>3</movement>
				<orientation>horizontal</orientation>
				<preloaditems>4</preloaditems>
				<itemlayout height="200" width="120">
					<control type="image">
						<posx>2</posx>
						<posy>20</posy>
						<width>120</width>
						<height>160</height>
						<aspectratio>stretch</aspectratio>
						<bordertexture border="5">button-nofocus.png</bordertexture>
						<bordersize>4</bordersize>
						<fadetime>200</fadetime>
						<texture background="true">$VAR[PosterThumb]</texture>
					</control>
					<control type="image">
						<posx>48</posx>
						<posy>24</posy>
						<width>70</width>
						<height>70</height>
						<fadetime>IconCrossfadeTime</fadetime>
						<texture>$VAR[StatusBanner,StatusBanner/,.png]</texture>
						<visible>!Skin.HasSetting(ViewStatusBanner) + !IsEmpty(ListItem.Overlay)</visible>
					</control>
					<control type="image">
						<posx>6</posx>
						<posy>24</posy>
						<width>112</width>
						<height>152</height>
						<aspectratio>stretch</aspectratio>
						<texture>black-back.png</texture>
						<colordiffuse>AAFFFFFF</colordiffuse>
					</control>
					<control type="image">
						<posx>2</posx>
						<posy>180</posy>
						<width>120</width>
						<height>160</height>
						<aspectratio>stretch</aspectratio>
						<bordertexture border="5" diffuse="diffuse_mirror2.png">button-nofocus.png</bordertexture>
						<bordersize>4</bordersize>
						<fadetime>200</fadetime>
						<texture background="true" flipy="true" diffuse="diffuse_mirror2.png">$VAR[PosterThumb]</texture>
					</control>
				</itemlayout>
				<focusedlayout height="310" width="120">
					<control type="image">
						<posx>-2</posx>
						<posy>16</posy>
						<width>128</width>
						<height>168</height>
						<aspectratio>stretch</aspectratio>
						<bordertexture border="8">ThumbBorder.png</bordertexture>
						<bordersize>8</bordersize>
						<fadetime>200</fadetime>
						<texture background="true">$VAR[PosterThumb]</texture>
						<animation reversible="false" effect="zoom" start="-2,16,128,168" end="-12,-10,148,198" time="200">focus</animation>
						<animation reversible="false" effect="zoom" end="-2,16,128,168" start="-12,-10,148,198" time="200">unfocus</animation>
					</control>
					<control type="image">
						<posx>2</posx>
						<posy>180</posy>
						<width>120</width>
						<height>160</height>
						<aspectratio>stretch</aspectratio>
						<bordertexture border="5" diffuse="diffuse_mirror2.png">button-nofocus.png</bordertexture>
						<bordersize>4</bordersize>
						<fadetime>200</fadetime>
						<texture background="true" flipy="true" diffuse="diffuse_mirror2.png">$VAR[PosterThumb]</texture>
					</control>
					<control type="image">
						<posx>75</posx>
						<posy>135</posy>
						<width>50</width>
						<height>50</height>
						<aspectratio>keep</aspectratio>
						<texture>$VAR[WatchTypePath,OverlayStatus/]</texture>
						<animation type="focus">
							<effect type="fade" start="0" end="100" time="200" />
							<effect type="slide" start="0,0" end="10,5" time="200" />
						</animation>
						<animation type="unfocus">
							<effect type="fade" start="100" end="0" time="200" />
							<effect type="slide" end="0,0" start="10,5" time="200" />
						</animation>
						<visible>Skin.HasSetting(ViewStatusBanner) +!stringcompare(Skin.String(WatchStatusType),Hidden) + !IsEmpty(ListItem.Overlay)</visible>
					</control>
					<control type="image">
						<posx>48</posx>
						<posy>24</posy>
						<width>70</width>
						<height>70</height>
						<animation reversible="false" effect="zoom" start="48,24,70,70" end="47,-2,80,80" time="200">focus</animation>
						<animation reversible="false" effect="zoom" end="48,24,70,70" start="47,-2,80,80" time="200">unfocus</animation>
						<fadetime>IconCrossfadeTime</fadetime>
						<texture>$VAR[StatusBanner,StatusBanner/,.png]</texture>
						<visible>!Skin.HasSetting(ViewStatusBanner) + !IsEmpty(ListItem.Overlay)</visible>
					</control>
					<control type="image">
						<posx>6</posx>
						<posy>24</posy>
						<width>112</width>
						<height>152</height>
						<aspectratio>stretch</aspectratio>
						<texture>black-back.png</texture>
						<colordiffuse>AAFFFFFF</colordiffuse>
						<animation reversible="false" effect="fade" start="100" end="0" time="0">focus</animation>
						<animation reversible="false" effect="zoom" start="6,24,112,152" end="-3,-1,130,180" time="200">focus</animation>
						<animation reversible="false" effect="zoom" end="6,24,112,152" start="-3,-1,130,180" time="200">unfocus</animation>
					</control>
				</focusedlayout>
			</control>
			<control type="scrollbar" id="60">
				<posx>310</posx>
				<posy>185</posy>
				<width>660</width>
				<height>25</height>
				<texturesliderbackground border="14,0,14,0">ScrollBarH.png</texturesliderbackground>
				<texturesliderbar border="14,0,14,0">ScrollBarH_bar.png</texturesliderbar>
				<texturesliderbarfocus border="14,0,14,0">ScrollBarH_bar_focus.png</texturesliderbarfocus>
				<textureslidernib>ScrollBarNib.png</textureslidernib>
				<textureslidernibfocus>ScrollBarNib.png</textureslidernibfocus>
				<onup>508</onup>
				<ondown condition="Skin.HasSetting(DisableHomeReturnButtons)">9000</ondown>
				<ondown condition="!Skin.HasSetting(DisableHomeReturnButtons)">82</ondown>
				<showonepage>true</showonepage>
				<orientation>horizontal</orientation>
				<visible>Control.IsVisible(508)</visible>
			</control>
		</control>
		<control type="group">
			<visible>Control.IsVisible(508)</visible>
			<control type="group">
				<visible>!Skin.HasSetting(View508HideInfo) + !Skin.HasSetting(View508DelayInfo) + !StringCompare(ListItem.Label,..) + !IsEmpty(ListItem.Plot) + !Container.OnNext + !Container.OnPrevious</visible>
				<animation effect="fade" start="0" end="100" time="1600" delay="3000">Visible</animation>
				<animation effect="fade" start="100" end="0" time="0">Hidden</animation>
				<include>FanArtInfoPanel</include>
			</control>
			<control type="group">
				<visible>!Skin.HasSetting(View508HideInfo) + Skin.HasSetting(View508DelayInfo) + !StringCompare(ListItem.Label,..) + !IsEmpty(ListItem.Plot) + !Container.OnNext + !Container.OnPrevious</visible>
				<animation effect="fade" start="0" end="100" time="300" delay="300">Visible</animation>
				<animation effect="fade" start="100" end="0" time="0">Hidden</animation>
				<include>FanArtInfoPanel</include>
			</control>
		</control>
	</include>
	<include name="MediaListView3">
		<control type="group">
			<visible>Control.IsVisible(503)</visible>
			<include>VisibleFadeEffect</include>
			<control type="list" id="503">
				<posx>70</posx>
				<posy>245</posy>
				<width>580</width>
				<height>401</height>
				<onleft>2</onleft>
				<onright>60</onright>
				<onup>503</onup>
				<ondown>503</ondown>
				<viewtype label="$LOCALIZE[544] 2">list</viewtype>
				<pagecontrol>60</pagecontrol>
				<scrolltime>200</scrolltime>
				<visible>Container.Content(TVShows) | Container.Content(Seasons) | Container.Content(Episodes) | Container.Content(Movies) | Container.Content(MusicVideos)</visible>
				<itemlayout height="40" width="580">
					<control type="image">
						<posx>0</posx>
						<posy>0</posy>
						<width>580</width>
						<height>41</height>
						<texture border="0,2,0,2">MenuItemNF.png</texture>
					</control>
					<control type="label">
						<posx>10</posx>
						<posy>0</posy>
						<width>520</width>
						<height>40</height>
						<font>font13</font>
						<textcolor>grey2</textcolor>
						<selectedcolor>selected</selectedcolor>
						<align>left</align>
						<aligny>center</aligny>
						<label>$VAR[MainItemLabel]</label>
					</control>
					<control type="label">
						<posx>510</posx>
						<posy>0</posy>
						<width>500</width>
						<height>40</height>
						<font>font12</font>
						<textcolor>grey2</textcolor>
						<selectedcolor>selected</selectedcolor>
						<align>right</align>
						<aligny>center</aligny>
						<label>$INFO[ListItem.Label2]</label>
						<visible>Window.IsVisible(Videos)</visible>
						<animation effect="slide" start="0,0" end="40,0" delay="0" time="0" condition="![Container.Content(Movies) | Container.Content(Episodes) | Container.Content(MusicVideos)]">conditional</animation>
						<animation effect="slide" start="0,0" end="18,0" delay="0" time="0" condition="stringcompare(Skin.String(WatchStatusType),Hidden)">conditional</animation>
					</control>
					<control type="image">
						<posx>515</posx>
						<posy>8</posy>
						<width>40</width>
						<height>26</height>
						<texture>$VAR[VideoResolutionFlag]</texture>
						<animation effect="slide" start="0,0" end="18,0" delay="0" time="0" condition="stringcompare(Skin.String(WatchStatusType),Hidden)">conditional</animation>
						<visible>!Skin.HasSetting(ViewSubTitleFlag)</visible>
						<visible>Window.IsVisible(Videos) + [Container.Content(Movies) | Container.Content(Episodes) | Container.Content(MusicVideos)]</visible>
					</control>
					<control type="image">
						<posx>521</posx>
						<posy>8</posy>
						<width>26</width>
						<height>26</height>
						<fadetime>IconCrossfadeTime</fadetime>
						<texture>$INFO[ListItem.SubtitleLanguage,Language/,.png]</texture>
						<animation effect="slide" start="0,0" end="18,0" delay="0" time="0" condition="stringcompare(Skin.String(WatchStatusType),Hidden)">conditional</animation>
						<visible>Window.IsVisible(Videos) + [Container.Content(Movies) | Container.Content(Episodes) | Container.Content(MusicVideos)]</visible>
						<visible>Skin.HasSetting(ViewSubTitleFlag) + !IsEmpty(ListItem.SubtitleLanguage)</visible>
					</control>
					<control type="group">
						<control type="image">
							<posx>550</posx>
							<posy>3</posy>
							<width>32</width>
							<height>32</height>
							<texture diffuse="poster-diffuse.png">OverlayStatus/resumable/OverlayUnwatched.png</texture>
							<visible>ListItem.IsResumable</visible>
						</control>
						<control type="image">
							<posx>550</posx>
							<posy>3</posy>
							<width>32</width>
							<height>32</height>
							<texture diffuse="poster-diffuse.png">$VAR[PartlyWatched,OverlayStatus/resumable/,.png]</texture>
							<visible>ListItem.IsResumable</visible>
						</control>
						<control type="image">
							<posx>552</posx>
							<posy>14</posy>
							<width>25</width>
							<height>21</height>
							<texture>$VAR[WatchTypePath,OverlayStatus/]</texture>
							<visible>!ListItem.IsResumable</visible>
						</control>
						<visible>Window.IsVisible(Videos) + !IsEmpty(ListItem.Overlay) + !stringcompare(Skin.String(WatchStatusType),Hidden)</visible>
					</control>
				</itemlayout>
				<focusedlayout height="40" width="580">
					<control type="image">
						<posx>0</posx>
						<posy>0</posy>
						<width>580</width>
						<height>41</height>
						<texture border="0,2,0,2">MenuItemNF.png</texture>
						<visible>!Control.HasFocus(503)</visible>
						<include>VisibleFadeEffect</include>
					</control>
					<control type="image">
						<posx>0</posx>
						<posy>0</posy>
						<width>580</width>
						<height>41</height>
						<texture border="0,2,0,2">MenuItemFO.png</texture>
						<visible>Control.HasFocus(503)</visible>
						<include>VisibleFadeEffect</include>
					</control>
					<control type="image">
						<posx>380</posx>
						<posy>4</posy>
						<width>200</width>
						<height>33</height>
						<texture border="0,0,14,0">MediaItemDetailBG.png</texture>
						<visible>Control.HasFocus(503) + !IsEmpty(ListItem.Label2)</visible>
					</control>
					<control type="label">
						<posx>10</posx>
						<posy>0</posy>
						<width>520</width>
						<height>40</height>
						<font>font13</font>
						<textcolor>white</textcolor>
						<selectedcolor>selected</selectedcolor>
						<align>left</align>
						<aligny>center</aligny>
						<label>$VAR[MainItemLabel]</label>
					</control>
					<control type="label">
						<posx>510</posx>
						<posy>0</posy>
						<width>500</width>
						<height>40</height>
						<font>font12</font>
						<textcolor>grey2</textcolor>
						<selectedcolor>selected</selectedcolor>
						<align>right</align>
						<aligny>center</aligny>
						<label>$INFO[ListItem.Label2]</label>
						<visible>Window.IsVisible(Videos)</visible>
						<animation effect="slide" start="0,0" end="40,0" delay="0" time="0" condition="![Container.Content(Movies) | Container.Content(Episodes) | Container.Content(MusicVideos)]">conditional</animation>
						<animation effect="slide" start="0,0" end="18,0" delay="0" time="0" condition="stringcompare(Skin.String(WatchStatusType),Hidden)">conditional</animation>
					</control>
					<control type="image">
						<posx>515</posx>
						<posy>8</posy>
						<width>40</width>
						<height>26</height>
						<texture>$VAR[VideoResolutionFlag]</texture>
						<animation effect="slide" start="0,0" end="18,0" delay="0" time="0" condition="stringcompare(Skin.String(WatchStatusType),Hidden)">conditional</animation>
						<visible>!Skin.HasSetting(ViewSubTitleFlag)</visible>
						<visible>Window.IsVisible(Videos) + [Container.Content(Movies) | Container.Content(Episodes) | Container.Content(MusicVideos)]</visible>
					</control>
					<control type="image">
						<posx>521</posx>
						<posy>8</posy>
						<width>26</width>
						<height>26</height>
						<fadetime>IconCrossfadeTime</fadetime>
						<texture>$INFO[ListItem.SubtitleLanguage,Language/,.png]</texture>
						<animation effect="slide" start="0,0" end="18,0" delay="0" time="0" condition="stringcompare(Skin.String(WatchStatusType),Hidden)">conditional</animation>
						<visible>Window.IsVisible(Videos) + [Container.Content(Movies) | Container.Content(Episodes) | Container.Content(MusicVideos)]</visible>
						<visible>Skin.HasSetting(ViewSubTitleFlag) + !IsEmpty(ListItem.SubtitleLanguage)</visible>
					</control>
					<control type="group">
						<control type="image">
							<posx>550</posx>
							<posy>3</posy>
							<width>32</width>
							<height>32</height>
							<texture diffuse="poster-diffuse.png">OverlayStatus/resumable/OverlayUnwatched.png</texture>
							<visible>ListItem.IsResumable</visible>
						</control>
						<control type="image">
							<posx>550</posx>
							<posy>3</posy>
							<width>32</width>
							<height>32</height>
							<texture diffuse="poster-diffuse.png">$VAR[PartlyWatched,OverlayStatus/resumable/,.png]</texture>
							<visible>ListItem.IsResumable</visible>
						</control>
						<control type="image">
							<posx>552</posx>
							<posy>14</posy>
							<width>25</width>
							<height>21</height>
							<texture>$VAR[WatchTypePath,OverlayStatus/]</texture>
							<visible>!ListItem.IsResumable</visible>
						</control>
						<visible>Window.IsVisible(Videos) + !IsEmpty(ListItem.Overlay) + !stringcompare(Skin.String(WatchStatusType),Hidden)</visible>
					</control>
				</focusedlayout>
			</control>
			<control type="scrollbar" id="60">
				<posx>650</posx>
				<posy>245</posy>
				<width>25</width>
				<height>400</height>
				<texturesliderbackground border="0,14,0,14">ScrollBarV.png</texturesliderbackground>
				<texturesliderbar border="0,14,0,14">ScrollBarV_bar.png</texturesliderbar>
				<texturesliderbarfocus border="0,14,0,14">ScrollBarV_bar_focus.png</texturesliderbarfocus>
				<textureslidernib>ScrollBarNib.png</textureslidernib>
				<textureslidernibfocus>ScrollBarNib.png</textureslidernibfocus>
				<onleft>503</onleft>
				<onright condition="Skin.HasSetting(DisableHomeReturnButtons)">9000</onright>
				<onright condition="!Skin.HasSetting(DisableHomeReturnButtons)">82</onright>
				<showonepage>true</showonepage>
				<orientation>vertical</orientation>
				<visible>Control.IsVisible(503)</visible>
			</control>
			<control type="group">
				<posx>710</posx>
				<posy>245</posy>
				<visible>Container.Content(TVShows)</visible>
				<control type="image">
					<posx>0</posx>
					<posy>0</posy>
					<width>530</width>
					<height>110</height>
					<aspectratio>keep</aspectratio>
					<fadetime>IconCrossfadeTime</fadetime>
					<texture background="true">$VAR[BannerThumb]</texture>
					<bordertexture border="8">ThumbShadow.png</bordertexture>
					<bordersize>8</bordersize>
					<visible>!Skin.HasSetting(View503CharacterArt) | IsEmpty(ListItem.Art(clearart))</visible>
				</control>
				<control type="image">
					<posx>15</posx>
					<posy>0</posy>
					<width>500</width>
					<height>281</height>
					<aspectratio>keep</aspectratio>
					<fadetime>IconCrossfadeTime</fadetime>
					<texture background="true">$INFO[ListItem.Art(clearart)]</texture>
					<visible>Skin.HasSetting(View503CharacterArt) + !IsEmpty(ListItem.Art(clearart))</visible>
				</control>
				<control type="group">
					<animation effect="slide" start="0,0" end="0,180" delay="0" time="0" condition="Skin.HasSetting(View503CharacterArt) + !IsEmpty(ListItem.Art(clearart))">conditional</animation>
					<control type="label">
						<description>Episodes txt</description>
						<posx>150</posx>
						<posy>120</posy>
						<width>140</width>
						<height>25</height>
						<label>$LOCALIZE[20360]:</label>
						<align>right</align>
						<aligny>center</aligny>
						<font>font12</font>
						<textcolor>blue</textcolor>
					</control>
					<control type="label">
						<description>Episodes Value</description>
						<posx>160</posx>
						<posy>120</posy>
						<width>360</width>
						<height>25</height>
						<label fallback="416">$INFO[listitem.episode] [COLOR=grey] ($INFO[ListItem.Property(WatchedEpisodes),, $LOCALIZE[16102]] - $INFO[ListItem.Property(UnWatchedEpisodes), , $LOCALIZE[16101]])[/COLOR]</label>
						<align>left</align>
						<aligny>center</aligny>
						<font>font12</font>
						<scroll>true</scroll>
					</control>
					<control type="label">
						<description>Aired txt</description>
						<posx>150</posx>
						<posy>145</posy>
						<width>140</width>
						<height>25</height>
						<label>$LOCALIZE[31322]:</label>
						<align>right</align>
						<aligny>center</aligny>
						<font>font12</font>
						<textcolor>blue</textcolor>
					</control>
					<control type="label">
						<description>Aired Value</description>
						<posx>160</posx>
						<posy>145</posy>
						<width>360</width>
						<height>25</height>
						<label fallback="416">$INFO[listitem.premiered]</label>
						<align>left</align>
						<aligny>center</aligny>
						<font>font12</font>
						<scroll>true</scroll>
					</control>
					<control type="label">
						<description>Genre txt</description>
						<posx>150</posx>
						<posy>170</posy>
						<width>140</width>
						<height>25</height>
						<label>$LOCALIZE[515]:</label>
						<align>right</align>
						<aligny>center</aligny>
						<font>font12</font>
						<textcolor>blue</textcolor>
					</control>
					<control type="fadelabel">
						<description>Genre Value</description>
						<posx>160</posx>
						<posy>170</posy>
						<width>360</width>
						<height>25</height>
						<label fallback="416">$INFO[listitem.Genre]</label>
						<align>left</align>
						<aligny>center</aligny>
						<font>font12</font>
						<scrollout>false</scrollout>
						<pauseatend>1000</pauseatend>
					</control>
				</control>
				<control type="image">
					<posx>0</posx>
					<posy>200</posy>
					<width>530</width>
					<height>4</height>
					<texture>separator.png</texture>
					<animation effect="slide" start="0,0" end="0,88" delay="0" time="0" condition="Skin.HasSetting(View503CharacterArt) + !IsEmpty(ListItem.Art(clearart))">conditional</animation>
				</control>
				<control type="textbox">
					<description>Description Value for TVShows</description>
					<posx>10</posx>
					<posy>210</posy>
					<width>510</width>
					<height>180</height>
					<font>font12</font>
					<align>justify</align>
					<textcolor>white</textcolor>
					<label>$VAR[VideoDescription]</label>
					<autoscroll time="2000" delay="3000" repeat="5000">Skin.HasSetting(AutoScroll)</autoscroll>
					<visible>!Skin.HasSetting(View503CharacterArt) | IsEmpty(ListItem.Art(clearart))</visible>
				</control>
			</control>
			<control type="group">
				<posx>710</posx>
				<posy>245</posy>
				<visible>Container.Content(Episodes)</visible>
				<control type="image">
					<posx>0</posx>
					<posy>0</posy>
					<width>530</width>
					<height>210</height>
					<aspectratio>keep</aspectratio>
					<fadetime>IconCrossfadeTime</fadetime>
					<texture background="true">$INFO[ListItem.Icon]</texture>
					<bordertexture border="8">ThumbShadow.png</bordertexture>
					<bordersize>8</bordersize>
					<visible>!Skin.HasSetting(HideEpisodeThumb) | StringCompare(ListItem.Label,..)</visible>
				</control>
				<control type="image">
					<posx>0</posx>
					<posy>0</posy>
					<width>530</width>
					<height>210</height>
					<aspectratio>keep</aspectratio>
					<fadetime>IconCrossfadeTime</fadetime>
					<texture background="true" fallback="Fanart_Fallback_Small.jpg">$INFO[ListItem.Property(Fanart_Image)]</texture>
					<bordertexture border="8">ThumbShadow.png</bordertexture>
					<bordersize>8</bordersize>
					<visible>Skin.HasSetting(HideEpisodeThumb) + !StringCompare(ListItem.Label,..)</visible>
				</control>
				<control type="grouplist">
					<description>Media Codec Flagging Images</description>
					<posx>0</posx>
					<posy>210</posy>
					<width>530</width>
					<align>center</align>
					<itemgap>2</itemgap>
					<orientation>horizontal</orientation>
					<include>VideoCodecFlaggingConditions</include>
					<include>AudioCodecFlaggingConditions</include>
					<include>AudioChannelsFlaggingConditions</include>
					<include>AspectCodecFlaggingConditions</include>
					<include>VideoTypeHackFlaggingConditions</include>
				</control>
				<control type="label">
					<description>INFO txt</description>
					<posx>10</posx>
					<posy>245</posy>
					<width>510</width>
					<height>25</height>
					<label>$INFO[ListItem.Season,[COLOR=blue] $LOCALIZE[20373] :[/COLOR] ] $INFO[ListItem.episode,[COLOR=blue] $LOCALIZE[20359] :[/COLOR] ] $INFO[ListItem.premiered,[COLOR=blue] $LOCALIZE[31322] :[/COLOR] ]</label>
					<align>center</align>
					<aligny>top</aligny>
					<font>font12</font>
					<textcolor>white</textcolor>
					<shadowcolor>black</shadowcolor>
					<wrapmultiline>true</wrapmultiline>
				</control>
				<control type="image">
					<posx>0</posx>
					<posy>275</posy>
					<width>530</width>
					<height>4</height>
					<texture>separator.png</texture>
				</control>
				<control type="textbox">
					<description>Description Value for TVShows</description>
					<posx>10</posx>
					<posy>280</posy>
					<width>510</width>
					<height>120</height>
					<font>font12</font>
					<align>justify</align>
					<textcolor>white</textcolor>
					<label>$VAR[VideoDescription]</label>
					<autoscroll time="2000" delay="3000" repeat="5000">Skin.HasSetting(AutoScroll)</autoscroll>
				</control>
			</control>
			<control type="group">
				<posx>710</posx>
				<posy>245</posy>
				<visible>Container.Content(Seasons)</visible>
				<control type="image">
					<posx>0</posx>
					<posy>0</posy>
					<width>260</width>
					<height>355</height>
					<aspectratio>keep</aspectratio>
					<fadetime>IconCrossfadeTime</fadetime>
					<texture background="true">$INFO[ListItem.Icon]</texture>
					<bordertexture border="8">ThumbShadow.png</bordertexture>
					<bordersize>8</bordersize>
				</control>
				<control type="textbox">
					<description>Description Value for Seasons</description>
					<posx>270</posx>
					<posy>0</posy>
					<width>250</width>
					<height>355</height>
					<font>font12</font>
					<align>justify</align>
					<textcolor>white</textcolor>
					<label>$INFO[Container.ShowPlot]</label>
					<autoscroll time="2000" delay="3000" repeat="5000">Skin.HasSetting(AutoScroll)</autoscroll>
					<visible>Container.Content(Seasons)</visible>
				</control>
				<control type="label">
					<description>Watched Count</description>
					<posx>10</posx>
					<posy>370</posy>
					<width>510</width>
					<height>25</height>
					<label>[COLOR=white]$LOCALIZE[20360]:[/COLOR] $INFO[ListItem.Property(WatchedEpisodes),([COLOR=blue],[/COLOR]) $LOCALIZE[16102]] $INFO[ListItem.Property(UnWatchedEpisodes),([COLOR=blue],[/COLOR]) $LOCALIZE[16101]]</label>
					<align>center</align>
					<aligny>center</aligny>
					<font>font12</font>
					<textcolor>grey2</textcolor>
					<shadowcolor>black</shadowcolor>
				</control>
			</control>
			<control type="group">
				<posx>710</posx>
				<posy>245</posy>
				<visible>Container.Content(Movies) | Container.Content(MusicVideos)</visible>
				<control type="image">
					<posx>0</posx>
					<posy>0</posy>
					<width>260</width>
					<height>355</height>
					<aspectratio>keep</aspectratio>
					<fadetime>IconCrossfadeTime</fadetime>
					<texture background="true">$VAR[PosterThumb]</texture>
					<bordertexture border="8">ThumbShadow.png</bordertexture>
					<bordersize>8</bordersize>
				</control>
				<control type="grouplist">
					<description>Media Codec Flagging Images</description>
					<posx>0</posx>
					<posy>365</posy>
					<width>530</width>
					<align>center</align>
					<itemgap>2</itemgap>
					<orientation>horizontal</orientation>
					<include>VideoMPAAFlaggingConditions</include>
					<include>VideoCodecFlaggingConditions</include>
					<include>AudioCodecFlaggingConditions</include>
					<include>AudioChannelsFlaggingConditions</include>
					<include>AspectCodecFlaggingConditions</include>
					<include>VideoTypeHackFlaggingConditions</include>
				</control>
				<control type="textbox">
					<description>Description Value for Movie</description>
					<posx>270</posx>
					<posy>0</posy>
					<width>250</width>
					<height>355</height>
					<font>font12</font>
					<align>justify</align>
					<textcolor>white</textcolor>
					<label>$VAR[VideoDescription]</label>
					<autoscroll time="2000" delay="3000" repeat="5000">Skin.HasSetting(AutoScroll)</autoscroll>
				</control>
			</control>
		</control>
	</include>
	<include name="MediaListView2">
		<control type="group">
			<visible>Control.IsVisible(504)</visible>
			<include>VisibleFadeEffect</include>
			<control type="list" id="504">
				<posx>70</posx>
				<posy>78</posy>
				<width>580</width>
				<height>561</height>
				<onleft>2</onleft>
				<onright>60</onright>
				<onup>504</onup>
				<ondown>504</ondown>
				<viewtype label="$LOCALIZE[544]">list</viewtype>
				<pagecontrol>60</pagecontrol>
				<scrolltime>200</scrolltime>
				<visible>Container.Content(TVShows) | Container.Content(Movies) | Container.Content(Episodes) | Container.Content(MusicVideos)</visible>
				<itemlayout height="40" width="580">
					<control type="image">
						<posx>0</posx>
						<posy>0</posy>
						<width>580</width>
						<height>41</height>
						<texture border="0,2,0,2">MenuItemNF.png</texture>
					</control>
					<control type="label">
						<posx>10</posx>
						<posy>0</posy>
						<width>520</width>
						<height>40</height>
						<font>font13</font>
						<textcolor>grey2</textcolor>
						<selectedcolor>selected</selectedcolor>
						<align>left</align>
						<aligny>center</aligny>
						<label>$VAR[MainItemLabel]</label>
					</control>
					<control type="label">
						<posx>510</posx>
						<posy>0</posy>
						<width>500</width>
						<height>40</height>
						<font>font12</font>
						<textcolor>grey2</textcolor>
						<selectedcolor>selected</selectedcolor>
						<align>right</align>
						<aligny>center</aligny>
						<label>$INFO[ListItem.Label2]</label>
						<visible>Window.IsVisible(Videos)</visible>
						<animation effect="slide" start="0,0" end="40,0" delay="0" time="0" condition="![Container.Content(Movies) | Container.Content(Episodes) | Container.Content(MusicVideos)]">conditional</animation>
						<animation effect="slide" start="0,0" end="18,0" delay="0" time="0" condition="stringcompare(Skin.String(WatchStatusType),Hidden)">conditional</animation>
					</control>
					<control type="image">
						<posx>515</posx>
						<posy>8</posy>
						<width>40</width>
						<height>26</height>
						<texture>$VAR[VideoResolutionFlag]</texture>
						<animation effect="slide" start="0,0" end="18,0" delay="0" time="0" condition="stringcompare(Skin.String(WatchStatusType),Hidden)">conditional</animation>
						<visible>Window.IsVisible(Videos) + [Container.Content(Movies) | Container.Content(Episodes) | Container.Content(MusicVideos)]</visible>
						<visible>!Skin.HasSetting(ViewSubTitleFlag)</visible>
					</control>
					<control type="image">
						<posx>521</posx>
						<posy>8</posy>
						<width>26</width>
						<height>26</height>
						<fadetime>IconCrossfadeTime</fadetime>
						<texture>$INFO[ListItem.SubtitleLanguage,Language/,.png]</texture>
						<animation effect="slide" start="0,0" end="18,0" delay="0" time="0" condition="stringcompare(Skin.String(WatchStatusType),Hidden)">conditional</animation>
						<visible>Window.IsVisible(Videos) + [Container.Content(Movies) | Container.Content(Episodes) | Container.Content(MusicVideos)]</visible>
						<visible>Skin.HasSetting(ViewSubTitleFlag) + !IsEmpty(ListItem.SubtitleLanguage)</visible>
					</control>
					<control type="group">
						<control type="image">
							<posx>550</posx>
							<posy>3</posy>
							<width>32</width>
							<height>32</height>
							<texture diffuse="poster-diffuse.png">OverlayStatus/resumable/OverlayUnwatched.png</texture>
							<visible>ListItem.IsResumable</visible>
						</control>
						<control type="image">
							<posx>550</posx>
							<posy>3</posy>
							<width>32</width>
							<height>32</height>
							<texture diffuse="poster-diffuse.png">$VAR[PartlyWatched,OverlayStatus/resumable/,.png]</texture>
							<visible>ListItem.IsResumable</visible>
						</control>
						<control type="image">
							<posx>552</posx>
							<posy>14</posy>
							<width>25</width>
							<height>21</height>
							<texture>$VAR[WatchTypePath,OverlayStatus/]</texture>
							<visible>!ListItem.IsResumable</visible>
						</control>
						<visible>Window.IsVisible(Videos) + !IsEmpty(ListItem.Overlay) + !stringcompare(Skin.String(WatchStatusType),Hidden)</visible>
					</control>
				</itemlayout>
				<focusedlayout height="40" width="580">
					<control type="image">
						<posx>0</posx>
						<posy>0</posy>
						<width>580</width>
						<height>41</height>
						<texture border="0,2,0,2">MenuItemNF.png</texture>
						<visible>!Control.HasFocus(504)</visible>
						<include>VisibleFadeEffect</include>
					</control>
					<control type="image">
						<posx>0</posx>
						<posy>0</posy>
						<width>580</width>
						<height>41</height>
						<texture border="0,2,0,2">MenuItemFO.png</texture>
						<visible>Control.HasFocus(504)</visible>
						<include>VisibleFadeEffect</include>
					</control>
					<control type="image">
						<posx>380</posx>
						<posy>4</posy>
						<width>200</width>
						<height>33</height>
						<texture border="0,0,14,0">MediaItemDetailBG.png</texture>
						<visible>Control.HasFocus(504) + !IsEmpty(ListItem.Label2)</visible>
					</control>
					<control type="label">
						<posx>10</posx>
						<posy>0</posy>
						<width>520</width>
						<height>40</height>
						<font>font13</font>
						<textcolor>white</textcolor>
						<selectedcolor>selected</selectedcolor>
						<align>left</align>
						<aligny>center</aligny>
						<label>$VAR[MainItemLabel]</label>
					</control>
					<control type="label">
						<posx>510</posx>
						<posy>0</posy>
						<width>500</width>
						<height>40</height>
						<font>font12</font>
						<textcolor>grey2</textcolor>
						<selectedcolor>selected</selectedcolor>
						<align>right</align>
						<aligny>center</aligny>
						<label>$INFO[ListItem.Label2]</label>
						<visible>Window.IsVisible(Videos)</visible>
						<animation effect="slide" start="0,0" end="40,0" delay="0" time="0" condition="![Container.Content(Movies) | Container.Content(Episodes) | Container.Content(MusicVideos)]">conditional</animation>
						<animation effect="slide" start="0,0" end="18,0" delay="0" time="0" condition="stringcompare(Skin.String(WatchStatusType),Hidden)">conditional</animation>
					</control>
					<control type="image">
						<posx>515</posx>
						<posy>8</posy>
						<width>40</width>
						<height>26</height>
						<texture>$VAR[VideoResolutionFlag]</texture>
						<animation effect="slide" start="0,0" end="18,0" delay="0" time="0" condition="stringcompare(Skin.String(WatchStatusType),Hidden)">conditional</animation>
						<visible>Window.IsVisible(Videos) + [Container.Content(Movies) | Container.Content(Episodes) | Container.Content(MusicVideos)]</visible>
						<visible>!Skin.HasSetting(ViewSubTitleFlag)</visible>
					</control>
					<control type="image">
						<posx>521</posx>
						<posy>8</posy>
						<width>26</width>
						<height>26</height>
						<fadetime>IconCrossfadeTime<visible>Skin.HasSetting(ViewSubTitleFlag) + !IsEmpty(ListItem.SubtitleLanguage)</visible></fadetime>
						<texture>$INFO[ListItem.SubtitleLanguage,Language/,.png]</texture>
						<animation effect="slide" start="0,0" end="18,0" delay="0" time="0" condition="stringcompare(Skin.String(WatchStatusType),Hidden)">conditional</animation>
						<visible>Window.IsVisible(Videos) + [Container.Content(Movies) | Container.Content(Episodes) | Container.Content(MusicVideos)]</visible>
						<visible>Skin.HasSetting(ViewSubTitleFlag) + !IsEmpty(ListItem.SubtitleLanguage)</visible>
					</control>
					<control type="group">
						<control type="image">
							<posx>550</posx>
							<posy>3</posy>
							<width>32</width>
							<height>32</height>
							<texture diffuse="poster-diffuse.png">OverlayStatus/resumable/OverlayUnwatched.png</texture>
							<visible>ListItem.IsResumable</visible>
						</control>
						<control type="image">
							<posx>550</posx>
							<posy>3</posy>
							<width>32</width>
							<height>32</height>
							<texture diffuse="poster-diffuse.png">$VAR[PartlyWatched,OverlayStatus/resumable/,.png]</texture>
							<visible>ListItem.IsResumable</visible>
						</control>
						<control type="image">
							<posx>552</posx>
							<posy>14</posy>
							<width>25</width>
							<height>21</height>
							<texture>$VAR[WatchTypePath,OverlayStatus/]</texture>
							<visible>!ListItem.IsResumable</visible>
						</control>
						<visible>Window.IsVisible(Videos) + !IsEmpty(ListItem.Overlay) + !stringcompare(Skin.String(WatchStatusType),Hidden)</visible>
					</control>
				</focusedlayout>
			</control>
			<control type="scrollbar" id="60">
				<posx>650</posx>
				<posy>78</posy>
				<width>25</width>
				<height>560</height>
				<texturesliderbackground border="10,14,10,14">ScrollBarV.png</texturesliderbackground>
				<texturesliderbar border="10,14,10,14">ScrollBarV_bar.png</texturesliderbar>
				<texturesliderbarfocus border="10,14,10,14">ScrollBarV_bar_focus.png</texturesliderbarfocus>
				<textureslidernib>ScrollBarNib.png</textureslidernib>
				<textureslidernibfocus>ScrollBarNib.png</textureslidernibfocus>
				<onleft>504</onleft>
				<onright condition="Skin.HasSetting(DisableHomeReturnButtons)">9000</onright>
				<onright condition="!Skin.HasSetting(DisableHomeReturnButtons)">82</onright>
				<showonepage>true</showonepage>
				<orientation>vertical</orientation>
				<visible>Control.IsVisible(504)</visible>
			</control>
			<control type="group">
				<posx>710</posx>
				<posy>70</posy>
				<visible>Control.IsVisible(504) + [Container.Content(Movies) | Container.Content(TVShows) | Container.Content(MusicVideos)]</visible>
				<control type="image">
					<posx>0</posx>
					<posy>0</posy>
					<width>510</width>
					<height>286</height>
					<aspectratio>scale</aspectratio>
					<fadetime>IconCrossfadeTime</fadetime>
					<texture background="true" fallback="Fanart_Fallback_Small.jpg">$INFO[ListItem.Art(fanart)]</texture>
					<bordertexture background="true" border="8">ThumbShadow.png</bordertexture>
					<bordersize>8</bordersize>
				</control>
				<control type="multiimage">
					<posx>0</posx>
					<posy>0</posy>
					<width>510</width>
					<height>286</height>
					<aspectratio>scale</aspectratio>
					<fadetime>IconCrossfadeTime</fadetime>
					<imagepath background="true">$INFO[ListItem.Path,,extrafanart/]</imagepath>
					<timeperimage>5000</timeperimage>
					<randomize>true</randomize>
					<bordertexture background="true" border="8">ThumbShadow.png</bordertexture>
					<bordersize>8</bordersize>
					<visible>!Skin.HasSetting(View504XtraFanArt) + !StringCompare(ListItem.Label,..)</visible>
				</control>
				<control type="grouplist">
					<description>Media Codec Flagging Images</description>
					<posx>0</posx>
					<posy>290</posy>
					<width>510</width>
					<align>center</align>
					<itemgap>2</itemgap>
					<orientation>horizontal</orientation>
					<include>VideoMPAAFlaggingConditions</include>
					<include>VideoCodecFlaggingConditions</include>
					<include>AudioCodecFlaggingConditions</include>
					<include>AudioChannelsFlaggingConditions</include>
					<include>AspectCodecFlaggingConditions</include>
					<include>VideoTypeHackFlaggingConditions</include>
				</control>
				<control type="image">
					<posx>0</posx>
					<posy>330</posy>
					<width>510</width>
					<height>4</height>
					<texture>separator.png</texture>
				</control>
				<control type="label">
					<description>Year txt</description>
					<posx>150</posx>
					<posy>335</posy>
					<width>140</width>
					<height>25</height>
					<label>$LOCALIZE[345]:</label>
					<align>right</align>
					<aligny>center</aligny>
					<font>font13_title</font>
					<textcolor>blue</textcolor>
				</control>
				<control type="label">
					<description>Year Value</description>
					<posx>160</posx>
					<posy>335</posy>
					<width>340</width>
					<height>25</height>
					<label fallback="416">$INFO[listitem.Year]</label>
					<align>left</align>
					<aligny>center</aligny>
					<font>font13</font>
					<scroll>true</scroll>
				</control>
				<control type="label">
					<description>Genre txt</description>
					<posx>150</posx>
					<posy>360</posy>
					<width>140</width>
					<height>25</height>
					<label>$LOCALIZE[515]:</label>
					<align>right</align>
					<aligny>center</aligny>
					<font>font13_title</font>
					<textcolor>blue</textcolor>
				</control>
				<control type="fadelabel">
					<description>Genre Value</description>
					<posx>160</posx>
					<posy>360</posy>
					<width>340</width>
					<height>25</height>
					<label fallback="416">$INFO[listitem.Genre]</label>
					<align>left</align>
					<aligny>center</aligny>
					<font>font13</font>
					<scrollout>false</scrollout>
					<pauseatend>1000</pauseatend>
				</control>
				<control type="image">
					<posx>0</posx>
					<posy>390</posy>
					<width>510</width>
					<height>4</height>
					<texture>separator.png</texture>
				</control>
				<control type="textbox">
					<description>Description Value for Video</description>
					<posx>10</posx>
					<posy>395</posy>
					<width>490</width>
					<height>170</height>
					<font>font12</font>
					<align>justify</align>
					<textcolor>white</textcolor>
					<label>$VAR[VideoDescription]</label>
					<autoscroll time="2000" delay="3000" repeat="5000">Skin.HasSetting(AutoScroll)</autoscroll>
				</control>
			</control>
			<control type="group">
				<posx>710</posx>
				<posy>70</posy>
				<visible>Control.IsVisible(504) + Container.Content(Episodes)</visible>
				<control type="image">
					<posx>0</posx>
					<posy>0</posy>
					<width>510</width>
					<height>286</height>
					<aspectratio>scale</aspectratio>
					<fadetime>IconCrossfadeTime</fadetime>
					<texture background="true">$INFO[ListItem.Icon]</texture>
					<bordertexture background="true" border="8">ThumbShadow.png</bordertexture>
					<bordersize>8</bordersize>
					<visible>StringCompare(ListItem.Label,..) | !Skin.HasSetting(HideEpisodeThumb)</visible>
				</control>
				<control type="image">
					<posx>0</posx>
					<posy>0</posy>
					<width>510</width>
					<height>286</height>
					<aspectratio>scale</aspectratio>
					<fadetime>IconCrossfadeTime</fadetime>
					<texture background="true" fallback="Fanart_Fallback_Small.jpg">$INFO[ListItem.Property(Fanart_Image)]</texture>
					<bordertexture background="true" border="8">ThumbShadow.png</bordertexture>
					<bordersize>8</bordersize>
					<visible>!StringCompare(ListItem.Label,..) + Skin.HasSetting(HideEpisodeThumb)</visible>
				</control>
				<control type="grouplist">
					<description>Media Codec Flagging Images</description>
					<posx>0</posx>
					<posy>290</posy>
					<width>510</width>
					<align>center</align>
					<itemgap>2</itemgap>
					<orientation>horizontal</orientation>
					<include>VideoCodecFlaggingConditions</include>
					<include>AudioCodecFlaggingConditions</include>
					<include>AudioChannelsFlaggingConditions</include>
					<include>AspectCodecFlaggingConditions</include>
					<include>VideoTypeHackFlaggingConditions</include>
				</control>
				<control type="image">
					<posx>0</posx>
					<posy>330</posy>
					<width>510</width>
					<height>4</height>
					<texture>separator.png</texture>
				</control>
				<control type="label">
					<description>Aired txt</description>
					<posx>150</posx>
					<posy>335</posy>
					<width>140</width>
					<height>25</height>
					<label>$LOCALIZE[31322]:</label>
					<align>right</align>
					<aligny>center</aligny>
					<font>font13_title</font>
					<textcolor>blue</textcolor>
				</control>
				<control type="label">
					<description>Aired Value</description>
					<posx>160</posx>
					<posy>335</posy>
					<width>340</width>
					<height>25</height>
					<label fallback="416">$INFO[listitem.Premiered]</label>
					<align>left</align>
					<aligny>center</aligny>
					<font>font13</font>
					<scroll>true</scroll>
				</control>
				<control type="label">
					<description>Episode txt</description>
					<posx>150</posx>
					<posy>360</posy>
					<width>140</width>
					<height>25</height>
					<label>$LOCALIZE[20359]:</label>
					<align>right</align>
					<aligny>center</aligny>
					<font>font13_title</font>
					<textcolor>blue</textcolor>
				</control>
				<control type="fadelabel">
					<description>Episode Value</description>
					<posx>160</posx>
					<posy>360</posy>
					<width>340</width>
					<height>25</height>
					<label fallback="416">$INFO[listitem.Season,,x]$INFO[listitem.Episode]</label>
					<align>left</align>
					<aligny>center</aligny>
					<font>font13</font>
					<scrollout>false</scrollout>
					<pauseatend>1000</pauseatend>
				</control>
				<control type="image">
					<posx>0</posx>
					<posy>390</posy>
					<width>510</width>
					<height>4</height>
					<texture>separator.png</texture>
				</control>
				<control type="textbox">
					<description>Description Value for Video</description>
					<posx>10</posx>
					<posy>395</posy>
					<width>490</width>
					<height>170</height>
					<font>font12</font>
					<align>justify</align>
					<textcolor>white</textcolor>
					<label>$VAR[VideoDescription]</label>
					<autoscroll time="2000" delay="3000" repeat="5000">Skin.HasSetting(AutoScroll)</autoscroll>
				</control>
			</control>
		</control>
	</include>
	<include name="MediaListView4">
		<control type="group">
			<visible>Control.IsVisible(515)</visible>
			<include>VisibleFadeEffect</include>
			<control type="list" id="515">
				<posx>70</posx>
				<posy>78</posy>
				<width>340</width>
				<height>561</height>
				<onleft>2</onleft>
				<onright>60</onright>
				<onup>515</onup>
				<ondown>515</ondown>
				<viewtype label="$LOCALIZE[544] 3">list</viewtype>
				<pagecontrol>60</pagecontrol>
				<scrolltime>200</scrolltime>
				<visible>Container.Content(TVShows) | Container.Content(Movies) | Container.Content(Episodes) | Container.Content(Seasons) | Container.Content(MusicVideos)</visible>
				<itemlayout condition="!Container.Content(TVShows) | Skin.HasSetting(View515HideTVBanners)" height="40" width="345">
					<control type="image">
						<posx>0</posx>
						<posy>0</posy>
						<width>345</width>
						<height>41</height>
						<texture border="0,2,0,2">MenuItemNF.png</texture>
					</control>
					<control type="label">
						<posx>10</posx>
						<posy>0</posy>
						<width>310</width>
						<height>40</height>
						<font>font13</font>
						<textcolor>grey2</textcolor>
						<selectedcolor>selected</selectedcolor>
						<align>left</align>
						<aligny>center</aligny>
						<label>$VAR[MainItemLabel]</label>
						<visible>!stringcompare(Skin.String(WatchStatusType),Hidden)</visible>
					</control>
					<control type="label">
						<posx>10</posx>
						<posy>0</posy>
						<width>335</width>
						<height>40</height>
						<font>font13</font>
						<textcolor>grey2</textcolor>
						<selectedcolor>selected</selectedcolor>
						<align>left</align>
						<aligny>center</aligny>
						<label>$VAR[MainItemLabel]</label>
						<visible>Skin.HasSetting(HideWatchStatus)</visible>
					</control>
					<control type="group">
						<control type="image">
							<posx>315</posx>
							<posy>3</posy>
							<width>32</width>
							<height>32</height>
							<texture diffuse="poster-diffuse.png">OverlayStatus/resumable/OverlayUnwatched.png</texture>
							<visible>ListItem.IsResumable</visible>
						</control>
						<control type="image">
							<posx>315</posx>
							<posy>3</posy>
							<width>32</width>
							<height>32</height>
							<texture diffuse="poster-diffuse.png">$VAR[PartlyWatched,OverlayStatus/resumable/,.png]</texture>
							<visible>ListItem.IsResumable</visible>
						</control>
						<control type="image">
							<posx>317</posx>
							<posy>14</posy>
							<width>25</width>
							<height>21</height>
							<texture>$VAR[WatchTypePath,OverlayStatus/]</texture>
							<visible>!ListItem.IsResumable</visible>
						</control>
						<visible>Window.IsVisible(Videos) + !IsEmpty(ListItem.Overlay) + !stringcompare(Skin.String(WatchStatusType),Hidden)</visible>
					</control>
				</itemlayout>
				<focusedlayout condition="!Container.Content(TVShows) | Skin.HasSetting(View515HideTVBanners)" height="40" width="345">
					<control type="image">
						<posx>0</posx>
						<posy>0</posy>
						<width>345</width>
						<height>41</height>
						<texture border="0,2,0,2">MenuItemNF.png</texture>
						<visible>!Control.HasFocus(515)</visible>
						<include>VisibleFadeEffect</include>
					</control>
					<control type="image">
						<posx>0</posx>
						<posy>0</posy>
						<width>345</width>
						<height>41</height>
						<texture border="0,2,0,2">MenuItemFO.png</texture>
						<visible>Control.HasFocus(515)</visible>
						<include>VisibleFadeEffect</include>
					</control>
					<control type="label">
						<posx>10</posx>
						<posy>0</posy>
						<width>310</width>
						<height>40</height>
						<font>font13</font>
						<textcolor>white</textcolor>
						<selectedcolor>selected</selectedcolor>
						<align>left</align>
						<aligny>center</aligny>
						<label>$VAR[MainItemLabel]</label>
						<visible>!stringcompare(Skin.String(WatchStatusType),Hidden)</visible>
					</control>
					<control type="label">
						<posx>10</posx>
						<posy>0</posy>
						<width>335</width>
						<height>40</height>
						<font>font13</font>
						<textcolor>white</textcolor>
						<selectedcolor>selected</selectedcolor>
						<align>left</align>
						<aligny>center</aligny>
						<label>$VAR[MainItemLabel]</label>
						<visible>Skin.HasSetting(HideWatchStatus)</visible>
					</control>
					<control type="group">
						<control type="image">
							<posx>315</posx>
							<posy>3</posy>
							<width>32</width>
							<height>32</height>
							<texture diffuse="poster-diffuse.png">OverlayStatus/resumable/OverlayUnwatched.png</texture>
							<visible>ListItem.IsResumable</visible>
						</control>
						<control type="image">
							<posx>315</posx>
							<posy>3</posy>
							<width>32</width>
							<height>32</height>
							<texture diffuse="poster-diffuse.png">$VAR[PartlyWatched,OverlayStatus/resumable/,.png]</texture>
							<visible>ListItem.IsResumable</visible>
						</control>
						<control type="image">
							<posx>317</posx>
							<posy>14</posy>
							<width>25</width>
							<height>21</height>
							<texture>$VAR[WatchTypePath,OverlayStatus/]</texture>
							<visible>!ListItem.IsResumable</visible>
						</control>
						<visible>Window.IsVisible(Videos) + !IsEmpty(ListItem.Overlay) + !stringcompare(Skin.String(WatchStatusType),Hidden)</visible>
					</control>
				</focusedlayout>
				<itemlayout condition="Container.Content(TVShows) + !Skin.HasSetting(View515HideTVBanners)" height="70" width="345">
					<control type="image">
						<posx>0</posx>
						<posy>0</posy>
						<width>345</width>
						<height>70</height>
						<aspectratio align="left" aligny="bottom">keep</aspectratio>
						<bordertexture border="5">button-nofocus.png</bordertexture>
						<bordersize>5</bordersize>
						<texture background="true">$INFO[ListItem.Art(banner)]</texture>
						<visible>!IsEmpty(ListItem.Art(banner))</visible>
					</control>
					<control type="image">
						<posx>0</posx>
						<posy>0</posy>
						<width>345</width>
						<height>71</height>
						<texture border="0,2,0,2">MenuItemNF.png</texture>
						<visible>IsEmpty(ListItem.Art(banner))</visible>
					</control>
					<control type="label">
						<posx>10</posx>
						<posy>0</posy>
						<width>340</width>
						<height>70</height>
						<font>font13</font>
						<textcolor>grey2</textcolor>
						<selectedcolor>selected</selectedcolor>
						<align>left</align>
						<aligny>center</aligny>
						<label>$VAR[MainItemLabel]</label>
						<visible>IsEmpty(ListItem.Art(banner))</visible>
					</control>
					<control type="image">
						<posx>313</posx>
						<posy>38</posy>
						<width>32</width>
						<height>32</height>
						<texture>$VAR[WatchTypePath,OverlayStatus/]</texture>
						<visible>Window.IsVisible(Videos) + !IsEmpty(ListItem.Overlay) + !ListItem.IsResumable + !stringcompare(Skin.String(WatchStatusType),Hidden)</visible>
					</control>
				</itemlayout>
				<focusedlayout condition="Container.Content(TVShows) + !Skin.HasSetting(View515HideTVBanners)" height="70" width="345">
					<control type="image">
						<posx>0</posx>
						<posy>0</posy>
						<width>345</width>
						<height>70</height>
						<aspectratio align="left" aligny="bottom">keep</aspectratio>
						<bordertexture border="5">folder-focus.png</bordertexture>
						<bordersize>5</bordersize>
						<texture background="true">$INFO[ListItem.Art(banner)]</texture>
						<visible>!IsEmpty(ListItem.Art(banner))</visible>
					</control>
					<control type="image">
						<posx>0</posx>
						<posy>0</posy>
						<width>345</width>
						<height>71</height>
						<texture border="0,2,0,2">MenuItemNF.png</texture>
						<visible>!Control.HasFocus(515) + IsEmpty(ListItem.Art(banner))</visible>
						<include>VisibleFadeEffect</include>
					</control>
					<control type="image">
						<posx>0</posx>
						<posy>0</posy>
						<width>345</width>
						<height>71</height>
						<texture border="0,2,0,2">MenuItemFO.png</texture>
						<visible>Control.HasFocus(515) + IsEmpty(ListItem.Art(banner))</visible>
						<include>VisibleFadeEffect</include>
					</control>
					<control type="label">
						<posx>10</posx>
						<posy>0</posy>
						<width>340</width>
						<height>70</height>
						<font>font13</font>
						<textcolor>white</textcolor>
						<selectedcolor>selected</selectedcolor>
						<align>left</align>
						<aligny>center</aligny>
						<label>$VAR[MainItemLabel]</label>
						<visible>IsEmpty(ListItem.Art(banner))</visible>
					</control>
					<control type="image">
						<posx>313</posx>
						<posy>38</posy>
						<width>32</width>
						<height>32</height>
						<texture>$VAR[WatchTypePath,OverlayStatus/]</texture>
						<visible>Window.IsVisible(Videos) + !IsEmpty(ListItem.Overlay) + !ListItem.IsResumable + !stringcompare(Skin.String(WatchStatusType),Hidden)</visible>
					</control>
				</focusedlayout>
			</control>
			<control type="scrollbar" id="60">
				<posx>415</posx>
				<posy>78</posy>
				<width>25</width>
				<height>560</height>
				<texturesliderbackground border="10,14,10,14">ScrollBarV.png</texturesliderbackground>
				<texturesliderbar border="10,14,10,14">ScrollBarV_bar.png</texturesliderbar>
				<texturesliderbarfocus border="10,14,10,14">ScrollBarV_bar_focus.png</texturesliderbarfocus>
				<textureslidernib>ScrollBarNib.png</textureslidernib>
				<textureslidernibfocus>ScrollBarNib.png</textureslidernibfocus>
				<onleft>515</onleft>
				<onright condition="Skin.HasSetting(DisableHomeReturnButtons)">9000</onright>
				<onright condition="!Skin.HasSetting(DisableHomeReturnButtons)">82</onright>
				<showonepage>true</showonepage>
				<orientation>vertical</orientation>
				<visible>Control.IsVisible(515)</visible>
			</control>
			<control type="group">
				<posx>470</posx>
				<posy>70</posy>
				<visible>Control.IsVisible(515) + [Container.Content(Movies)  | Container.Content(MusicVideos)]</visible>
				<control type="image">
					<posx>0</posx>
					<posy>0</posy>
					<width>750</width>
					<height>420</height>
					<aspectratio scalediffuse="false">scale</aspectratio>
					<fadetime>IconCrossfadeTime</fadetime>
					<texture diffuse="Fanart_Diffuse.png" background="true" fallback="Fanart_Fallback_Small.jpg">$INFO[ListItem.Art(fanart)]</texture>
				</control>
				<control type="image">
					<posx>10</posx>
					<posy>345</posy>
					<width>540</width>
					<height>80</height>
					<aspectratio align="left" aligny="bottom">keep</aspectratio>
					<fadetime>IconCrossfadeTime</fadetime>
					<texture background="true">$INFO[ListItem.Art(clearlogo)]</texture>
					<visible>!Skin.HasSetting(View515Hidelogo) + !IsEmpty(ListItem.Title) + !IsEmpty(ListItem.Art(clearlogo))</visible>
				</control>
				<control type="label">
					<posx>10</posx>
					<posy>395</posy>
					<width>540</width>
					<height>30</height>
					<font>font24_title</font>
					<textcolor>white</textcolor>
					<shadowcolor>black</shadowcolor>
					<align>left</align>
					<aligny>center</aligny>
					<label>$VAR[MainItemLabel]</label>
					<visible>Skin.HasSetting(View515Hidelogo) | IsEmpty(ListItem.Title) | IsEmpty(ListItem.Art(clearlogo))</visible>
				</control>
				<control type="textbox">
					<description>Description Value for Video</description>
					<posx>10</posx>
					<posy>425</posy>
					<width>540</width>
					<height>105</height>
					<font>font12</font>
					<align>justify</align>
					<textcolor>white</textcolor>
					<label>$VAR[VideoDescription]</label>
					<autoscroll time="2000" delay="3000" repeat="5000">Skin.HasSetting(AutoScroll)</autoscroll>
				</control>
				<control type="grouplist">
					<description>Media Codec Flagging Images</description>
					<posx>0</posx>
					<posy>540</posy>
					<width>540</width>
					<align>left</align>
					<itemgap>2</itemgap>
					<orientation>horizontal</orientation>
					<include>VideoMPAAFlaggingConditions</include>
					<include>VideoCodecFlaggingConditions</include>
					<include>AudioCodecFlaggingConditions</include>
					<include>AudioChannelsFlaggingConditions</include>
					<include>AspectCodecFlaggingConditions</include>
					<include>VideoTypeHackFlaggingConditions</include>
				</control>
				<control type="image">
					<posx>560</posx>
					<posy>140</posy>
					<width>180</width>
					<height>440</height>
					<aspectratio align="left" aligny="bottom">keep</aspectratio>
					<fadetime>IconCrossfadeTime</fadetime>
					<texture background="true">$VAR[PosterThumb]</texture>
					<bordertexture border="8">ThumbShadow.png</bordertexture>
					<bordersize>8</bordersize>
				</control>
			</control>
			<control type="group">
				<posx>470</posx>
				<posy>70</posy>
				<visible>Control.IsVisible(515) + Container.Content(TVShows)</visible>
				<control type="image">
					<posx>0</posx>
					<posy>0</posy>
					<width>750</width>
					<height>420</height>
					<aspectratio scalediffuse="false">scale</aspectratio>
					<fadetime>IconCrossfadeTime</fadetime>
					<texture diffuse="Fanart_Diffuse.png" background="true" fallback="Fanart_Fallback_Small.jpg">$INFO[ListItem.Art(fanart)]</texture>
				</control>
				<control type="image">
					<posx>10</posx>
					<posy>345</posy>
					<width>540</width>
					<height>80</height>
					<aspectratio align="left" aligny="bottom">keep</aspectratio>
					<fadetime>IconCrossfadeTime</fadetime>
					<texture background="true">$INFO[ListItem.Art(clearlogo)]</texture>
					<visible>!Skin.HasSetting(View515Hidelogo) + !IsEmpty(ListItem.Title) + !IsEmpty(ListItem.Art(clearlogo))</visible>
				</control>
				<control type="label">
					<posx>10</posx>
					<posy>395</posy>
					<width>540</width>
					<height>30</height>
					<font>font24_title</font>
					<textcolor>white</textcolor>
					<shadowcolor>black</shadowcolor>
					<align>left</align>
					<aligny>center</aligny>
					<label>$VAR[MainItemLabel]</label>
					<visible>Skin.HasSetting(View515Hidelogo) | IsEmpty(ListItem.Title) | IsEmpty(ListItem.Art(clearlogo))</visible>
				</control>
				<control type="textbox">
					<description>Description Value for Video</description>
					<posx>10</posx>
					<posy>425</posy>
					<width>540</width>
					<height>145</height>
					<font>font12</font>
					<align>justify</align>
					<textcolor>white</textcolor>
					<label>$VAR[VideoDescription]</label>
					<autoscroll time="2000" delay="3000" repeat="5000">Skin.HasSetting(AutoScroll)</autoscroll>
				</control>
				<control type="image">
					<posx>560</posx>
					<posy>140</posy>
					<width>180</width>
					<height>440</height>
					<aspectratio align="left" aligny="bottom">keep</aspectratio>
					<fadetime>IconCrossfadeTime</fadetime>
					<texture background="true">$VAR[PosterThumb]</texture>
					<bordertexture border="8">ThumbShadow.png</bordertexture>
					<bordersize>8</bordersize>
				</control>
			</control>
			<control type="group">
				<posx>470</posx>
				<posy>70</posy>
				<visible>Control.IsVisible(515) + Container.Content(Seasons)</visible>
				<control type="image">
					<posx>0</posx>
					<posy>0</posy>
					<width>750</width>
					<height>420</height>
					<aspectratio scalediffuse="false">scale</aspectratio>
					<fadetime>IconCrossfadeTime</fadetime>
					<texture diffuse="Fanart_Diffuse.png" background="true" fallback="Fanart_Fallback_Small.jpg">$INFO[ListItem.Art(fanart)]</texture>
					<visible>!StringCompare(ListItem.Label,..)</visible>
				</control>
				<control type="image">
					<posx>0</posx>
					<posy>0</posy>
					<width>750</width>
					<height>420</height>
					<aspectratio scalediffuse="false">scale</aspectratio>
					<fadetime>IconCrossfadeTime</fadetime>
					<texture diffuse="Fanart_Diffuse.png" background="true" fallback="Fanart_Fallback_Small.jpg">$INFO[Fanart.Image]</texture>
					<visible>StringCompare(ListItem.Label,..)</visible>
				</control>
				<control type="image">
					<posx>0</posx>
					<posy>0</posy>
					<width>750</width>
					<height>420</height>
					<aspectratio scalediffuse="false">scale</aspectratio>
					<fadetime>IconCrossfadeTime</fadetime>
					<texture diffuse="Fanart_Diffuse.png" background="true">$INFO[ListItem.Path]$INFO[ListItem.Label,,/fanart.jpg]</texture>
					<visible>Skin.HasSetting(View515SeasonArt) + SubString(ListItem.Label,$LOCALIZE[20373],Left)</visible>
				</control>
				<control type="label">
					<posx>10</posx>
					<posy>395</posy>
					<width>730</width>
					<height>30</height>
					<font>font24_title</font>
					<textcolor>white</textcolor>
					<shadowcolor>black</shadowcolor>
					<align>left</align>
					<aligny>center</aligny>
					<label>$VAR[MainItemLabel]</label>
				</control>
				<control type="textbox">
					<description>Description Value for Video</description>
					<posx>10</posx>
					<posy>425</posy>
					<width>540</width>
					<height>145</height>
					<font>font12</font>
					<align>justify</align>
					<textcolor>white</textcolor>
					<label>$INFO[Container.ShowPlot]</label>
					<autoscroll time="2000" delay="3000" repeat="5000">Skin.HasSetting(AutoScroll)</autoscroll>
				</control>
				<control type="image">
					<posx>560</posx>
					<posy>140</posy>
					<width>180</width>
					<height>440</height>
					<aspectratio align="left" aligny="bottom">keep</aspectratio>
					<fadetime>IconCrossfadeTime</fadetime>
					<texture background="true">$INFO[ListItem.Icon]</texture>
					<bordertexture border="8">ThumbShadow.png</bordertexture>
					<bordersize>8</bordersize>
				</control>
			</control>
			<control type="group">
				<posx>470</posx>
				<posy>70</posy>
				<visible>Control.IsVisible(515) + Container.Content(Episodes)</visible>
				<control type="image">
					<posx>0</posx>
					<posy>0</posy>
					<width>750</width>
					<height>420</height>
					<aspectratio scalediffuse="false">scale</aspectratio>
					<fadetime>IconCrossfadeTime</fadetime>
					<texture diffuse="Fanart_Diffuse.png" background="true" fallback="Fanart_Fallback_Small.jpg">$INFO[ListItem.Art(fanart)]</texture>
					<visible>!StringCompare(ListItem.Label,..)</visible>
				</control>
				<control type="image">
					<posx>0</posx>
					<posy>0</posy>
					<width>750</width>
					<height>420</height>
					<aspectratio scalediffuse="false">scale</aspectratio>
					<fadetime>IconCrossfadeTime</fadetime>
					<texture diffuse="Fanart_Diffuse.png" background="true" fallback="Fanart_Fallback_Small.jpg">$INFO[Fanart.Image]</texture>
					<visible>StringCompare(ListItem.Label,..)</visible>
				</control>
				<control type="image">
					<posx>0</posx>
					<posy>0</posy>
					<width>750</width>
					<height>420</height>
					<aspectratio scalediffuse="false">scale</aspectratio>
					<fadetime>IconCrossfadeTime</fadetime>
					<texture diffuse="Fanart_Diffuse.png" background="true">$INFO[ListItem.Path,,fanart.jpg]</texture>
					<visible>Skin.HasSetting(View515SeasonArt) + !StringCompare(ListItem.Label,..)</visible>
				</control>
				<control type="label">
					<posx>10</posx>
					<posy>395</posy>
					<width>400</width>
					<height>30</height>
					<font>font24_title</font>
					<textcolor>white</textcolor>
					<shadowcolor>black</shadowcolor>
					<align>left</align>
					<aligny>center</aligny>
					<label>$VAR[MainItemLabel]</label>
				</control>
				<control type="textbox">
					<description>Description Value for Video</description>
					<posx>10</posx>
					<posy>425</posy>
					<width>400</width>
					<height>105</height>
					<font>font12</font>
					<align>justify</align>
					<textcolor>white</textcolor>
					<label>$VAR[VideoDescription]</label>
					<autoscroll time="2000" delay="3000" repeat="5000">Skin.HasSetting(AutoScroll)</autoscroll>
				</control>
				<control type="grouplist">
					<description>Media Codec Flagging Images</description>
					<posx>0</posx>
					<posy>540</posy>
					<width>410</width>
					<align>left</align>
					<itemgap>2</itemgap>
					<orientation>horizontal</orientation>
					<include>VideoCodecFlaggingConditions</include>
					<include>AudioCodecFlaggingConditions</include>
					<include>AudioChannelsFlaggingConditions</include>
					<include>AspectCodecFlaggingConditions</include>
					<include>VideoTypeHackFlaggingConditions</include>
				</control>
				<control type="image">
					<posx>420</posx>
					<posy>140</posy>
					<width>330</width>
					<height>440</height>
					<aspectratio align="left" aligny="bottom">keep</aspectratio>
					<fadetime>IconCrossfadeTime</fadetime>
					<texture background="true">$INFO[ListItem.Icon]</texture>
					<bordertexture border="8">ThumbShadow.png</bordertexture>
					<visible>!Skin.HasSetting(HideEpisodeThumb) | StringCompare(ListItem.Label,..)</visible>
					<bordersize>8</bordersize>
				</control>
				<control type="image">
					<posx>420</posx>
					<posy>140</posy>
					<width>330</width>
					<height>440</height>
					<aspectratio align="left" aligny="bottom">keep</aspectratio>
					<fadetime>IconCrossfadeTime</fadetime>
					<texture background="true" fallback="Fanart_Fallback_Small.jpg">$INFO[ListItem.Property(Fanart_Image)]</texture>
					<bordertexture border="8">ThumbShadow.png</bordertexture>
					<bordersize>8</bordersize>
					<visible>Skin.HasSetting(HideEpisodeThumb) + !StringCompare(ListItem.Label,..)</visible>
				</control>
			</control>
		</control>
	</include>
	<include name="FanArtInfoPanel">
		<control type="group">
			<posx>180</posx>
			<posy>40</posy>
			<visible>Control.IsVisible(508) + ![ListItem.IsFolder + Container.Content(Movies)] + !Skin.HasSetting(View508HideInfo) + !Container.Content(Sets)</visible>
			<include>VisibleFadeEffect</include>
			<control type="image">
				<posx>0</posx>
				<posy>0</posy>
				<width>920</width>
				<height>410</height>
				<texture border="20">ContentPanel.png</texture>
			</control>
			<control type="label">
				<posx>40</posx>
				<posy>20</posy>
				<width>840</width>
				<height>20</height>
				<font>font24_title</font>
				<textcolor>blue</textcolor>
				<shadowcolor>black</shadowcolor>
				<scroll>true</scroll>
				<align>center</align>
				<aligny>center</aligny>
				<label>$VAR[MainItemLabel]</label>
			</control>
			<control type="group">
				<posx>40</posx>
				<posy>50</posy>
				<visible>Container.Content(Movies)</visible>
				<control type="label">
					<posx>0</posx>
					<posy>0</posy>
					<width>400</width>
					<height>30</height>
					<font>font13_title</font>
					<textcolor>white</textcolor>
					<shadowcolor>black</shadowcolor>
					<scroll>true</scroll>
					<align>left</align>
					<aligny>center</aligny>
					<label>31308</label>
				</control>
				<control type="fadelabel">
					<posx>0</posx>
					<posy>30</posy>
					<width>400</width>
					<height>30</height>
					<font>font13</font>
					<textcolor>white</textcolor>
					<shadowcolor>black</shadowcolor>
					<scroll>true</scroll>
					<align>left</align>
					<aligny>center</aligny>
					<label>$INFO[ListItem.Genre]</label>
					<scrollout>false</scrollout>
					<pauseatend>2000</pauseatend>
				</control>
				<control type="fadelabel">
					<posx>0</posx>
					<posy>55</posy>
					<width>400</width>
					<height>30</height>
					<font>font13</font>
					<textcolor>white</textcolor>
					<shadowcolor>black</shadowcolor>
					<scroll>true</scroll>
					<align>left</align>
					<aligny>center</aligny>
					<label>$INFO[ListItem.Year]</label>
					<scrollout>false</scrollout>
					<pauseatend>2000</pauseatend>
				</control>
				<control type="fadelabel">
					<posx>0</posx>
					<posy>80</posy>
					<width>400</width>
					<height>30</height>
					<font>font13</font>
					<textcolor>white</textcolor>
					<shadowcolor>black</shadowcolor>
					<scroll>true</scroll>
					<align>left</align>
					<aligny>center</aligny>
					<label>$INFO[ListItem.Duration,, $LOCALIZE[12391]]</label>
					<scrollout>false</scrollout>
					<pauseatend>2000</pauseatend>
				</control>
				<control type="fadelabel">
					<posx>0</posx>
					<posy>105</posy>
					<width>400</width>
					<height>30</height>
					<font>font13</font>
					<textcolor>white</textcolor>
					<shadowcolor>black</shadowcolor>
					<scroll>true</scroll>
					<align>left</align>
					<aligny>center</aligny>
					<label>$LOCALIZE[563] : $INFO[ListItem.RatingAndVotes]</label>
					<scrollout>false</scrollout>
					<pauseatend>2000</pauseatend>
				</control>
			</control>
			<control type="group">
				<posx>480</posx>
				<posy>50</posy>
				<visible>Container.Content(Movies)</visible>
				<control type="label">
					<posx>0</posx>
					<posy>0</posy>
					<width>400</width>
					<height>30</height>
					<font>font13_title</font>
					<textcolor>white</textcolor>
					<shadowcolor>black</shadowcolor>
					<scroll>true</scroll>
					<align>left</align>
					<aligny>center</aligny>
					<label>20339</label>
				</control>
				<control type="label">
					<posx>0</posx>
					<posy>30</posy>
					<width>400</width>
					<height>30</height>
					<font>font13</font>
					<textcolor>white</textcolor>
					<shadowcolor>black</shadowcolor>
					<scroll>true</scroll>
					<align>left</align>
					<aligny>center</aligny>
					<label>$INFO[ListItem.Director]</label>
				</control>
				<control type="label">
					<posx>0</posx>
					<posy>75</posy>
					<width>400</width>
					<height>30</height>
					<font>font13_title</font>
					<textcolor>white</textcolor>
					<shadowcolor>black</shadowcolor>
					<scroll>true</scroll>
					<align>left</align>
					<aligny>center</aligny>
					<label>20417</label>
				</control>
				<control type="label">
					<posx>0</posx>
					<posy>105</posy>
					<width>400</width>
					<height>30</height>
					<font>font13</font>
					<textcolor>white</textcolor>
					<shadowcolor>black</shadowcolor>
					<scroll>true</scroll>
					<align>left</align>
					<aligny>top</aligny>
					<label>$INFO[ListItem.Writer]</label>
				</control>
			</control>
			<control type="group">
				<posx>40</posx>
				<posy>50</posy>
				<visible>Container.Content(TVShows)</visible>
				<control type="label">
					<posx>0</posx>
					<posy>0</posy>
					<width>400</width>
					<height>30</height>
					<font>font13_title</font>
					<textcolor>white</textcolor>
					<shadowcolor>black</shadowcolor>
					<scroll>true</scroll>
					<align>left</align>
					<aligny>center</aligny>
					<label>20351</label>
				</control>
				<control type="fadelabel">
					<posx>0</posx>
					<posy>30</posy>
					<width>400</width>
					<height>30</height>
					<font>font13</font>
					<textcolor>white</textcolor>
					<shadowcolor>black</shadowcolor>
					<scroll>true</scroll>
					<align>left</align>
					<aligny>center</aligny>
					<label>$INFO[ListItem.Genre]</label>
					<scrollout>false</scrollout>
					<pauseatend>2000</pauseatend>
				</control>
				<control type="fadelabel">
					<posx>0</posx>
					<posy>55</posy>
					<width>400</width>
					<height>30</height>
					<font>font13</font>
					<textcolor>white</textcolor>
					<shadowcolor>black</shadowcolor>
					<scroll>true</scroll>
					<align>left</align>
					<aligny>center</aligny>
					<label>$INFO[ListItem.Year]</label>
					<scrollout>false</scrollout>
					<pauseatend>2000</pauseatend>
				</control>
				<control type="fadelabel">
					<posx>0</posx>
					<posy>80</posy>
					<width>400</width>
					<height>30</height>
					<font>font13</font>
					<textcolor>white</textcolor>
					<shadowcolor>black</shadowcolor>
					<scroll>true</scroll>
					<align>left</align>
					<aligny>center</aligny>
					<label>$LOCALIZE[563] : $INFO[ListItem.RatingAndVotes]</label>
					<scrollout>false</scrollout>
					<pauseatend>2000</pauseatend>
				</control>
			</control>
			<control type="group">
				<posx>480</posx>
				<posy>50</posy>
				<visible>Container.Content(TVShows)</visible>
				<control type="label">
					<posx>0</posx>
					<posy>0</posy>
					<width>400</width>
					<height>30</height>
					<font>font13_title</font>
					<textcolor>white</textcolor>
					<shadowcolor>black</shadowcolor>
					<scroll>true</scroll>
					<align>left</align>
					<aligny>center</aligny>
					<label>20360</label>
				</control>
				<control type="label">
					<posx>0</posx>
					<posy>30</posy>
					<width>400</width>
					<height>30</height>
					<font>font13</font>
					<textcolor>white</textcolor>
					<shadowcolor>black</shadowcolor>
					<scroll>true</scroll>
					<align>left</align>
					<aligny>center</aligny>
					<label>$LOCALIZE[20161] : $INFO[ListItem.Episode]</label>
				</control>
				<control type="label">
					<posx>0</posx>
					<posy>55</posy>
					<width>400</width>
					<height>30</height>
					<font>font13</font>
					<textcolor>white</textcolor>
					<shadowcolor>black</shadowcolor>
					<scroll>true</scroll>
					<align>left</align>
					<aligny>center</aligny>
					<label>$LOCALIZE[16102] : $INFO[ListItem.Property(WatchedEpisodes)]</label>
				</control>
				<control type="label">
					<posx>0</posx>
					<posy>80</posy>
					<width>400</width>
					<height>30</height>
					<font>font13</font>
					<textcolor>white</textcolor>
					<shadowcolor>black</shadowcolor>
					<scroll>true</scroll>
					<align>left</align>
					<aligny>center</aligny>
					<label>$LOCALIZE[16101] : $INFO[ListItem.Property(UnWatchedEpisodes)]</label>
				</control>
			</control>
			<control type="group">
				<posx>40</posx>
				<posy>200</posy>
				<control type="label">
					<posx>0</posx>
					<posy>0</posy>
					<width>400</width>
					<height>30</height>
					<font>font13_title</font>
					<textcolor>white</textcolor>
					<shadowcolor>black</shadowcolor>
					<scroll>true</scroll>
					<align>left</align>
					<aligny>center</aligny>
					<label>207</label>
				</control>
				<control type="textbox">
					<description>Description Value The Movie</description>
					<posx>0</posx>
					<posy>30</posy>
					<width>850</width>
					<height>120</height>
					<font>font12</font>
					<align>justify</align>
					<textcolor>white</textcolor>
					<label>$VAR[VideoDescription]</label>
					<autoscroll time="2000" delay="3000" repeat="5000">Skin.HasSetting(AutoScroll)</autoscroll>
				</control>
			</control>
			<control type="grouplist">
				<description>Media Codec Flagging Images</description>
				<posx>30</posx>
				<posy>360</posy>
				<width>800</width>
				<align>left</align>
				<itemgap>2</itemgap>
				<orientation>horizontal</orientation>
				<include>VideoCodecFlaggingConditions</include>
				<include>AudioCodecFlaggingConditions</include>
				<include>AudioChannelsFlaggingConditions</include>
				<include>AspectCodecFlaggingConditions</include>
				<include>VideoTypeHackFlaggingConditions</include>
			</control>
			<control type="grouplist">
				<description>MPAA Rating Flagging Images</description>
				<posx>95</posx>
				<posy>360</posy>
				<width>800</width>
				<align>right</align>
				<itemgap>0</itemgap>
				<orientation>horizontal</orientation>
				<include>VideoMPAAFlaggingConditions</include>
			</control>
		</control>
	</include>
	<include name="FullWallView">
		<control type="group">
			<visible>Control.IsVisible(732)</visible>
			<control type="image">
				<include>Dimensions_Fullscreen</include>
				<texture background="true">black-back.png</texture>
			</control>
			<control type="panel" id="732">
				<posx>29</posx>
				<posy>55</posy>
				<width>1251</width>
				<height>606</height>
				<onleft>2</onleft>
				<onright>732</onright>
				<onup>732</onup>
				<ondown>732</ondown>
				<viewtype label="31030">panel</viewtype>
				<pagecontrol>-</pagecontrol>
				<scrolltime>200</scrolltime>
				<preloaditems>200</preloaditems>
				<visible>Container.Content(Movies) | Container.Content(TVShows) | Container.Content(Sets) | Container.Content(MusicVideos)</visible>
				<itemlayout height="202" width="139">
					<control type="image">
						<posx>0</posx>
						<posy>0</posy>
						<width>139</width>
						<height>202</height>
						<bordersize>5</bordersize>
						<bordertexture border="5">button-nofocus.png</bordertexture>
						<aspectratio scalediffuse="false">scale</aspectratio>
						<include>VisibleFadeEffect</include>
						<texture background="true">$VAR[PosterThumb]</texture>
					</control>
					<control type="image">
						<posx>0</posx>
						<posy>0</posy>
						<width>139</width>
						<height>202</height>
						<bordersize>5</bordersize>
						<bordertexture border="5">button-nofocus.png</bordertexture>
						<aspectratio>stretch</aspectratio>
						<texture>black-back.png</texture>
						<colordiffuse>AAFFFFFF</colordiffuse>
						<visible>!StringCompare(ListItem.Label,..)</visible>
					</control>
					<control type="image">
						<posx>54</posx>
						<posy>5</posy>
						<width>80</width>
						<height>80</height>
						<fadetime>IconCrossfadeTime</fadetime>
						<texture>$VAR[StatusBanner,StatusBanner/,.png]</texture>
						<visible>!Skin.HasSetting(ViewStatusBanner) + !IsEmpty(ListItem.Overlay)</visible>
					</control>
					<control type="image">
						<posx>0</posx>
						<posy>0</posy>
						<width>139</width>
						<height>202</height>
						<bordersize>5</bordersize>
						<bordertexture border="5">button-nofocus.png</bordertexture>
						<aspectratio>stretch</aspectratio>
						<texture>black-back.png</texture>
						<colordiffuse>AAFFFFFF</colordiffuse>
						<visible>!StringCompare(ListItem.Label,..)</visible>
					</control>
					<control type="image">
						<posx>85</posx>
						<posy>150</posy>
						<width>50</width>
						<height>50</height>
						<aspectratio>keep</aspectratio>
						<texture>$VAR[WatchTypePath,OverlayStatus/]</texture>
						<visible>Skin.HasSetting(ViewStatusBanner) + !IsEmpty(ListItem.Overlay) + !stringcompare(Skin.String(WatchStatusType),Hidden)</visible>
					</control>
				</itemlayout>
				<focusedlayout height="205" width="142">
					<control type="group">
						<posx>0</posx>
						<posy>0</posy>
						<animation effect="slide" end="22,0" time="200" reversible="true" condition="Container.Column(0)">conditional</animation>
						<animation effect="slide" end="0,26" time="200" reversible="true" condition="Container.Row(0)">conditional</animation>
						<animation effect="slide" end="0,-26" time="200" reversible="true" condition="Container.Row(2)">conditional</animation>
						<animation effect="slide" end="-22,0" time="200" reversible="true" condition="Container.Column(8)">conditional</animation>
						<animation reversible="false" effect="zoom" end="-27,-33,185,267" time="100">focus</animation>
						<animation reversible="false" effect="zoom" start="-27,-33,185,267" time="100">unfocus</animation>
						<control type="image">
							<posx>0</posx>
							<posy>0</posy>
							<width>142</width>
							<height>205</height>
							<aspectratio scalediffuse="false">scale</aspectratio>
							<include>VisibleFadeEffect</include>
							<bordersize>8</bordersize>
							<texture background="true">$VAR[PosterThumb]</texture>
							<bordertexture border="8">ThumbBorder.png</bordertexture>
						</control>
						<control type="image">
							<posx>54</posx>
							<posy>7</posy>
							<width>80</width>
							<height>80</height>
							<fadetime>IconCrossfadeTime</fadetime>
							<texture>$VAR[StatusBanner,StatusBanner/,.png]</texture>
							<visible>!Skin.HasSetting(ViewStatusBanner) + !IsEmpty(ListItem.Overlay)</visible>
						</control>
						<control type="image">
							<posx>85</posx>
							<posy>150</posy>
							<width>50</width>
							<height>50</height>
							<aspectratio>keep</aspectratio>
							<texture>$VAR[WatchTypePath,OverlayStatus/]</texture>
							<visible>Skin.HasSetting(ViewStatusBanner) + !IsEmpty(ListItem.Overlay) + !stringcompare(Skin.String(WatchStatusType),Hidden)</visible>
						</control>
					</control>
				</focusedlayout>
			</control>
		</control>
	</include>
</includes>