<?xml version="1.0" encoding="UTF-8"?>
<addon
  id="skin.ccm.helix"
  version="3.0.12"
  name="CCM Helix"
  provider-name="Mudislander">
  <requires>
    <import addon="xbmc.gui" version="5.3.0"/>
	<import addon="script.favourites" version="6.0.1"/>
	<import addon="script.randomandlastitems" version="2.2.0"/>
  </requires>
  <extension
    point="xbmc.gui.skin"
    debugging="false"
    effectslowdown="0.75">
    <res width="1280" height="720" aspect="16:9" default="true" folder="720p" />
  </extension>
  <extension point="xbmc.addon.metadata">
    <summary lang="de">Mudislanders MOD des Confluence-Skins ursprünglich von Jezz_X.</summary>
    <summary lang="en">Mudislander's MOD of Confluence skin originally by Jezz_X.</summary>
    <summary lang="en_US">Mudislander's MOD of Confluence skin originally by Jezz_X.</summary>
    <summary lang="fr_CA">La modification par Mudislander de l'habillage Confluence de Jezz_X.</summary>
    <summary lang="lt">Mudislander'io modifikuota Confluence teminė išvaizda, kurią sukūrė Jezz_X.</summary>
    <summary lang="nl">Mudislander's MOD van de Confluence skin van origine door Jezz_X.</summary>
    <summary lang="pl">Modyfikacja skóry Confluence, oryginalnie stworzonej przez Jezz_X, autorstwa Mudislandera.</summary>
    <summary lang="pt_BR">Modificação do Mudislander da skin Confluence originalmente por Jezz_X.</summary>
    <summary lang="sv">Mudislander's MOD av Confluence temat, orginal av Jezz_X.</summary>
    <description lang="en">CCM is Mudislander's MOD of Confluence to enable a greater degree of user customisation to the default skin.</description>
    <description lang="en_US">CCM is Mudislander's MOD of Confluence to enable a greater degree of user customization to the default skin.</description>
    <description lang="fr_CA">CCM est la modification par Mudislander de Confluence pour permettre un niveau plus élevé de personnalisation par l'utilisateur de l'habillage original.</description>
    <description lang="lt">CCM yar Mudislander'io modifikuota Confluence tam, kad numatytąją teminę išvaizdą būtų galima geriau pritaikyti pagal vartotojo poreikius.</description>
    <description lang="nl">CCM is Mudislander's MOD van confluence om een grotere aanpassingsmogelijkheid te geven ten opzichten van de standaard skin.</description>
    <description lang="pl">CCM jest modyfikacją skóry Confluence autorstwa Mudislandera, której celem jest dostarczenie użytkownikom większych możliwości personalizacji w stosunku do oryginalnej skóry.</description>
    <description lang="pt_BR">CCM é uma modificação do Mudislander da Confluence para permitir um maior grau de personalização do usuário para a skin padrão.</description>
    <description lang="sv">CCM är Mudislander's MOD av Confluence för att underlätta användaranpassning av standard temat.</description>
    <disclaimer lang="be">You break it - You get to keep the pieces</disclaimer>
    <disclaimer lang="da">Du smadrer det - Du får lov at beholde stumperne</disclaimer>
    <disclaimer lang="de">Was man kaputt macht darf man behalten</disclaimer>
    <disclaimer lang="el">You break it - You get to keep the pieces</disclaimer>
    <disclaimer lang="en">You break it - You get to keep the pieces</disclaimer>
    <disclaimer lang="en_NZ">You break it - You get to keep the pieces</disclaimer>
    <disclaimer lang="en_US">You break it - You get to keep the pieces</disclaimer>
    <disclaimer lang="es">Tu lo rompes-tu tienes que guardar los trozos</disclaimer>
    <disclaimer lang="fr">Vous le cassez, vous assumez!</disclaimer>
    <disclaimer lang="fr_CA">Vous le brisez - Vous gardez les morceaux</disclaimer>
    <disclaimer lang="gl">Rompeuno - Terá que gardar as pezas</disclaimer>
    <disclaimer lang="he">אם הרסתם זאת - הפרס שלכם הוא להשאר עם התקלות</disclaimer>
    <disclaimer lang="hr">Razbite ga - I možete zadržati komadiće</disclaimer>
    <disclaimer lang="hu">Állj meg - nyisd ki a gyöngyök ládáját. </disclaimer>
    <disclaimer lang="is">Ef þú brýtur það, þá máttu halda brotunum</disclaimer>
    <disclaimer lang="it">Chi rompe... I cocci sono suoi</disclaimer>
    <disclaimer lang="lt">You break it - You get to keep the pieces</disclaimer>
    <disclaimer lang="ms">Anda leraikannya - Anda perlu kekalkan cebisannya</disclaimer>
    <disclaimer lang="nl">You break it - You get to keep the pieces</disclaimer>
    <disclaimer lang="no">Hvis du ødelegger får du beholde bitene.</disclaimer>
    <disclaimer lang="pl">Zepsułeś - Pozbieraj kawałki</disclaimer>
    <disclaimer lang="pt">Se estragar - Tem de ficar com as peças</disclaimer>
    <disclaimer lang="pt_BR">Se quebrar - Você começa a manter as peças</disclaimer>
    <disclaimer lang="ru">Сломал - сохрани обломки</disclaimer>
    <disclaimer lang="sv">Om du har sönder det - Får du behålla bitarna</disclaimer>
    <disclaimer lang="th">คุณแยกมัน - คุณต้องเก็บส่วนต่างๆไว้</disclaimer>
    <disclaimer lang="zh">自己打破的碎片自己收拾</disclaimer>
    <disclaimer lang="zh_TW">You break it - You get to keep the pieces</disclaimer>
    <platform>all</platform>
  </extension>
</addon>